STAGE_START extension-smoke-rate
/data/semigroup-h20-20260908/code-439473a/experiments/run_generator_coverage.py:227: UserWarning: Converting a tensor with requires_grad=True to a scalar may lead to unexpected behavior.
Consider using tensor.detach() first. (Triggered internally at /pytorch/torch/csrc/autograd/generated/python_variable_methods.cpp:836.)
  row = {"epoch": epoch, "train_mse": float(loss), "gradient_norm": gradient_norm,
{"cell": "midpoint-b4-L4-initial-s31415-A", "epoch": 1, "train_mse": 0.2560000419616699, "gradient_norm": 0.2746204137802124, "validation_one_step": 0.003950241991939644, "validation_rollout": 0.0929909273982048, "train_seconds": 0.38495155796408653, "elapsed_seconds": 0.4181005619466305}
{"cell": "midpoint-b4-L4-initial-s31415-A", "epoch": 2, "train_mse": 0.24303144216537476, "gradient_norm": 0.27533605694770813, "validation_one_step": 0.003643776581156999, "validation_rollout": 0.08647152781486511, "train_seconds": 0.39008327946066856, "elapsed_seconds": 0.4494123123586178}
CELL_COMPLETE midpoint-b4-L4-initial-s31415-A
{"cell": "midpoint-b4-L4-initial-s31415-B", "epoch": 1, "train_mse": 0.2884327173233032, "gradient_norm": 0.4427795708179474, "validation_one_step": 0.0036401395336724818, "validation_rollout": 0.08591531217098236, "train_seconds": 0.004708342254161835, "elapsed_seconds": 0.029464643448591232}
{"cell": "midpoint-b4-L4-initial-s31415-B", "epoch": 2, "train_mse": 0.2651955485343933, "gradient_norm": 0.32867947220802307, "validation_one_step": 0.0036242298277405403, "validation_rollout": 0.08645788580179214, "train_seconds": 0.008924603462219238, "elapsed_seconds": 0.058493632823228836}
CELL_COMPLETE midpoint-b4-L4-initial-s31415-B
{"cell": "midpoint-b4-L4-teacher-s31415-A", "epoch": 1, "train_mse": 0.2793020009994507, "gradient_norm": 0.7641150951385498, "validation_one_step": 0.003950260715403904, "validation_rollout": 0.09299137443304062, "train_seconds": 0.004769083112478256, "elapsed_seconds": 0.030360471457242966}
{"cell": "midpoint-b4-L4-teacher-s31415-A", "epoch": 2, "train_mse": 0.2472856640815735, "gradient_norm": 0.686551570892334, "validation_one_step": 0.003920647451498856, "validation_rollout": 0.0931079089641571, "train_seconds": 0.008933722972869873, "elapsed_seconds": 0.06006650999188423}
CELL_COMPLETE midpoint-b4-L4-teacher-s31415-A
{"cell": "midpoint-b4-L4-teacher-s31415-B", "epoch": 1, "train_mse": 0.41451495885849, "gradient_norm": 1.4044826030731201, "validation_one_step": 0.0037052673287689686, "validation_rollout": 0.08729290962219238, "train_seconds": 0.005093924701213837, "elapsed_seconds": 0.03007519245147705}
{"cell": "midpoint-b4-L4-teacher-s31415-B", "epoch": 2, "train_mse": 0.34374281764030457, "gradient_norm": 1.1689363718032837, "validation_one_step": 0.003850807862666746, "validation_rollout": 0.09116695076227188, "train_seconds": 0.009192340075969696, "elapsed_seconds": 0.058760397136211395}
CELL_COMPLETE midpoint-b4-L4-teacher-s31415-B
{"cell": "midpoint-b4-L4-detached-s31415-A", "epoch": 1, "train_mse": 1.3906689882278442, "gradient_norm": 1.588843584060669, "validation_one_step": 0.00395026127807796, "validation_rollout": 0.09299138188362122, "train_seconds": 0.01565808802843094, "elapsed_seconds": 0.04130757600069046}
{"cell": "midpoint-b4-L4-detached-s31415-A", "epoch": 2, "train_mse": 1.2328890562057495, "gradient_norm": 1.4071028232574463, "validation_one_step": 0.003920644773946454, "validation_rollout": 0.09310737997293472, "train_seconds": 0.029463715851306915, "elapsed_seconds": 0.0807526707649231}
CELL_COMPLETE midpoint-b4-L4-detached-s31415-A
{"cell": "midpoint-b4-L4-detached-s31415-B", "epoch": 1, "train_mse": 2.2338807582855225, "gradient_norm": 3.2292375564575195, "validation_one_step": 0.0037274936912581325, "validation_rollout": 0.08775851130485535, "train_seconds": 0.014206167310476303, "elapsed_seconds": 0.03924444317817688}
{"cell": "midpoint-b4-L4-detached-s31415-B", "epoch": 2, "train_mse": 1.7898650169372559, "gradient_norm": 2.621415615081787, "validation_one_step": 0.0038852206974600754, "validation_rollout": 0.09187404811382294, "train_seconds": 0.027750801295042038, "elapsed_seconds": 0.07757878676056862}
CELL_COMPLETE midpoint-b4-L4-detached-s31415-B
{"cell": "midpoint-b4-L4-unroll-s31415-A", "epoch": 1, "train_mse": 1.3906689882278442, "gradient_norm": 4.254517555236816, "validation_one_step": 0.003950260967637102, "validation_rollout": 0.09299136698246002, "train_seconds": 0.014764972031116486, "elapsed_seconds": 0.040361691266298294}
{"cell": "midpoint-b4-L4-unroll-s31415-A", "epoch": 2, "train_mse": 1.23288893699646, "gradient_norm": 3.7379579544067383, "validation_one_step": 0.003920647160460551, "validation_rollout": 0.09310713410377502, "train_seconds": 0.029164493083953857, "elapsed_seconds": 0.08042436093091965}
CELL_COMPLETE midpoint-b4-L4-unroll-s31415-A
{"cell": "midpoint-b4-L4-unroll-s31415-B", "epoch": 1, "train_mse": 2.2338807582855225, "gradient_norm": 9.050454139709473, "validation_one_step": 0.0037274936912581325, "validation_rollout": 0.08775851875543594, "train_seconds": 0.014674283564090729, "elapsed_seconds": 0.03968973085284233}
{"cell": "midpoint-b4-L4-unroll-s31415-B", "epoch": 2, "train_mse": 1.7898648977279663, "gradient_norm": 7.246732234954834, "validation_one_step": 0.003885119028079013, "validation_rollout": 0.09187106788158417, "train_seconds": 0.02877040207386017, "elapsed_seconds": 0.07851455360651016}
CELL_COMPLETE midpoint-b4-L4-unroll-s31415-B
STAGE_COMPLETE extension-smoke-rate
STAGE_START extension-smoke-L8
{"cell": "midpoint-b4-L8-teacher-s31415-A", "epoch": 1, "train_mse": 0.014473909512162209, "gradient_norm": 0.03846943750977516, "validation_one_step": 0.003950262151192874, "validation_rollout": 0.09299138933420181, "train_seconds": 0.004943564534187317, "elapsed_seconds": 0.030665501952171326}
{"cell": "midpoint-b4-L8-teacher-s31415-A", "epoch": 2, "train_mse": 0.012792158871889114, "gradient_norm": 0.03519608452916145, "validation_one_step": 0.0039207757023784024, "validation_rollout": 0.09311122447252274, "train_seconds": 0.009075623005628586, "elapsed_seconds": 0.06018071621656418}
CELL_COMPLETE midpoint-b4-L8-teacher-s31415-A
{"cell": "midpoint-b4-L8-teacher-s31415-B", "epoch": 1, "train_mse": 0.020802028477191925, "gradient_norm": 0.06416131556034088, "validation_one_step": 0.0037052668631076813, "validation_rollout": 0.08729289472103119, "train_seconds": 0.004672173410654068, "elapsed_seconds": 0.029487162828445435}
{"cell": "midpoint-b4-L8-teacher-s31415-B", "epoch": 2, "train_mse": 0.017502842471003532, "gradient_norm": 0.05489299073815346, "validation_one_step": 0.003824073433255156, "validation_rollout": 0.09062352776527405, "train_seconds": 0.008715536445379257, "elapsed_seconds": 0.058007195591926575}
CELL_COMPLETE midpoint-b4-L8-teacher-s31415-B
{"cell": "midpoint-b4-L8-detached-s31415-A", "epoch": 1, "train_mse": 0.14684107899665833, "gradient_norm": 0.11437082290649414, "validation_one_step": 0.003950261161662638, "validation_rollout": 0.09299137443304062, "train_seconds": 0.027552716434001923, "elapsed_seconds": 0.053230736404657364}
{"cell": "midpoint-b4-L8-detached-s31415-A", "epoch": 2, "train_mse": 0.12840524315834045, "gradient_norm": 0.10179460793733597, "validation_one_step": 0.003920804456962894, "validation_rollout": 0.09311074763536453, "train_seconds": 0.053855136036872864, "elapsed_seconds": 0.10521087422966957}
CELL_COMPLETE midpoint-b4-L8-detached-s31415-A
{"cell": "midpoint-b4-L8-detached-s31415-B", "epoch": 1, "train_mse": 0.25789591670036316, "gradient_norm": 0.23259346187114716, "validation_one_step": 0.003727494040504098, "validation_rollout": 0.08775851875543594, "train_seconds": 0.026616781949996948, "elapsed_seconds": 0.051544781774282455}
{"cell": "midpoint-b4-L8-detached-s31415-B", "epoch": 2, "train_mse": 0.1999277025461197, "gradient_norm": 0.1899254024028778, "validation_one_step": 0.0038862737516562143, "validation_rollout": 0.09189543128013611, "train_seconds": 0.05246727168560028, "elapsed_seconds": 0.10203148797154427}
CELL_COMPLETE midpoint-b4-L8-detached-s31415-B
{"cell": "midpoint-b4-L8-unroll-s31415-A", "epoch": 1, "train_mse": 0.14684107899665833, "gradient_norm": 0.5431607961654663, "validation_one_step": 0.0039502607348064584, "validation_rollout": 0.09299138188362122, "train_seconds": 0.027664411813020706, "elapsed_seconds": 0.05332837253808975}
{"cell": "midpoint-b4-L8-unroll-s31415-A", "epoch": 2, "train_mse": 0.12840521335601807, "gradient_norm": 0.47627729177474976, "validation_one_step": 0.003921078362812598, "validation_rollout": 0.09311596304178238, "train_seconds": 0.05528941750526428, "elapsed_seconds": 0.10665498301386833}
CELL_COMPLETE midpoint-b4-L8-unroll-s31415-A
{"cell": "midpoint-b4-L8-unroll-s31415-B", "epoch": 1, "train_mse": 0.25789591670036316, "gradient_norm": 1.1924275159835815, "validation_one_step": 0.003727494001698991, "validation_rollout": 0.08775851130485535, "train_seconds": 0.027746517211198807, "elapsed_seconds": 0.052776265889406204}
{"cell": "midpoint-b4-L8-unroll-s31415-B", "epoch": 2, "train_mse": 0.19992764294147491, "gradient_norm": 0.960015058517456, "validation_one_step": 0.0038854793335000672, "validation_rollout": 0.09187880158424377, "train_seconds": 0.05520283058285713, "elapsed_seconds": 0.10489661991596222}
CELL_COMPLETE midpoint-b4-L8-unroll-s31415-B
{"cell": "midpoint-b4-L8-initial_repeat-s31415-A", "epoch": 1, "train_mse": 0.008330581709742546, "gradient_norm": 0.027652550488710403, "validation_one_step": 0.0039502627138669295, "validation_rollout": 0.09299138933420181, "train_seconds": 0.005677014589309692, "elapsed_seconds": 0.031222939491271973}
{"cell": "midpoint-b4-L8-initial_repeat-s31415-A", "epoch": 2, "train_mse": 0.007252935785800219, "gradient_norm": 0.024561533704400063, "validation_one_step": 0.0039208205610824125, "validation_rollout": 0.09311114251613617, "train_seconds": 0.009899836033582687, "elapsed_seconds": 0.06088818609714508}
CELL_COMPLETE midpoint-b4-L8-initial_repeat-s31415-A
{"cell": "midpoint-b4-L8-initial_repeat-s31415-B", "epoch": 1, "train_mse": 0.0134771429002285, "gradient_norm": 0.05388006195425987, "validation_one_step": 0.003727494040504098, "validation_rollout": 0.08775851875543594, "train_seconds": 0.0048742592334747314, "elapsed_seconds": 0.029894523322582245}
{"cell": "midpoint-b4-L8-initial_repeat-s31415-B", "epoch": 2, "train_mse": 0.01078408770263195, "gradient_norm": 0.0441453717648983, "validation_one_step": 0.0038852722694476447, "validation_rollout": 0.09187541157007217, "train_seconds": 0.008987266570329666, "elapsed_seconds": 0.058667127043008804}
CELL_COMPLETE midpoint-b4-L8-initial_repeat-s31415-B
STAGE_COMPLETE extension-smoke-L8
STAGE_START long-L4
{"cell": "midpoint-b4-L4-initial-s31415-A", "epoch": 1, "train_mse": 0.0036963457241654396, "gradient_norm": 0.0038401708006858826, "validation_one_step": 0.003775804303586483, "validation_rollout": 0.08431022614240646, "train_seconds": 0.009387247264385223, "elapsed_seconds": 0.0353630855679512}
{"cell": "midpoint-b4-L4-initial-s31415-A", "epoch": 100, "train_mse": 2.9254322726046667e-05, "gradient_norm": 4.408055610838346e-05, "validation_one_step": 3.007538498422946e-05, "validation_rollout": 0.0009675036417320371, "train_seconds": 0.393573846668005, "elapsed_seconds": 0.6777190268039703}
{"cell": "midpoint-b4-L4-initial-s31415-A", "epoch": 200, "train_mse": 2.8407041099853814e-05, "gradient_norm": 1.3608512745122425e-05, "validation_one_step": 2.9491108989532222e-05, "validation_rollout": 0.0009586861706338823, "train_seconds": 0.7646939940750599, "elapsed_seconds": 1.3055805675685406}
{"cell": "midpoint-b4-L4-initial-s31415-A", "epoch": 300, "train_mse": 2.733945621002931e-05, "gradient_norm": 1.4393463970918674e-05, "validation_one_step": 2.879370094888145e-05, "validation_rollout": 0.0009296430507674813, "train_seconds": 1.1360996589064598, "elapsed_seconds": 1.9368026107549667}
{"cell": "midpoint-b4-L4-initial-s31415-A", "epoch": 400, "train_mse": 2.5871609977912158e-05, "gradient_norm": 1.5629262634320185e-05, "validation_one_step": 2.7530383628497173e-05, "validation_rollout": 0.0008823124226182699, "train_seconds": 1.5046922415494919, "elapsed_seconds": 2.566039267927408}
{"cell": "midpoint-b4-L4-initial-s31415-A", "epoch": 500, "train_mse": 2.3756016162224114e-05, "gradient_norm": 1.7484886484453455e-05, "validation_one_step": 2.5387269488419406e-05, "validation_rollout": 0.0008065275033004582, "train_seconds": 1.8798918947577477, "elapsed_seconds": 3.20359605923295}
{"cell": "midpoint-b4-L4-initial-s31415-A", "epoch": 600, "train_mse": 2.061169288936071e-05, "gradient_norm": 1.9991612134617753e-05, "validation_one_step": 2.2022721168468706e-05, "validation_rollout": 0.0006912758690305054, "train_seconds": 2.252285398542881, "elapsed_seconds": 3.8379249572753906}
{"cell": "midpoint-b4-L4-initial-s31415-A", "epoch": 700, "train_mse": 1.5958925359882414e-05, "gradient_norm": 2.2891161279403605e-05, "validation_one_step": 1.703031701557241e-05, "validation_rollout": 0.0005247712833806872, "train_seconds": 2.625617802143097, "elapsed_seconds": 4.473745804280043}
{"cell": "midpoint-b4-L4-initial-s31415-A", "epoch": 800, "train_mse": 9.751441211847123e-06, "gradient_norm": 2.4641596610308625e-05, "validation_one_step": 1.0365494366245306e-05, "validation_rollout": 0.0003107643569819629, "train_seconds": 3.0021387077867985, "elapsed_seconds": 5.1118259616196156}
{"cell": "midpoint-b4-L4-initial-s31415-A", "epoch": 900, "train_mse": 3.7428774248837726e-06, "gradient_norm": 3.409871715120971e-05, "validation_one_step": 3.9122904051206815e-06, "validation_rollout": 0.00011337057367200032, "train_seconds": 3.3721106834709644, "elapsed_seconds": 5.745306931436062}
{"cell": "midpoint-b4-L4-initial-s31415-A", "epoch": 1000, "train_mse": 7.079893293848727e-07, "gradient_norm": 1.3056238458375446e-05, "validation_one_step": 8.833679103759096e-07, "validation_rollout": 2.435371425235644e-05, "train_seconds": 3.740183550864458, "elapsed_seconds": 6.377448309212923}
{"cell": "midpoint-b4-L4-initial-s31415-A", "epoch": 1100, "train_mse": 6.826982712482277e-08, "gradient_norm": 3.3359735880367225e-06, "validation_one_step": 7.479346327462129e-08, "validation_rollout": 1.8707646631810348e-06, "train_seconds": 4.107999756932259, "elapsed_seconds": 7.009402681142092}
{"cell": "midpoint-b4-L4-initial-s31415-A", "epoch": 1200, "train_mse": 7.734655582680716e-09, "gradient_norm": 6.231323368410813e-06, "validation_one_step": 8.150435696722505e-09, "validation_rollout": 1.679166956591871e-07, "train_seconds": 4.478841550648212, "elapsed_seconds": 7.6422009617090225}
{"cell": "midpoint-b4-L4-initial-s31415-A", "epoch": 1300, "train_mse": 3.631942524506826e-09, "gradient_norm": 2.9777206123071664e-07, "validation_one_step": 2.6816995661131196e-09, "validation_rollout": 6.333304014560781e-08, "train_seconds": 4.8456165082752705, "elapsed_seconds": 8.275102775543928}
{"cell": "midpoint-b4-L4-initial-s31415-A", "epoch": 1400, "train_mse": 6.271211550057387e-09, "gradient_norm": 2.263745409436524e-05, "validation_one_step": 4.45653599208858e-09, "validation_rollout": 1.384239993740266e-07, "train_seconds": 5.212481997907162, "elapsed_seconds": 8.903321389108896}
{"cell": "midpoint-b4-L4-initial-s31415-A", "epoch": 1500, "train_mse": 3.094429379402186e-09, "gradient_norm": 1.1521568410444161e-07, "validation_one_step": 2.1091328683553456e-09, "validation_rollout": 5.824437465662413e-08, "train_seconds": 5.579036492854357, "elapsed_seconds": 9.533747483044863}
{"cell": "midpoint-b4-L4-initial-s31415-A", "epoch": 1600, "train_mse": 2.9804305690106503e-09, "gradient_norm": 2.317301550647244e-06, "validation_one_step": 2.3908497996198246e-08, "validation_rollout": 7.725441264483379e-07, "train_seconds": 5.948976740241051, "elapsed_seconds": 10.16644336283207}
{"cell": "midpoint-b4-L4-initial-s31415-A", "epoch": 1700, "train_mse": 2.796682885275459e-09, "gradient_norm": 5.73882459775632e-07, "validation_one_step": 1.9611372525929482e-09, "validation_rollout": 5.483413545448457e-08, "train_seconds": 6.315438386052847, "elapsed_seconds": 10.796151738613844}
{"cell": "midpoint-b4-L4-initial-s31415-A", "epoch": 1800, "train_mse": 4.953943921748305e-09, "gradient_norm": 1.9855635400745086e-05, "validation_one_step": 6.437345323462296e-09, "validation_rollout": 1.9133221940137446e-07, "train_seconds": 6.682418096810579, "elapsed_seconds": 11.428485732525587}
{"cell": "midpoint-b4-L4-initial-s31415-A", "epoch": 1900, "train_mse": 2.6469066938261676e-09, "gradient_norm": 3.558705884643132e-06, "validation_one_step": 2.027641776702893e-09, "validation_rollout": 5.5781043784008943e-08, "train_seconds": 7.049105517566204, "elapsed_seconds": 12.058349899947643}
{"cell": "midpoint-b4-L4-initial-s31415-A", "epoch": 2000, "train_mse": 2.480113003855422e-09, "gradient_norm": 5.4359542644988323e-08, "validation_one_step": 1.8336896815777475e-09, "validation_rollout": 5.218671716988865e-08, "train_seconds": 7.418540351092815, "elapsed_seconds": 12.695253249257803}
CELL_COMPLETE midpoint-b4-L4-initial-s31415-A
{"cell": "midpoint-b4-L4-initial-s31415-B", "epoch": 1, "train_mse": 0.004041881766170263, "gradient_norm": 0.006729782093316317, "validation_one_step": 0.003962872705111901, "validation_rollout": 0.08702918887138367, "train_seconds": 0.004332058131694794, "elapsed_seconds": 0.02955247461795807}
{"cell": "midpoint-b4-L4-initial-s31415-B", "epoch": 100, "train_mse": 2.7624813810689375e-05, "gradient_norm": 8.77118218340911e-05, "validation_one_step": 2.9183163102667702e-05, "validation_rollout": 0.000904351647477597, "train_seconds": 0.3657512292265892, "elapsed_seconds": 0.6436264663934708}
{"cell": "midpoint-b4-L4-initial-s31415-B", "epoch": 200, "train_mse": 2.647922701726202e-05, "gradient_norm": 1.550343949929811e-05, "validation_one_step": 2.797136380650045e-05, "validation_rollout": 0.0008993383962661028, "train_seconds": 0.7309623248875141, "elapsed_seconds": 1.2628886811435223}
{"cell": "midpoint-b4-L4-initial-s31415-B", "epoch": 300, "train_mse": 2.5216695576091297e-05, "gradient_norm": 1.6212239643209614e-05, "validation_one_step": 2.692971429496538e-05, "validation_rollout": 0.000858682207763195, "train_seconds": 1.1006019338965416, "elapsed_seconds": 1.8888428881764412}
{"cell": "midpoint-b4-L4-initial-s31415-B", "epoch": 400, "train_mse": 2.34821236517746e-05, "gradient_norm": 1.732114287733566e-05, "validation_one_step": 2.5338261442205596e-05, "validation_rollout": 0.0007993365288712084, "train_seconds": 1.4622937627136707, "elapsed_seconds": 2.5032570511102676}
{"cell": "midpoint-b4-L4-initial-s31415-B", "epoch": 500, "train_mse": 2.1087817003717646e-05, "gradient_norm": 1.8881395590142347e-05, "validation_one_step": 2.2904307494779157e-05, "validation_rollout": 0.0007132016471587121, "train_seconds": 1.8244587182998657, "elapsed_seconds": 3.1191809065639973}
{"cell": "midpoint-b4-L4-initial-s31415-B", "epoch": 600, "train_mse": 1.7821070287027396e-05, "gradient_norm": 2.0655234038713388e-05, "validation_one_step": 1.938945880889757e-05, "validation_rollout": 0.0005946385208517313, "train_seconds": 2.18623124063015, "elapsed_seconds": 3.734712552279234}
{"cell": "midpoint-b4-L4-initial-s31415-B", "epoch": 700, "train_mse": 1.3568598660640419e-05, "gradient_norm": 2.1991350877215154e-05, "validation_one_step": 1.476805918324923e-05, "validation_rollout": 0.0004442677309270948, "train_seconds": 2.5479825399816036, "elapsed_seconds": 4.35108944401145}
{"cell": "midpoint-b4-L4-initial-s31415-B", "epoch": 800, "train_mse": 8.59480587678263e-06, "gradient_norm": 3.0115457775536925e-05, "validation_one_step": 9.300453522579724e-06, "validation_rollout": 0.0002734972513280809, "train_seconds": 2.910325974225998, "elapsed_seconds": 4.970667712390423}
{"cell": "midpoint-b4-L4-initial-s31415-B", "epoch": 900, "train_mse": 4.027526301797479e-06, "gradient_norm": 6.610676791751757e-05, "validation_one_step": 4.2943014098758186e-06, "validation_rollout": 0.00012350096949376166, "train_seconds": 3.272889144718647, "elapsed_seconds": 5.58837678655982}
{"cell": "midpoint-b4-L4-initial-s31415-B", "epoch": 1000, "train_mse": 1.2479397355491528e-06, "gradient_norm": 3.148140604025684e-05, "validation_one_step": 1.3925807612243564e-06, "validation_rollout": 3.8061330997152254e-05, "train_seconds": 3.6537181921303272, "elapsed_seconds": 6.233379978686571}
{"cell": "midpoint-b4-L4-initial-s31415-B", "epoch": 1100, "train_mse": 2.7744013664232625e-07, "gradient_norm": 1.276250713999616e-05, "validation_one_step": 3.17053467332092e-07, "validation_rollout": 8.416497621510644e-06, "train_seconds": 4.044072136282921, "elapsed_seconds": 6.88827496021986}
{"cell": "midpoint-b4-L4-initial-s31415-B", "epoch": 1200, "train_mse": 6.513560890653025e-08, "gradient_norm": 8.429957233602181e-06, "validation_one_step": 7.276961374221476e-08, "validation_rollout": 1.9282656467112247e-06, "train_seconds": 4.4415983855724335, "elapsed_seconds": 7.54776231944561}
{"cell": "midpoint-b4-L4-initial-s31415-B", "epoch": 1300, "train_mse": 2.419887223936712e-08, "gradient_norm": 2.1016546725149965e-06, "validation_one_step": 2.5642161579260876e-08, "validation_rollout": 6.779570185244665e-07, "train_seconds": 4.827786944806576, "elapsed_seconds": 8.207445923238993}
{"cell": "midpoint-b4-L4-initial-s31415-B", "epoch": 1400, "train_mse": 1.7476411429129257e-08, "gradient_norm": 3.0899194825906307e-05, "validation_one_step": 2.1052880327943058e-08, "validation_rollout": 5.41818792498816e-07, "train_seconds": 5.223352625966072, "elapsed_seconds": 8.863024480640888}
{"cell": "midpoint-b4-L4-initial-s31415-B", "epoch": 1500, "train_mse": 8.964553543933107e-09, "gradient_norm": 7.290356620615057e-07, "validation_one_step": 8.399243967005532e-09, "validation_rollout": 1.963156961437562e-07, "train_seconds": 5.61856247112155, "elapsed_seconds": 9.522765681147575}
{"cell": "midpoint-b4-L4-initial-s31415-B", "epoch": 1600, "train_mse": 1.403222853468833e-07, "gradient_norm": 0.00017293855489697307, "validation_one_step": 3.969000446820322e-08, "validation_rollout": 1.0468152140674647e-06, "train_seconds": 6.0139212012290955, "elapsed_seconds": 10.186026457697153}
{"cell": "midpoint-b4-L4-initial-s31415-B", "epoch": 1700, "train_mse": 5.7948477127922615e-09, "gradient_norm": 1.2242219327163184e-06, "validation_one_step": 5.0859897034645956e-09, "validation_rollout": 1.0551076456977171e-07, "train_seconds": 6.399239704012871, "elapsed_seconds": 10.833339896053076}
{"cell": "midpoint-b4-L4-initial-s31415-B", "epoch": 1800, "train_mse": 2.0482417539824382e-08, "gradient_norm": 5.862491161678918e-05, "validation_one_step": 3.541568105447368e-08, "validation_rollout": 9.837636980591924e-07, "train_seconds": 6.7903865575790405, "elapsed_seconds": 11.487257525324821}
{"cell": "midpoint-b4-L4-initial-s31415-B", "epoch": 1900, "train_mse": 4.613967874433911e-09, "gradient_norm": 3.3138210255856393e-06, "validation_one_step": 3.88779793543866e-09, "validation_rollout": 7.651996725144272e-08, "train_seconds": 7.183702848851681, "elapsed_seconds": 12.140259869396687}
{"cell": "midpoint-b4-L4-initial-s31415-B", "epoch": 2000, "train_mse": 4.200589209801819e-09, "gradient_norm": 8.505339366138287e-08, "validation_one_step": 3.434336074784975e-09, "validation_rollout": 7.194528706122583e-08, "train_seconds": 7.568155325949192, "elapsed_seconds": 12.793540298938751}
CELL_COMPLETE midpoint-b4-L4-initial-s31415-B
{"cell": "midpoint-b4-L4-initial-s271828-A", "epoch": 1, "train_mse": 0.002727316226810217, "gradient_norm": 0.004204296972602606, "validation_one_step": 0.0026689981556652733, "validation_rollout": 0.06351488083600998, "train_seconds": 0.0048696622252464294, "elapsed_seconds": 0.031078357249498367}
{"cell": "midpoint-b4-L4-initial-s271828-A", "epoch": 100, "train_mse": 3.1753810617374256e-05, "gradient_norm": 1.1310013178444933e-05, "validation_one_step": 3.2390439021886173e-05, "validation_rollout": 0.0010831697145476937, "train_seconds": 0.3934161178767681, "elapsed_seconds": 0.681554090231657}
{"cell": "midpoint-b4-L4-initial-s271828-A", "epoch": 200, "train_mse": 3.123245915048756e-05, "gradient_norm": 1.012592747429153e-05, "validation_one_step": 3.1725781506490115e-05, "validation_rollout": 0.0010695288656279445, "train_seconds": 0.7913313023746014, "elapsed_seconds": 1.3384591117501259}
{"cell": "midpoint-b4-L4-initial-s271828-A", "epoch": 300, "train_mse": 3.0430668630287983e-05, "gradient_norm": 1.1061767509090714e-05, "validation_one_step": 3.0830098694423214e-05, "validation_rollout": 0.0010390706593170762, "train_seconds": 1.1943964660167694, "elapsed_seconds": 2.0015011727809906}
{"cell": "midpoint-b4-L4-initial-s271828-A", "epoch": 400, "train_mse": 2.922657768067438e-05, "gradient_norm": 1.2426704415702261e-05, "validation_one_step": 2.953253821639616e-05, "validation_rollout": 0.0009939329465851188, "train_seconds": 1.5914619080722332, "elapsed_seconds": 2.658732384443283}
{"cell": "midpoint-b4-L4-initial-s271828-A", "epoch": 500, "train_mse": 2.734623194555752e-05, "gradient_norm": 1.4550386367773172e-05, "validation_one_step": 2.7577790281914833e-05, "validation_rollout": 0.0009244604734703898, "train_seconds": 1.985926665365696, "elapsed_seconds": 3.3157392889261246}
{"cell": "midpoint-b4-L4-initial-s271828-A", "epoch": 600, "train_mse": 2.4165638023987412e-05, "gradient_norm": 1.810408321034629e-05, "validation_one_step": 2.4336423696998583e-05, "validation_rollout": 0.0008089937036857009, "train_seconds": 2.3816210217773914, "elapsed_seconds": 3.977556686848402}
{"cell": "midpoint-b4-L4-initial-s271828-A", "epoch": 700, "train_mse": 1.8297883798368275e-05, "gradient_norm": 2.3588785552419722e-05, "validation_one_step": 1.837342400297833e-05, "validation_rollout": 0.00060161022702232, "train_seconds": 2.770404949784279, "elapsed_seconds": 4.636127449572086}
{"cell": "midpoint-b4-L4-initial-s271828-A", "epoch": 800, "train_mse": 8.588012860855088e-06, "gradient_norm": 2.584082176326774e-05, "validation_one_step": 8.529205047125288e-06, "validation_rollout": 0.00027349169249646366, "train_seconds": 3.1716553680598736, "elapsed_seconds": 5.305027697235346}
{"cell": "midpoint-b4-L4-initial-s271828-A", "epoch": 900, "train_mse": 1.253017899216502e-06, "gradient_norm": 1.7111136912717484e-05, "validation_one_step": 1.1927239711440052e-06, "validation_rollout": 3.9272916183108464e-05, "train_seconds": 3.601560562849045, "elapsed_seconds": 6.01009202003479}
{"cell": "midpoint-b4-L4-initial-s271828-A", "epoch": 1000, "train_mse": 9.449330207189632e-08, "gradient_norm": 2.639373860802152e-06, "validation_one_step": 8.165341647270452e-08, "validation_rollout": 2.9446036933222786e-06, "train_seconds": 4.017988529056311, "elapsed_seconds": 6.690459154546261}
{"cell": "midpoint-b4-L4-initial-s271828-A", "epoch": 1100, "train_mse": 5.8920075929336235e-08, "gradient_norm": 4.612154953065328e-06, "validation_one_step": 5.601124897225418e-08, "validation_rollout": 1.5438529317179928e-06, "train_seconds": 4.427603431046009, "elapsed_seconds": 7.362792577594519}
{"cell": "midpoint-b4-L4-initial-s271828-A", "epoch": 1200, "train_mse": 5.6959457594985e-08, "gradient_norm": 2.9508356647056644e-07, "validation_one_step": 5.5074228733076325e-08, "validation_rollout": 1.4624700952481362e-06, "train_seconds": 4.835943419486284, "elapsed_seconds": 8.036191698163748}
{"cell": "midpoint-b4-L4-initial-s271828-A", "epoch": 1300, "train_mse": 7.68401591244583e-08, "gradient_norm": 5.50538461538963e-05, "validation_one_step": 9.216390258378245e-08, "validation_rollout": 2.5365291094203712e-06, "train_seconds": 5.245285350829363, "elapsed_seconds": 8.710785120725632}
{"cell": "midpoint-b4-L4-initial-s271828-A", "epoch": 1400, "train_mse": 5.4154220663349406e-08, "gradient_norm": 1.2174988341939752e-06, "validation_one_step": 5.2821684507856993e-08, "validation_rollout": 1.3934795788372867e-06, "train_seconds": 5.654298756271601, "elapsed_seconds": 9.384003441780806}
{"cell": "midpoint-b4-L4-initial-s271828-A", "epoch": 1500, "train_mse": 5.263750679773693e-08, "gradient_norm": 2.875284508263576e-07, "validation_one_step": 5.152185966750267e-08, "validation_rollout": 1.356015786768694e-06, "train_seconds": 6.065853014588356, "elapsed_seconds": 10.062831297516823}
{"cell": "midpoint-b4-L4-initial-s271828-A", "epoch": 1600, "train_mse": 5.194829810761803e-08, "gradient_norm": 1.0210455911874305e-05, "validation_one_step": 5.033889838301775e-08, "validation_rollout": 1.3149264077583211e-06, "train_seconds": 6.475651271641254, "elapsed_seconds": 10.736853327602148}
{"cell": "midpoint-b4-L4-initial-s271828-A", "epoch": 1700, "train_mse": 4.9659998779816306e-08, "gradient_norm": 2.4622394789730606e-07, "validation_one_step": 4.888295931001115e-08, "validation_rollout": 1.2827499631384853e-06, "train_seconds": 6.885203812271357, "elapsed_seconds": 11.415422040969133}
{"cell": "midpoint-b4-L4-initial-s271828-A", "epoch": 1800, "train_mse": 6.098045446378819e-08, "gradient_norm": 4.272045771358535e-05, "validation_one_step": 5.196637194633998e-08, "validation_rollout": 1.4144055739961914e-06, "train_seconds": 7.295874994248152, "elapsed_seconds": 12.092871107161045}
{"cell": "midpoint-b4-L4-initial-s271828-A", "epoch": 1900, "train_mse": 4.662099684082932e-08, "gradient_norm": 3.5771370221482357e-07, "validation_one_step": 4.610218370023252e-08, "validation_rollout": 1.2063678695994895e-06, "train_seconds": 7.705614231526852, "elapsed_seconds": 12.770377978682518}
{"cell": "midpoint-b4-L4-initial-s271828-A", "epoch": 2000, "train_mse": 4.573103140614876e-08, "gradient_norm": 1.0171004760195501e-05, "validation_one_step": 4.647959883641306e-08, "validation_rollout": 1.2399445949995425e-06, "train_seconds": 8.115835793316364, "elapsed_seconds": 13.450368504971266}
CELL_COMPLETE midpoint-b4-L4-initial-s271828-A
{"cell": "midpoint-b4-L4-initial-s271828-B", "epoch": 1, "train_mse": 0.00274876831099391, "gradient_norm": 0.004268002696335316, "validation_one_step": 0.0026454341132193804, "validation_rollout": 0.06220141053199768, "train_seconds": 0.005327776074409485, "elapsed_seconds": 0.030385740101337433}
{"cell": "midpoint-b4-L4-initial-s271828-B", "epoch": 100, "train_mse": 3.1592397135682404e-05, "gradient_norm": 9.95633854472544e-06, "validation_one_step": 3.2265120656423583e-05, "validation_rollout": 0.001089451601728797, "train_seconds": 0.4118869751691818, "elapsed_seconds": 0.6885581463575363}
{"cell": "midpoint-b4-L4-initial-s271828-B", "epoch": 200, "train_mse": 3.10704781441018e-05, "gradient_norm": 1.018561943055829e-05, "validation_one_step": 3.1636945550417295e-05, "validation_rollout": 0.001075084088370204, "train_seconds": 0.8546484000980854, "elapsed_seconds": 1.4031670577824116}
{"cell": "midpoint-b4-L4-initial-s271828-B", "epoch": 300, "train_mse": 3.026618651347235e-05, "gradient_norm": 1.1106680176453665e-05, "validation_one_step": 3.0743493198315264e-05, "validation_rollout": 0.0010441950289532542, "train_seconds": 1.2705187760293484, "elapsed_seconds": 2.087870240211487}
{"cell": "midpoint-b4-L4-initial-s271828-B", "epoch": 400, "train_mse": 2.905880865000654e-05, "gradient_norm": 1.2461011465347838e-05, "validation_one_step": 2.9449739334571252e-05, "validation_rollout": 0.0009984239004552364, "train_seconds": 1.6767673790454865, "elapsed_seconds": 2.7496887370944023}
{"cell": "midpoint-b4-L4-initial-s271828-B", "epoch": 500, "train_mse": 2.7179918106412515e-05, "gradient_norm": 1.4560053386958316e-05, "validation_one_step": 2.7501166717532517e-05, "validation_rollout": 0.0009281829698011279, "train_seconds": 2.0826715752482414, "elapsed_seconds": 3.4126163609325886}
{"cell": "midpoint-b4-L4-initial-s271828-B", "epoch": 600, "train_mse": 2.4028953703236766e-05, "gradient_norm": 1.8039065253105946e-05, "validation_one_step": 2.4280076559080044e-05, "validation_rollout": 0.0008125285385176539, "train_seconds": 2.4880321845412254, "elapsed_seconds": 4.07440746948123}
{"cell": "midpoint-b4-L4-initial-s271828-B", "epoch": 700, "train_mse": 1.8296817870577797e-05, "gradient_norm": 2.3353553842753172e-05, "validation_one_step": 1.842771697132169e-05, "validation_rollout": 0.0006081521860323846, "train_seconds": 2.8920310363173485, "elapsed_seconds": 4.735863246023655}
{"cell": "midpoint-b4-L4-initial-s271828-B", "epoch": 800, "train_mse": 8.892326150089502e-06, "gradient_norm": 2.5700146579765715e-05, "validation_one_step": 8.857382757317586e-06, "validation_rollout": 0.0002876532089430839, "train_seconds": 3.2957653030753136, "elapsed_seconds": 5.3971160762012005}
{"cell": "midpoint-b4-L4-initial-s271828-B", "epoch": 900, "train_mse": 1.4793154150538612e-06, "gradient_norm": 1.59752817125991e-05, "validation_one_step": 1.4167245723228916e-06, "validation_rollout": 4.782590258400887e-05, "train_seconds": 3.7016603276133537, "elapsed_seconds": 6.060215450823307}
{"cell": "midpoint-b4-L4-initial-s271828-B", "epoch": 1000, "train_mse": 1.2240377600392094e-07, "gradient_norm": 3.122886027995264e-06, "validation_one_step": 1.0960724002491891e-07, "validation_rollout": 4.286022885935381e-06, "train_seconds": 4.105874415487051, "elapsed_seconds": 6.722973328083754}
{"cell": "midpoint-b4-L4-initial-s271828-B", "epoch": 1100, "train_mse": 7.830566062239086e-08, "gradient_norm": 4.817442095372826e-05, "validation_one_step": 7.470188082929023e-08, "validation_rollout": 2.2468784663942643e-06, "train_seconds": 4.510648857802153, "elapsed_seconds": 7.386479713022709}
{"cell": "midpoint-b4-L4-initial-s271828-B", "epoch": 1200, "train_mse": 6.2291235281009e-08, "gradient_norm": 4.7466676278418163e-07, "validation_one_step": 6.22825459354696e-08, "validation_rollout": 1.8399816781311529e-06, "train_seconds": 4.917111203074455, "elapsed_seconds": 8.053066097199917}
{"cell": "midpoint-b4-L4-initial-s271828-B", "epoch": 1300, "train_mse": 6.032259136645735e-08, "gradient_norm": 2.87754517103167e-07, "validation_one_step": 6.055497614454453e-08, "validation_rollout": 1.778665591700701e-06, "train_seconds": 5.323450904339552, "elapsed_seconds": 8.719271585345268}
{"cell": "midpoint-b4-L4-initial-s271828-B", "epoch": 1400, "train_mse": 6.233736371541454e-08, "gradient_norm": 2.5201714379363693e-05, "validation_one_step": 6.069736476395822e-08, "validation_rollout": 1.8072648799716262e-06, "train_seconds": 5.732144895941019, "elapsed_seconds": 9.384854640811682}
{"cell": "midpoint-b4-L4-initial-s271828-B", "epoch": 1500, "train_mse": 5.730544572202234e-08, "gradient_norm": 3.2039611141954083e-07, "validation_one_step": 5.767963055329043e-08, "validation_rollout": 1.6865996030901442e-06, "train_seconds": 6.136862281709909, "elapsed_seconds": 10.050769310444593}
{"cell": "midpoint-b4-L4-initial-s271828-B", "epoch": 1600, "train_mse": 5.560779214874856e-08, "gradient_norm": 1.1518558267198387e-06, "validation_one_step": 5.6079277518013747e-08, "validation_rollout": 1.6393456689911545e-06, "train_seconds": 6.541928991675377, "elapsed_seconds": 10.717004846781492}
{"cell": "midpoint-b4-L4-initial-s271828-B", "epoch": 1700, "train_mse": 5.4534048388177325e-08, "gradient_norm": 6.821548595326021e-06, "validation_one_step": 5.5610572739321164e-08, "validation_rollout": 1.6343760762538295e-06, "train_seconds": 6.947308670729399, "elapsed_seconds": 11.380682572722435}
{"cell": "midpoint-b4-L4-initial-s271828-B", "epoch": 1800, "train_mse": 5.2532950434169834e-08, "gradient_norm": 2.6253567853018467e-07, "validation_one_step": 5.3026417035084705e-08, "validation_rollout": 1.5373732367152115e-06, "train_seconds": 7.352235674858093, "elapsed_seconds": 12.048104550689459}
{"cell": "midpoint-b4-L4-initial-s271828-B", "epoch": 1900, "train_mse": 6.651854533856749e-08, "gradient_norm": 5.469840107252821e-05, "validation_one_step": 8.414769621841363e-08, "validation_rollout": 2.5349656880280236e-06, "train_seconds": 7.7573964558541775, "elapsed_seconds": 12.716036818921566}
{"cell": "midpoint-b4-L4-initial-s271828-B", "epoch": 2000, "train_mse": 4.9475005425847485e-08, "gradient_norm": 3.7167785649216967e-06, "validation_one_step": 5.022761229156458e-08, "validation_rollout": 1.453963591302454e-06, "train_seconds": 8.163671892136335, "elapsed_seconds": 13.382687818259}
CELL_COMPLETE midpoint-b4-L4-initial-s271828-B
{"cell": "midpoint-b4-L4-initial-s161803-A", "epoch": 1, "train_mse": 0.003861753735691309, "gradient_norm": 0.005072855856269598, "validation_one_step": 0.003659693718266984, "validation_rollout": 0.08209095895290375, "train_seconds": 0.0053283944725990295, "elapsed_seconds": 0.03104018047451973}
{"cell": "midpoint-b4-L4-initial-s161803-A", "epoch": 100, "train_mse": 2.9775550501653925e-05, "gradient_norm": 2.198697802668903e-05, "validation_one_step": 2.9109005633169243e-05, "validation_rollout": 0.0010103341192007065, "train_seconds": 0.41574180498719215, "elapsed_seconds": 0.6995876841247082}
{"cell": "midpoint-b4-L4-initial-s161803-A", "epoch": 200, "train_mse": 2.8999944333918393e-05, "gradient_norm": 1.4634980288974475e-05, "validation_one_step": 2.8283914010292694e-05, "validation_rollout": 0.0009708440047688782, "train_seconds": 0.8332059308886528, "elapsed_seconds": 1.3772749118506908}
{"cell": "midpoint-b4-L4-initial-s161803-A", "epoch": 300, "train_mse": 2.7964577384409495e-05, "gradient_norm": 1.5526396964560263e-05, "validation_one_step": 2.7159234074739896e-05, "validation_rollout": 0.0009344388963654637, "train_seconds": 1.2439457513391972, "elapsed_seconds": 2.04860383272171}
{"cell": "midpoint-b4-L4-initial-s161803-A", "epoch": 400, "train_mse": 2.655402204254642e-05, "gradient_norm": 1.680615241639316e-05, "validation_one_step": 2.571666830893567e-05, "validation_rollout": 0.0008836245397105813, "train_seconds": 1.6549955196678638, "elapsed_seconds": 2.721293870359659}
{"cell": "midpoint-b4-L4-initial-s161803-A", "epoch": 500, "train_mse": 2.4602912162663415e-05, "gradient_norm": 1.8491311493562534e-05, "validation_one_step": 2.378771629688951e-05, "validation_rollout": 0.0008128863992169499, "train_seconds": 2.067110937088728, "elapsed_seconds": 3.395991235971451}
{"cell": "midpoint-b4-L4-initial-s161803-A", "epoch": 600, "train_mse": 2.1905518224230036e-05, "gradient_norm": 2.0456314814509824e-05, "validation_one_step": 2.1150252829708432e-05, "validation_rollout": 0.0007161190151236951, "train_seconds": 2.4789055101573467, "elapsed_seconds": 4.070536348968744}
{"cell": "midpoint-b4-L4-initial-s161803-A", "epoch": 700, "train_mse": 1.8224758605356328e-05, "gradient_norm": 2.2432252080761828e-05, "validation_one_step": 1.7564117266980855e-05, "validation_rollout": 0.0005867720465175807, "train_seconds": 2.892030317336321, "elapsed_seconds": 4.750148624181747}
{"cell": "midpoint-b4-L4-initial-s161803-A", "epoch": 800, "train_mse": 1.3398725968727376e-05, "gradient_norm": 2.377597411395982e-05, "validation_one_step": 1.2876785414543216e-05, "validation_rollout": 0.00042201613541692495, "train_seconds": 3.306328423321247, "elapsed_seconds": 5.429070394486189}
{"cell": "midpoint-b4-L4-initial-s161803-A", "epoch": 900, "train_mse": 7.764512702124193e-06, "gradient_norm": 2.4032053261180408e-05, "validation_one_step": 7.419213128893413e-06, "validation_rollout": 0.00023894380137789994, "train_seconds": 3.717338904738426, "elapsed_seconds": 6.103758253157139}
{"cell": "midpoint-b4-L4-initial-s161803-A", "epoch": 1000, "train_mse": 2.894964381994214e-06, "gradient_norm": 1.7482516341260634e-05, "validation_one_step": 2.743175249027748e-06, "validation_rollout": 8.492806227877736e-05, "train_seconds": 4.128280825912952, "elapsed_seconds": 6.779537741094828}
{"cell": "midpoint-b4-L4-initial-s161803-A", "epoch": 1100, "train_mse": 5.771849487246072e-07, "gradient_norm": 2.0725517970276996e-05, "validation_one_step": 5.363027687129337e-07, "validation_rollout": 1.6112186131067574e-05, "train_seconds": 4.540519665926695, "elapsed_seconds": 7.456915929913521}
{"cell": "midpoint-b4-L4-initial-s161803-A", "epoch": 1200, "train_mse": 6.257791085317876e-08, "gradient_norm": 3.1329141165770125e-06, "validation_one_step": 5.54984166771059e-08, "validation_rollout": 1.6154881450347602e-06, "train_seconds": 4.954009175300598, "elapsed_seconds": 8.136777188628912}
{"cell": "midpoint-b4-L4-initial-s161803-A", "epoch": 1300, "train_mse": 1.548522732264246e-08, "gradient_norm": 3.6158297007204965e-05, "validation_one_step": 1.4808473262443536e-08, "validation_rollout": 5.002498255635146e-07, "train_seconds": 5.366110287606716, "elapsed_seconds": 8.81336835771799}
{"cell": "midpoint-b4-L4-initial-s161803-A", "epoch": 1400, "train_mse": 3.3392275611277e-09, "gradient_norm": 3.087155562297994e-07, "validation_one_step": 3.141340373010356e-09, "validation_rollout": 8.343238278030185e-08, "train_seconds": 5.778356552124023, "elapsed_seconds": 9.492668960243464}
{"cell": "midpoint-b4-L4-initial-s161803-A", "epoch": 1500, "train_mse": 3.0693230179679176e-09, "gradient_norm": 6.915757211345408e-08, "validation_one_step": 3.058235923762235e-09, "validation_rollout": 8.228143144606292e-08, "train_seconds": 6.190656706690788, "elapsed_seconds": 10.171644784510136}
{"cell": "midpoint-b4-L4-initial-s161803-A", "epoch": 1600, "train_mse": 3.4084086664165625e-09, "gradient_norm": 7.67942128732102e-06, "validation_one_step": 3.0162600565356947e-09, "validation_rollout": 7.958311698530451e-08, "train_seconds": 6.60418501496315, "elapsed_seconds": 10.849765714257956}
{"cell": "midpoint-b4-L4-initial-s161803-A", "epoch": 1700, "train_mse": 2.9762188269444323e-09, "gradient_norm": 8.782880200897125e-08, "validation_one_step": 3.0010145479764105e-09, "validation_rollout": 8.027991782455501e-08, "train_seconds": 7.016478929668665, "elapsed_seconds": 11.529005728662014}
{"cell": "midpoint-b4-L4-initial-s161803-A", "epoch": 1800, "train_mse": 2.9198639062144593e-09, "gradient_norm": 5.598618812996392e-08, "validation_one_step": 2.9525394721711487e-09, "validation_rollout": 7.864064599516496e-08, "train_seconds": 7.4312369003891945, "elapsed_seconds": 12.212842483073473}
{"cell": "midpoint-b4-L4-initial-s161803-A", "epoch": 1900, "train_mse": 1.9546352092447705e-08, "gradient_norm": 5.202510510571301e-05, "validation_one_step": 1.751199207866705e-08, "validation_rollout": 4.924114591631223e-07, "train_seconds": 7.844917707145214, "elapsed_seconds": 12.892665449529886}
{"cell": "midpoint-b4-L4-initial-s161803-A", "epoch": 2000, "train_mse": 2.8574134169900844e-09, "gradient_norm": 1.7142984631846048e-07, "validation_one_step": 2.8865912993225606e-09, "validation_rollout": 7.587982508994173e-08, "train_seconds": 8.25695476680994, "elapsed_seconds": 13.572228230535984}
CELL_COMPLETE midpoint-b4-L4-initial-s161803-A
{"cell": "midpoint-b4-L4-initial-s161803-B", "epoch": 1, "train_mse": 0.003845175262540579, "gradient_norm": 0.004964078310877085, "validation_one_step": 0.0036440299979100623, "validation_rollout": 0.08247502148151398, "train_seconds": 0.00528562068939209, "elapsed_seconds": 0.03033069148659706}
{"cell": "midpoint-b4-L4-initial-s161803-B", "epoch": 100, "train_mse": 2.9696930141653866e-05, "gradient_norm": 1.9905519366147928e-05, "validation_one_step": 2.908821291687976e-05, "validation_rollout": 0.0010106231784448028, "train_seconds": 0.40780315548181534, "elapsed_seconds": 0.6877581886947155}
{"cell": "midpoint-b4-L4-initial-s161803-B", "epoch": 200, "train_mse": 2.8843092877650633e-05, "gradient_norm": 1.4950279364711605e-05, "validation_one_step": 2.813986263087524e-05, "validation_rollout": 0.0009704047115519643, "train_seconds": 0.8145467638969421, "elapsed_seconds": 1.3472328670322895}
{"cell": "midpoint-b4-L4-initial-s161803-B", "epoch": 300, "train_mse": 2.7780210075434297e-05, "gradient_norm": 1.5650290151825175e-05, "validation_one_step": 2.697766096086222e-05, "validation_rollout": 0.0009332014597021043, "train_seconds": 1.220825482159853, "elapsed_seconds": 2.0076879411935806}
{"cell": "midpoint-b4-L4-initial-s161803-B", "epoch": 400, "train_mse": 2.634323936945293e-05, "gradient_norm": 1.6906669770833105e-05, "validation_one_step": 2.552076868293322e-05, "validation_rollout": 0.0008802498341538012, "train_seconds": 1.626886636018753, "elapsed_seconds": 2.6699364632368088}
{"cell": "midpoint-b4-L4-initial-s161803-B", "epoch": 500, "train_mse": 2.4362780095543712e-05, "gradient_norm": 1.8599434042698704e-05, "validation_one_step": 2.355426492310168e-05, "validation_rollout": 0.0008071250049397349, "train_seconds": 2.033688895404339, "elapsed_seconds": 3.3334934562444687}
{"cell": "midpoint-b4-L4-initial-s161803-B", "epoch": 600, "train_mse": 2.166933518310543e-05, "gradient_norm": 2.0420002329046838e-05, "validation_one_step": 2.09330240371249e-05, "validation_rollout": 0.0007094737375155091, "train_seconds": 2.438506331294775, "elapsed_seconds": 3.9943550750613213}
{"cell": "midpoint-b4-L4-initial-s161803-B", "epoch": 700, "train_mse": 1.804056955734268e-05, "gradient_norm": 2.2264350263867527e-05, "validation_one_step": 1.7400466504113865e-05, "validation_rollout": 0.0005808693822473288, "train_seconds": 2.844798754900694, "elapsed_seconds": 4.664078898727894}
{"cell": "midpoint-b4-L4-initial-s161803-B", "epoch": 800, "train_mse": 1.3346001651370898e-05, "gradient_norm": 2.351395960431546e-05, "validation_one_step": 1.2843328249800834e-05, "validation_rollout": 0.0004197142261546105, "train_seconds": 3.2528869546949863, "elapsed_seconds": 5.330468565225601}
{"cell": "midpoint-b4-L4-initial-s161803-B", "epoch": 900, "train_mse": 7.927030310383998e-06, "gradient_norm": 2.283921276102774e-05, "validation_one_step": 7.603290517484614e-06, "validation_rollout": 0.0002415315539110452, "train_seconds": 3.662391409277916, "elapsed_seconds": 6.007760684937239}
{"cell": "midpoint-b4-L4-initial-s161803-B", "epoch": 1000, "train_mse": 3.264146471337881e-06, "gradient_norm": 0.0001452224241802469, "validation_one_step": 3.030037959206311e-06, "validation_rollout": 9.300269448431209e-05, "train_seconds": 4.068147204816341, "elapsed_seconds": 6.674804534763098}
{"cell": "midpoint-b4-L4-initial-s161803-B", "epoch": 1100, "train_mse": 7.119238034647424e-07, "gradient_norm": 1.1583765626710374e-05, "validation_one_step": 6.678670511443366e-07, "validation_rollout": 1.9811601305264048e-05, "train_seconds": 4.477660141885281, "elapsed_seconds": 7.344112910330296}
{"cell": "midpoint-b4-L4-initial-s161803-B", "epoch": 1200, "train_mse": 1.0035117270490446e-07, "gradient_norm": 3.695054147101473e-06, "validation_one_step": 9.172640128933078e-08, "validation_rollout": 2.6302946025680285e-06, "train_seconds": 4.883831135928631, "elapsed_seconds": 8.01172075048089}
{"cell": "midpoint-b4-L4-initial-s161803-B", "epoch": 1300, "train_mse": 1.8374436194790178e-08, "gradient_norm": 1.077396291293553e-06, "validation_one_step": 1.6712086233402108e-08, "validation_rollout": 4.805384037354088e-07, "train_seconds": 5.288617011159658, "elapsed_seconds": 8.67725095152855}
{"cell": "midpoint-b4-L4-initial-s161803-B", "epoch": 1400, "train_mse": 1.3674115173500923e-08, "gradient_norm": 2.5836663553491235e-05, "validation_one_step": 1.1193200440591985e-08, "validation_rollout": 3.337869429742568e-07, "train_seconds": 5.6954495795071125, "elapsed_seconds": 9.342816643416882}
{"cell": "midpoint-b4-L4-initial-s161803-B", "epoch": 1500, "train_mse": 9.411778023604711e-09, "gradient_norm": 1.43993247547769e-07, "validation_one_step": 9.22540296007431e-09, "validation_rollout": 2.5945192305698583e-07, "train_seconds": 6.101937886327505, "elapsed_seconds": 10.011132374405861}
{"cell": "midpoint-b4-L4-initial-s161803-B", "epoch": 1600, "train_mse": 4.113474005862372e-07, "gradient_norm": 0.00030850028269924223, "validation_one_step": 7.884734287699757e-07, "validation_rollout": 2.1755735360784456e-05, "train_seconds": 6.507793888449669, "elapsed_seconds": 10.678538531064987}
{"cell": "midpoint-b4-L4-initial-s161803-B", "epoch": 1700, "train_mse": 8.145671692716405e-09, "gradient_norm": 5.15991132488125e-06, "validation_one_step": 7.993301280132906e-09, "validation_rollout": 2.0444829829102673e-07, "train_seconds": 6.913149245083332, "elapsed_seconds": 11.34354531019926}
{"cell": "midpoint-b4-L4-initial-s161803-B", "epoch": 1800, "train_mse": 7.658920608832887e-09, "gradient_norm": 9.244990906154271e-08, "validation_one_step": 7.597833029393541e-09, "validation_rollout": 1.9363348258139013e-07, "train_seconds": 7.3186160661280155, "elapsed_seconds": 12.012538775801659}
{"cell": "midpoint-b4-L4-initial-s161803-B", "epoch": 1900, "train_mse": 7.63900587230637e-09, "gradient_norm": 8.382910891668871e-06, "validation_one_step": 7.688694939981625e-09, "validation_rollout": 2.0086994823032e-07, "train_seconds": 7.725973583757877, "elapsed_seconds": 12.683444246649742}
{"cell": "midpoint-b4-L4-initial-s161803-B", "epoch": 2000, "train_mse": 7.283667446955633e-09, "gradient_norm": 8.66811205924023e-06, "validation_one_step": 7.428952712255447e-09, "validation_rollout": 1.7570272348166327e-07, "train_seconds": 8.131458353251219, "elapsed_seconds": 13.349331721663475}
CELL_COMPLETE midpoint-b4-L4-initial-s161803-B
{"cell": "midpoint-b4-L4-teacher-s31415-A", "epoch": 1, "train_mse": 0.004994864109903574, "gradient_norm": 0.005635496228933334, "validation_one_step": 0.0037758174973229566, "validation_rollout": 0.08431021869182587, "train_seconds": 0.005322802811861038, "elapsed_seconds": 0.030978552997112274}
{"cell": "midpoint-b4-L4-teacher-s31415-A", "epoch": 100, "train_mse": 5.1538587285904214e-05, "gradient_norm": 4.2984687752323225e-05, "validation_one_step": 5.0377019761072006e-05, "validation_rollout": 0.0012633170699700713, "train_seconds": 0.4180038757622242, "elapsed_seconds": 0.7014078982174397}
{"cell": "midpoint-b4-L4-teacher-s31415-A", "epoch": 200, "train_mse": 4.971241287421435e-05, "gradient_norm": 2.4438897526124492e-05, "validation_one_step": 4.799256627544916e-05, "validation_rollout": 0.0012045959010720253, "train_seconds": 0.8383282721042633, "elapsed_seconds": 1.3783530965447426}
{"cell": "midpoint-b4-L4-teacher-s31415-A", "epoch": 300, "train_mse": 4.7134628403000534e-05, "gradient_norm": 2.675122959772125e-05, "validation_one_step": 4.5501203809787207e-05, "validation_rollout": 0.0011402333620935678, "train_seconds": 1.2570010125637054, "elapsed_seconds": 2.053330887109041}
{"cell": "midpoint-b4-L4-teacher-s31415-A", "epoch": 400, "train_mse": 4.315809201216325e-05, "gradient_norm": 3.0474568120553158e-05, "validation_one_step": 4.170076014512839e-05, "validation_rollout": 0.0010419865138828754, "train_seconds": 1.6738634780049324, "elapsed_seconds": 2.7285317555069923}
{"cell": "midpoint-b4-L4-teacher-s31415-A", "epoch": 500, "train_mse": 3.683031536638737e-05, "gradient_norm": 3.565824226825498e-05, "validation_one_step": 3.567509080918777e-05, "validation_rollout": 0.0008868004661053419, "train_seconds": 2.1080048754811287, "elapsed_seconds": 3.4317557625472546}
{"cell": "midpoint-b4-L4-teacher-s31415-A", "epoch": 600, "train_mse": 2.692025555006694e-05, "gradient_norm": 4.1241572034778073e-05, "validation_one_step": 2.6200980149345316e-05, "validation_rollout": 0.0006451959488913417, "train_seconds": 2.5331095345318317, "elapsed_seconds": 4.126142982393503}
{"cell": "midpoint-b4-L4-teacher-s31415-A", "epoch": 700, "train_mse": 1.3858601960237138e-05, "gradient_norm": 4.301371882320382e-05, "validation_one_step": 1.3502309911928023e-05, "validation_rollout": 0.0003265457635279745, "train_seconds": 2.9632495418190956, "elapsed_seconds": 4.824464991688728}
{"cell": "midpoint-b4-L4-teacher-s31415-A", "epoch": 800, "train_mse": 4.081946826772764e-06, "gradient_norm": 0.00026981395785696805, "validation_one_step": 3.821377049462171e-06, "validation_rollout": 9.161262278212234e-05, "train_seconds": 3.3888866752386093, "elapsed_seconds": 5.524772070348263}
{"cell": "midpoint-b4-L4-teacher-s31415-A", "epoch": 900, "train_mse": 3.830460855169804e-07, "gradient_norm": 1.0170782843488269e-05, "validation_one_step": 4.052062188009131e-07, "validation_rollout": 9.094957022171002e-06, "train_seconds": 3.817473918199539, "elapsed_seconds": 6.222186326980591}
{"cell": "midpoint-b4-L4-teacher-s31415-A", "epoch": 1000, "train_mse": 4.2952375878257953e-08, "gradient_norm": 4.3862772145075724e-05, "validation_one_step": 4.01646665556162e-08, "validation_rollout": 8.85090344127093e-07, "train_seconds": 4.243784699589014, "elapsed_seconds": 6.919610574841499}
{"cell": "midpoint-b4-L4-teacher-s31415-A", "epoch": 1100, "train_mse": 1.1486817719230658e-08, "gradient_norm": 5.71263512938458e-07, "validation_one_step": 6.6722823377496354e-09, "validation_rollout": 1.1429247592786851e-07, "train_seconds": 4.67162661999464, "elapsed_seconds": 7.620903585106134}
{"cell": "midpoint-b4-L4-teacher-s31415-A", "epoch": 1200, "train_mse": 4.528540102910483e-07, "gradient_norm": 0.00026283710030838847, "validation_one_step": 3.8571340373512914e-07, "validation_rollout": 1.2321364920353517e-05, "train_seconds": 5.097213983535767, "elapsed_seconds": 8.315941493958235}
{"cell": "midpoint-b4-L4-teacher-s31415-A", "epoch": 1300, "train_mse": 9.499228958986805e-09, "gradient_norm": 9.947777925845003e-07, "validation_one_step": 3.8081532556984614e-09, "validation_rollout": 6.815563580175876e-08, "train_seconds": 5.521823190152645, "elapsed_seconds": 9.013368051499128}
{"cell": "midpoint-b4-L4-teacher-s31415-A", "epoch": 1400, "train_mse": 9.001532852437322e-09, "gradient_norm": 1.2858498621426406e-07, "validation_one_step": 3.5138238615080772e-09, "validation_rollout": 6.332217594717804e-08, "train_seconds": 5.950644973665476, "elapsed_seconds": 9.712755993008614}
{"cell": "midpoint-b4-L4-teacher-s31415-A", "epoch": 1500, "train_mse": 1.2329712362202372e-08, "gradient_norm": 2.420396231173072e-05, "validation_one_step": 4.089095987739692e-09, "validation_rollout": 8.32621083191043e-08, "train_seconds": 6.3752770237624645, "elapsed_seconds": 10.408474307507277}
{"cell": "midpoint-b4-L4-teacher-s31415-A", "epoch": 1600, "train_mse": 8.250967908907114e-09, "gradient_norm": 1.5632471672688553e-07, "validation_one_step": 3.212597780392438e-09, "validation_rollout": 5.8216699017066276e-08, "train_seconds": 6.80393124371767, "elapsed_seconds": 11.107518289238214}
{"cell": "midpoint-b4-L4-teacher-s31415-A", "epoch": 1700, "train_mse": 7.99486876701394e-09, "gradient_norm": 6.560529755006428e-07, "validation_one_step": 3.0987394502209518e-09, "validation_rollout": 5.669593150514629e-08, "train_seconds": 7.230047382414341, "elapsed_seconds": 11.806920271366835}
{"cell": "midpoint-b4-L4-teacher-s31415-A", "epoch": 1800, "train_mse": 7.71660602083557e-09, "gradient_norm": 5.489737304742448e-07, "validation_one_step": 3.4885388281817122e-09, "validation_rollout": 6.519469764043606e-08, "train_seconds": 7.6620128601789474, "elapsed_seconds": 12.507205311208963}
{"cell": "midpoint-b4-L4-teacher-s31415-A", "epoch": 1900, "train_mse": 7.534135981757117e-09, "gradient_norm": 9.583398963286527e-08, "validation_one_step": 2.9808314335374084e-09, "validation_rollout": 5.51917054281148e-08, "train_seconds": 8.093300081789494, "elapsed_seconds": 13.207463432103395}
{"cell": "midpoint-b4-L4-teacher-s31415-A", "epoch": 2000, "train_mse": 2.017045730440259e-08, "gradient_norm": 4.4440723286243156e-05, "validation_one_step": 3.4290929503318544e-08, "validation_rollout": 1.004663204184908e-06, "train_seconds": 8.542199309915304, "elapsed_seconds": 13.9650938808918}
CELL_COMPLETE midpoint-b4-L4-teacher-s31415-A
{"cell": "midpoint-b4-L4-teacher-s31415-B", "epoch": 1, "train_mse": 0.0052046999335289, "gradient_norm": 0.0066923946142196655, "validation_one_step": 0.003950310366538663, "validation_rollout": 0.08663780987262726, "train_seconds": 0.005425944924354553, "elapsed_seconds": 0.030399229377508163}
{"cell": "midpoint-b4-L4-teacher-s31415-B", "epoch": 100, "train_mse": 4.963210813002661e-05, "gradient_norm": 7.33434280846268e-05, "validation_one_step": 5.020456562003043e-05, "validation_rollout": 0.0012294421903789043, "train_seconds": 0.41444874182343483, "elapsed_seconds": 0.69865782558918}
{"cell": "midpoint-b4-L4-teacher-s31415-B", "epoch": 200, "train_mse": 4.7171204641927034e-05, "gradient_norm": 2.7004951334674843e-05, "validation_one_step": 4.621732235439898e-05, "validation_rollout": 0.0011330466950312257, "train_seconds": 0.8338981196284294, "elapsed_seconds": 1.3681033588945866}
{"cell": "midpoint-b4-L4-teacher-s31415-B", "epoch": 300, "train_mse": 4.4108397560194135e-05, "gradient_norm": 2.8094631488784216e-05, "validation_one_step": 4.3373941177075416e-05, "validation_rollout": 0.0010531115112826228, "train_seconds": 1.2497015334665775, "elapsed_seconds": 2.0354394540190697}
{"cell": "midpoint-b4-L4-teacher-s31415-B", "epoch": 400, "train_mse": 3.995524093625136e-05, "gradient_norm": 3.062537143705413e-05, "validation_one_step": 3.953113809984643e-05, "validation_rollout": 0.0009478629217483103, "train_seconds": 1.6632960923016071, "elapsed_seconds": 2.704749997705221}
{"cell": "midpoint-b4-L4-teacher-s31415-B", "epoch": 500, "train_mse": 3.394520899746567e-05, "gradient_norm": 3.4373984817648306e-05, "validation_one_step": 3.391586202875866e-05, "validation_rollout": 0.0008007209980860353, "train_seconds": 2.0774303041398525, "elapsed_seconds": 3.3772356174886227}
{"cell": "midpoint-b4-L4-teacher-s31415-B", "epoch": 600, "train_mse": 2.534410305088386e-05, "gradient_norm": 3.809899862972088e-05, "validation_one_step": 2.5656971577821725e-05, "validation_rollout": 0.0005946187884546816, "train_seconds": 2.4909496903419495, "elapsed_seconds": 4.048595525324345}
{"cell": "midpoint-b4-L4-teacher-s31415-B", "epoch": 700, "train_mse": 1.4534531146637164e-05, "gradient_norm": 3.801381171797402e-05, "validation_one_step": 1.499556416699003e-05, "validation_rollout": 0.00034006749046966434, "train_seconds": 2.908631134778261, "elapsed_seconds": 4.726812168955803}
{"cell": "midpoint-b4-L4-teacher-s31415-B", "epoch": 800, "train_mse": 5.207060894463211e-06, "gradient_norm": 2.8568165362230502e-05, "validation_one_step": 5.549875064995528e-06, "validation_rollout": 0.00012378468818496913, "train_seconds": 3.3220050409436226, "elapsed_seconds": 5.4001412354409695}
{"cell": "midpoint-b4-L4-teacher-s31415-B", "epoch": 900, "train_mse": 1.08765448203485e-06, "gradient_norm": 1.4006326637172606e-05, "validation_one_step": 1.221903289660986e-06, "validation_rollout": 2.865554779418744e-05, "train_seconds": 3.734974045306444, "elapsed_seconds": 6.072822410613298}
{"cell": "midpoint-b4-L4-teacher-s31415-B", "epoch": 1000, "train_mse": 2.2566541701962706e-07, "gradient_norm": 1.3526019756682217e-05, "validation_one_step": 2.4944409441710985e-07, "validation_rollout": 7.357789854722796e-06, "train_seconds": 4.1500211879611015, "elapsed_seconds": 6.7481995187699795}
{"cell": "midpoint-b4-L4-teacher-s31415-B", "epoch": 1100, "train_mse": 7.871848595186748e-08, "gradient_norm": 1.8629880287335254e-06, "validation_one_step": 7.944703384055174e-08, "validation_rollout": 3.014862613781588e-06, "train_seconds": 4.566174332052469, "elapsed_seconds": 7.425454195588827}
{"cell": "midpoint-b4-L4-teacher-s31415-B", "epoch": 1200, "train_mse": 1.090113300961093e-06, "gradient_norm": 0.0004810862010344863, "validation_one_step": 1.068596655310709e-06, "validation_rollout": 3.124410432064906e-05, "train_seconds": 4.980919428169727, "elapsed_seconds": 8.103228963911533}
{"cell": "midpoint-b4-L4-teacher-s31415-B", "epoch": 1300, "train_mse": 2.104464336127876e-08, "gradient_norm": 1.1039007858926198e-06, "validation_one_step": 1.8772713753871056e-08, "validation_rollout": 7.471621756849345e-07, "train_seconds": 5.393695242702961, "elapsed_seconds": 8.776524152606726}
{"cell": "midpoint-b4-L4-teacher-s31415-B", "epoch": 1400, "train_mse": 1.3107605667528333e-08, "gradient_norm": 4.060933349592233e-07, "validation_one_step": 1.0628843435019538e-08, "validation_rollout": 4.045570278776722e-07, "train_seconds": 5.807146426290274, "elapsed_seconds": 9.455938391387463}
{"cell": "midpoint-b4-L4-teacher-s31415-B", "epoch": 1500, "train_mse": 1.1289548851323161e-08, "gradient_norm": 1.813359085645061e-05, "validation_one_step": 7.695402167347728e-09, "validation_rollout": 2.612539162782923e-07, "train_seconds": 6.221897702664137, "elapsed_seconds": 10.131936118006706}
{"cell": "midpoint-b4-L4-teacher-s31415-B", "epoch": 1600, "train_mse": 7.92331356080922e-09, "gradient_norm": 2.0243450649104489e-07, "validation_one_step": 5.308968709094586e-09, "validation_rollout": 1.7541650265684439e-07, "train_seconds": 6.634792696684599, "elapsed_seconds": 10.808032181113958}
{"cell": "midpoint-b4-L4-teacher-s31415-B", "epoch": 1700, "train_mse": 4.4775302399102657e-07, "gradient_norm": 0.00031048955861479044, "validation_one_step": 1.3807943517463173e-06, "validation_rollout": 3.896579073625617e-05, "train_seconds": 7.050109971314669, "elapsed_seconds": 11.486309800297022}
{"cell": "midpoint-b4-L4-teacher-s31415-B", "epoch": 1800, "train_mse": 6.6276553134514415e-09, "gradient_norm": 2.964462282761815e-06, "validation_one_step": 3.868265596729259e-09, "validation_rollout": 1.1484910089620826e-07, "train_seconds": 7.466382510960102, "elapsed_seconds": 12.16778326779604}
{"cell": "midpoint-b4-L4-teacher-s31415-B", "epoch": 1900, "train_mse": 6.286666298649379e-09, "gradient_norm": 8.260425232720081e-08, "validation_one_step": 3.483482095371452e-09, "validation_rollout": 9.835693504101073e-08, "train_seconds": 7.884033750742674, "elapsed_seconds": 12.85126632079482}
{"cell": "midpoint-b4-L4-teacher-s31415-B", "epoch": 2000, "train_mse": 2.7532802704399728e-08, "gradient_norm": 6.783942808397114e-05, "validation_one_step": 1.0560274136632112e-08, "validation_rollout": 3.0762038250031765e-07, "train_seconds": 8.301412303000689, "elapsed_seconds": 13.530496008694172}
CELL_COMPLETE midpoint-b4-L4-teacher-s31415-B
{"cell": "midpoint-b4-L4-teacher-s271828-A", "epoch": 1, "train_mse": 0.0029951126780360937, "gradient_norm": 0.006181810516864061, "validation_one_step": 0.0026690041510543474, "validation_rollout": 0.0635150671005249, "train_seconds": 0.005435742437839508, "elapsed_seconds": 0.031201127916574478}
{"cell": "midpoint-b4-L4-teacher-s271828-A", "epoch": 100, "train_mse": 4.544326657196507e-05, "gradient_norm": 4.108155189896934e-05, "validation_one_step": 5.333319040801143e-05, "validation_rollout": 0.0013371523236855865, "train_seconds": 0.42050091177225113, "elapsed_seconds": 0.7054024115204811}
{"cell": "midpoint-b4-L4-teacher-s271828-A", "epoch": 200, "train_mse": 4.375740172690712e-05, "gradient_norm": 1.9531604266376235e-05, "validation_one_step": 4.9817412976456886e-05, "validation_rollout": 0.001259076176211238, "train_seconds": 0.8372965827584267, "elapsed_seconds": 1.3805129788815975}
{"cell": "midpoint-b4-L4-teacher-s271828-A", "epoch": 300, "train_mse": 4.099027864867821e-05, "gradient_norm": 2.1566758732660674e-05, "validation_one_step": 4.682694301057685e-05, "validation_rollout": 0.0011882995022460818, "train_seconds": 1.2543891668319702, "elapsed_seconds": 2.0561278834939003}
{"cell": "midpoint-b4-L4-teacher-s271828-A", "epoch": 400, "train_mse": 3.665479744086042e-05, "gradient_norm": 2.3817225155653432e-05, "validation_one_step": 4.210420562837195e-05, "validation_rollout": 0.001079243142157793, "train_seconds": 1.6717418432235718, "elapsed_seconds": 2.733561497181654}
{"cell": "midpoint-b4-L4-teacher-s271828-A", "epoch": 500, "train_mse": 2.9952843760838732e-05, "gradient_norm": 2.7720850994228385e-05, "validation_one_step": 3.4543976956532184e-05, "validation_rollout": 0.0009014362003654242, "train_seconds": 2.0895673781633377, "elapsed_seconds": 3.414384789764881}
{"cell": "midpoint-b4-L4-teacher-s271828-A", "epoch": 600, "train_mse": 1.8235874449601397e-05, "gradient_norm": 3.459536674199626e-05, "validation_one_step": 2.0825277260883013e-05, "validation_rollout": 0.0005448632291518152, "train_seconds": 2.506804145872593, "elapsed_seconds": 4.0952396132051945}
{"cell": "midpoint-b4-L4-teacher-s271828-A", "epoch": 700, "train_mse": 4.181547410553321e-06, "gradient_norm": 2.586298796813935e-05, "validation_one_step": 4.482134424203347e-06, "validation_rollout": 0.00011498119420139119, "train_seconds": 2.9259197935462, "elapsed_seconds": 4.779730159789324}
{"cell": "midpoint-b4-L4-teacher-s271828-A", "epoch": 800, "train_mse": 2.1284986928549188e-07, "gradient_norm": 6.152685273264069e-06, "validation_one_step": 1.5288113293839464e-07, "validation_rollout": 3.829848992609186e-06, "train_seconds": 3.343956459313631, "elapsed_seconds": 5.463076293468475}
{"cell": "midpoint-b4-L4-teacher-s271828-A", "epoch": 900, "train_mse": 5.4604779364808564e-08, "gradient_norm": 7.264881674018397e-07, "validation_one_step": 5.6414749316502366e-08, "validation_rollout": 1.265315518139687e-06, "train_seconds": 3.761194594204426, "elapsed_seconds": 6.144155595451593}
{"cell": "midpoint-b4-L4-teacher-s271828-A", "epoch": 1000, "train_mse": 5.179578721481448e-08, "gradient_norm": 2.976393602693861e-07, "validation_one_step": 6.216729175889668e-08, "validation_rollout": 1.3977652315588784e-06, "train_seconds": 4.177700500935316, "elapsed_seconds": 6.822028286755085}
{"cell": "midpoint-b4-L4-teacher-s271828-A", "epoch": 1100, "train_mse": 5.041774642222663e-08, "gradient_norm": 2.8172266297588067e-07, "validation_one_step": 6.118635997864885e-08, "validation_rollout": 1.3752226095675724e-06, "train_seconds": 4.596133396029472, "elapsed_seconds": 7.502450030297041}
{"cell": "midpoint-b4-L4-teacher-s271828-A", "epoch": 1200, "train_mse": 4.9009582170356225e-08, "gradient_norm": 2.753630496954429e-07, "validation_one_step": 5.962333382569796e-08, "validation_rollout": 1.3391788797889603e-06, "train_seconds": 5.011946976184845, "elapsed_seconds": 8.180923845618963}
{"cell": "midpoint-b4-L4-teacher-s271828-A", "epoch": 1300, "train_mse": 4.7574161499142065e-08, "gradient_norm": 2.687349365260161e-07, "validation_one_step": 5.80004850074071e-08, "validation_rollout": 1.3018765230299323e-06, "train_seconds": 5.431445762515068, "elapsed_seconds": 8.86386813595891}
{"cell": "midpoint-b4-L4-teacher-s271828-A", "epoch": 1400, "train_mse": 4.611784731878288e-08, "gradient_norm": 2.6255210627823544e-07, "validation_one_step": 5.6347955042686713e-08, "validation_rollout": 1.2638274711207487e-06, "train_seconds": 5.849690422415733, "elapsed_seconds": 9.545730661600828}
{"cell": "midpoint-b4-L4-teacher-s271828-A", "epoch": 1500, "train_mse": 4.4644671959304105e-08, "gradient_norm": 2.5483194576736423e-07, "validation_one_step": 5.467227026656474e-08, "validation_rollout": 1.225535015692003e-06, "train_seconds": 6.26865616440773, "elapsed_seconds": 10.230871349573135}
{"cell": "midpoint-b4-L4-teacher-s271828-A", "epoch": 1600, "train_mse": 4.316021673389514e-08, "gradient_norm": 2.4706349677217077e-07, "validation_one_step": 5.297964496738435e-08, "validation_rollout": 1.1869713034684537e-06, "train_seconds": 6.686946287751198, "elapsed_seconds": 10.913879323750734}
{"cell": "midpoint-b4-L4-teacher-s271828-A", "epoch": 1700, "train_mse": 4.167112876984902e-08, "gradient_norm": 2.413747779428377e-07, "validation_one_step": 5.127508047782688e-08, "validation_rollout": 1.148176579590654e-06, "train_seconds": 7.105336710810661, "elapsed_seconds": 11.59975090995431}
{"cell": "midpoint-b4-L4-teacher-s271828-A", "epoch": 1800, "train_mse": 4.017881849449623e-08, "gradient_norm": 2.3425940298693604e-07, "validation_one_step": 4.9563775306182833e-08, "validation_rollout": 1.1093736702605383e-06, "train_seconds": 7.522317413240671, "elapsed_seconds": 12.28753174841404}
{"cell": "midpoint-b4-L4-teacher-s271828-A", "epoch": 1900, "train_mse": 3.8689467629637875e-08, "gradient_norm": 2.2711134306518943e-07, "validation_one_step": 4.784793894430095e-08, "validation_rollout": 1.0706244211178273e-06, "train_seconds": 7.940204598009586, "elapsed_seconds": 12.976330608129501}
{"cell": "midpoint-b4-L4-teacher-s271828-A", "epoch": 2000, "train_mse": 3.720477437241243e-08, "gradient_norm": 2.220724582002731e-07, "validation_one_step": 4.6133066848123384e-08, "validation_rollout": 1.031956571750925e-06, "train_seconds": 8.358304049819708, "elapsed_seconds": 13.66631868109107}
CELL_COMPLETE midpoint-b4-L4-teacher-s271828-A
{"cell": "midpoint-b4-L4-teacher-s271828-B", "epoch": 1, "train_mse": 0.002908893395215273, "gradient_norm": 0.005753486882895231, "validation_one_step": 0.0028776771020299443, "validation_rollout": 0.06828363984823227, "train_seconds": 0.00535980612039566, "elapsed_seconds": 0.03071555122733116}
{"cell": "midpoint-b4-L4-teacher-s271828-B", "epoch": 100, "train_mse": 4.400081161293201e-05, "gradient_norm": 2.6347324819653295e-05, "validation_one_step": 5.2350360116785545e-05, "validation_rollout": 0.0012924454640597105, "train_seconds": 0.41397907212376595, "elapsed_seconds": 0.6918410956859589}
{"cell": "midpoint-b4-L4-teacher-s271828-B", "epoch": 200, "train_mse": 4.163344419794157e-05, "gradient_norm": 2.045872861344833e-05, "validation_one_step": 4.9234288477843315e-05, "validation_rollout": 0.0012195529416203499, "train_seconds": 0.826584704220295, "elapsed_seconds": 1.3558477684855461}
{"cell": "midpoint-b4-L4-teacher-s271828-B", "epoch": 300, "train_mse": 3.8409092667279765e-05, "gradient_norm": 1.969549703062512e-05, "validation_one_step": 4.672513720530939e-05, "validation_rollout": 0.0011575291864573956, "train_seconds": 1.2390785217285156, "elapsed_seconds": 2.020354550331831}
{"cell": "midpoint-b4-L4-teacher-s271828-B", "epoch": 400, "train_mse": 3.5183293221052736e-05, "gradient_norm": 1.7918497178470716e-05, "validation_one_step": 4.4214306096061286e-05, "validation_rollout": 0.0011012115282937884, "train_seconds": 1.652620229870081, "elapsed_seconds": 2.6874688304960728}
{"cell": "midpoint-b4-L4-teacher-s271828-B", "epoch": 500, "train_mse": 3.162360371788964e-05, "gradient_norm": 1.9983297534054145e-05, "validation_one_step": 4.038105847333403e-05, "validation_rollout": 0.0010091401636600494, "train_seconds": 2.066874422132969, "elapsed_seconds": 3.3581701926887035}
{"cell": "midpoint-b4-L4-teacher-s271828-B", "epoch": 600, "train_mse": 2.5455472496105358e-05, "gradient_norm": 2.6297986551071517e-05, "validation_one_step": 3.258880542489351e-05, "validation_rollout": 0.0008076142985373735, "train_seconds": 2.4791137278079987, "elapsed_seconds": 4.029089920222759}
{"cell": "midpoint-b4-L4-teacher-s271828-B", "epoch": 700, "train_mse": 1.425150730938185e-05, "gradient_norm": 3.174746234435588e-05, "validation_one_step": 1.8227596910946886e-05, "validation_rollout": 0.00044487652485258877, "train_seconds": 2.892042599618435, "elapsed_seconds": 4.700178798288107}
{"cell": "midpoint-b4-L4-teacher-s271828-B", "epoch": 800, "train_mse": 3.0052815418457612e-06, "gradient_norm": 2.0852339730481617e-05, "validation_one_step": 3.882268401866895e-06, "validation_rollout": 9.15459604584612e-05, "train_seconds": 3.3055931627750397, "elapsed_seconds": 5.372755896300077}
{"cell": "midpoint-b4-L4-teacher-s271828-B", "epoch": 900, "train_mse": 2.981291231662908e-07, "gradient_norm": 5.354862423700979e-06, "validation_one_step": 4.0384113475511185e-07, "validation_rollout": 1.0255578672513366e-05, "train_seconds": 3.718816891312599, "elapsed_seconds": 6.045828655362129}
{"cell": "midpoint-b4-L4-teacher-s271828-B", "epoch": 1000, "train_mse": 1.244335692263121e-07, "gradient_norm": 1.6121501857924159e-06, "validation_one_step": 1.7405148729684092e-07, "validation_rollout": 5.011978828406427e-06, "train_seconds": 4.131944138556719, "elapsed_seconds": 6.721624106168747}
{"cell": "midpoint-b4-L4-teacher-s271828-B", "epoch": 1100, "train_mse": 8.476720836370077e-08, "gradient_norm": 1.0146634394914145e-06, "validation_one_step": 1.217081061118582e-07, "validation_rollout": 3.384642695891671e-06, "train_seconds": 4.545318402349949, "elapsed_seconds": 7.395792488008738}
{"cell": "midpoint-b4-L4-teacher-s271828-B", "epoch": 1200, "train_mse": 6.487672976618342e-08, "gradient_norm": 7.031533755252894e-07, "validation_one_step": 9.31651958543019e-08, "validation_rollout": 2.4468272386002354e-06, "train_seconds": 4.959078453481197, "elapsed_seconds": 8.070337511599064}
{"cell": "midpoint-b4-L4-teacher-s271828-B", "epoch": 1300, "train_mse": 5.4862304921243776e-08, "gradient_norm": 5.017880084778881e-07, "validation_one_step": 7.733093809747515e-08, "validation_rollout": 1.9362821603863267e-06, "train_seconds": 5.372538086026907, "elapsed_seconds": 8.745667085051537}
{"cell": "midpoint-b4-L4-teacher-s271828-B", "epoch": 1400, "train_mse": 4.945194120864471e-08, "gradient_norm": 3.884952377575246e-07, "validation_one_step": 6.812546201236576e-08, "validation_rollout": 1.6558868765059742e-06, "train_seconds": 5.786217335611582, "elapsed_seconds": 9.421346239745617}
{"cell": "midpoint-b4-L4-teacher-s271828-B", "epoch": 1500, "train_mse": 4.599125347226618e-08, "gradient_norm": 3.237769874431251e-07, "validation_one_step": 6.218064108054477e-08, "validation_rollout": 1.4890849797666306e-06, "train_seconds": 6.199884712696075, "elapsed_seconds": 10.097900126129389}
{"cell": "midpoint-b4-L4-teacher-s271828-B", "epoch": 1600, "train_mse": 4.3386343406837113e-08, "gradient_norm": 2.1675552943634102e-06, "validation_one_step": 5.813409427920154e-08, "validation_rollout": 1.3616478327094228e-06, "train_seconds": 6.613392900675535, "elapsed_seconds": 10.776796571910381}
{"cell": "midpoint-b4-L4-teacher-s271828-B", "epoch": 1700, "train_mse": 4.13819307709673e-08, "gradient_norm": 4.207590336591238e-06, "validation_one_step": 5.443377659730686e-08, "validation_rollout": 1.3232712490207632e-06, "train_seconds": 7.027051877230406, "elapsed_seconds": 11.451207350939512}
{"cell": "midpoint-b4-L4-teacher-s271828-B", "epoch": 1800, "train_mse": 3.9357171743859e-08, "gradient_norm": 8.093991823443503e-07, "validation_one_step": 5.172063192541524e-08, "validation_rollout": 1.2401512776705204e-06, "train_seconds": 7.442777894437313, "elapsed_seconds": 12.130582749843597}
{"cell": "midpoint-b4-L4-teacher-s271828-B", "epoch": 1900, "train_mse": 3.803003778557468e-08, "gradient_norm": 6.249922080314718e-06, "validation_one_step": 4.956465933976991e-08, "validation_rollout": 1.236740217791521e-06, "train_seconds": 7.8563033528625965, "elapsed_seconds": 12.808552414178848}
{"cell": "midpoint-b4-L4-teacher-s271828-B", "epoch": 2000, "train_mse": 3.6227682187472965e-08, "gradient_norm": 2.6716816137195565e-07, "validation_one_step": 4.728944732098247e-08, "validation_rollout": 1.1302579423499992e-06, "train_seconds": 8.269050739705563, "elapsed_seconds": 13.48645668849349}
CELL_COMPLETE midpoint-b4-L4-teacher-s271828-B
{"cell": "midpoint-b4-L4-teacher-s161803-A", "epoch": 1, "train_mse": 0.005371357314288616, "gradient_norm": 0.0075862593948841095, "validation_one_step": 0.0036596946495895586, "validation_rollout": 0.08209095895290375, "train_seconds": 0.0054240040481090546, "elapsed_seconds": 0.031230416148900986}
{"cell": "midpoint-b4-L4-teacher-s161803-A", "epoch": 100, "train_mse": 5.797455014544539e-05, "gradient_norm": 4.106690903427079e-05, "validation_one_step": 3.8322362039859094e-05, "validation_rollout": 0.0010279130656272173, "train_seconds": 0.41962750256061554, "elapsed_seconds": 0.7039973363280296}
{"cell": "midpoint-b4-L4-teacher-s161803-A", "epoch": 200, "train_mse": 5.597124618361704e-05, "gradient_norm": 2.9765875297016464e-05, "validation_one_step": 3.812843048460005e-05, "validation_rollout": 0.0010096740443259478, "train_seconds": 0.8376123160123825, "elapsed_seconds": 1.379447117447853}
{"cell": "midpoint-b4-L4-teacher-s161803-A", "epoch": 300, "train_mse": 5.2850180509267375e-05, "gradient_norm": 3.3003663702402264e-05, "validation_one_step": 3.59629181427105e-05, "validation_rollout": 0.0009506139904260635, "train_seconds": 1.2553116977214813, "elapsed_seconds": 2.0551059022545815}
{"cell": "midpoint-b4-L4-teacher-s161803-A", "epoch": 400, "train_mse": 4.813202394871041e-05, "gradient_norm": 3.716450373758562e-05, "validation_one_step": 3.270859694263587e-05, "validation_rollout": 0.0008620488224551082, "train_seconds": 1.6783472299575806, "elapsed_seconds": 2.7392959035933018}
{"cell": "midpoint-b4-L4-teacher-s161803-A", "epoch": 500, "train_mse": 4.1124098061118275e-05, "gradient_norm": 4.194773646304384e-05, "validation_one_step": 2.7905789920623647e-05, "validation_rollout": 0.0007318626157939434, "train_seconds": 2.0973994992673397, "elapsed_seconds": 3.4207996279001236}
{"cell": "midpoint-b4-L4-teacher-s161803-A", "epoch": 600, "train_mse": 3.106112126260996e-05, "gradient_norm": 4.618647653842345e-05, "validation_one_step": 2.1059258112169726e-05, "validation_rollout": 0.0005476019578054547, "train_seconds": 2.523216027766466, "elapsed_seconds": 4.11533335968852}
{"cell": "midpoint-b4-L4-teacher-s161803-A", "epoch": 700, "train_mse": 1.809373134165071e-05, "gradient_norm": 4.6290908358059824e-05, "validation_one_step": 1.2281343970244052e-05, "validation_rollout": 0.00031455152202397585, "train_seconds": 2.9486932270228863, "elapsed_seconds": 4.814064506441355}
{"cell": "midpoint-b4-L4-teacher-s161803-A", "epoch": 800, "train_mse": 6.197195943968836e-06, "gradient_norm": 3.513360206852667e-05, "validation_one_step": 4.2162740214735095e-06, "validation_rollout": 0.00010537686466705054, "train_seconds": 3.37362939491868, "elapsed_seconds": 5.5101925656199455}
{"cell": "midpoint-b4-L4-teacher-s161803-A", "epoch": 900, "train_mse": 9.457830287828983e-07, "gradient_norm": 1.6138506907736883e-05, "validation_one_step": 6.443957190072069e-07, "validation_rollout": 1.5475387044716626e-05, "train_seconds": 3.7988357581198215, "elapsed_seconds": 6.209395993500948}
{"cell": "midpoint-b4-L4-teacher-s161803-A", "epoch": 1000, "train_mse": 9.745870954702696e-08, "gradient_norm": 6.703321560053155e-05, "validation_one_step": 5.8442123584967476e-08, "validation_rollout": 1.4253780591388931e-06, "train_seconds": 4.224438697099686, "elapsed_seconds": 6.902529537677765}
{"cell": "midpoint-b4-L4-teacher-s161803-A", "epoch": 1100, "train_mse": 6.167341304319507e-09, "gradient_norm": 1.0140940958081046e-06, "validation_one_step": 3.985272815458056e-09, "validation_rollout": 6.922107331774896e-08, "train_seconds": 4.644780300557613, "elapsed_seconds": 7.589703157544136}
{"cell": "midpoint-b4-L4-teacher-s161803-A", "epoch": 1200, "train_mse": 3.5296894296266146e-09, "gradient_norm": 1.8426938197535492e-07, "validation_one_step": 2.0701679999864573e-09, "validation_rollout": 4.979862211484942e-08, "train_seconds": 5.064559385180473, "elapsed_seconds": 8.276256065815687}
{"cell": "midpoint-b4-L4-teacher-s161803-A", "epoch": 1300, "train_mse": 3.526984482249418e-09, "gradient_norm": 3.549926077539567e-06, "validation_one_step": 2.445768994737326e-09, "validation_rollout": 7.064741680551379e-08, "train_seconds": 5.484634429216385, "elapsed_seconds": 8.960078861564398}
{"cell": "midpoint-b4-L4-teacher-s161803-A", "epoch": 1400, "train_mse": 3.4379945557105884e-09, "gradient_norm": 4.789426455431567e-08, "validation_one_step": 1.98581950883181e-09, "validation_rollout": 5.2770808167679206e-08, "train_seconds": 5.93298502266407, "elapsed_seconds": 9.70297734811902}
{"cell": "midpoint-b4-L4-teacher-s161803-A", "epoch": 1500, "train_mse": 3.99106658832693e-09, "gradient_norm": 9.52214850258315e-06, "validation_one_step": 1.2358830329498952e-08, "validation_rollout": 3.5930304420617176e-07, "train_seconds": 6.375281285494566, "elapsed_seconds": 10.421264320611954}
{"cell": "midpoint-b4-L4-teacher-s161803-A", "epoch": 1600, "train_mse": 3.421506855616485e-09, "gradient_norm": 2.6890427307080245e-07, "validation_one_step": 1.9918089400050576e-09, "validation_rollout": 5.297579264151864e-08, "train_seconds": 6.792941782623529, "elapsed_seconds": 11.10401551425457}
{"cell": "midpoint-b4-L4-teacher-s161803-A", "epoch": 1700, "train_mse": 3.4174958418731194e-09, "gradient_norm": 1.0684732210108905e-08, "validation_one_step": 1.9832991545361742e-09, "validation_rollout": 5.265160751832809e-08, "train_seconds": 7.211421009153128, "elapsed_seconds": 11.788228116929531}
{"cell": "midpoint-b4-L4-teacher-s161803-A", "epoch": 1800, "train_mse": 3.5456118041565787e-09, "gradient_norm": 4.6543141252186615e-06, "validation_one_step": 3.021547234638433e-09, "validation_rollout": 9.024426361747828e-08, "train_seconds": 7.6325239315629005, "elapsed_seconds": 12.475661493837833}
{"cell": "midpoint-b4-L4-teacher-s161803-A", "epoch": 1900, "train_mse": 3.4040044116778745e-09, "gradient_norm": 9.899948594238595e-08, "validation_one_step": 1.9894462373789188e-09, "validation_rollout": 5.2590877430702676e-08, "train_seconds": 8.050989858806133, "elapsed_seconds": 13.160672664642334}
{"cell": "midpoint-b4-L4-teacher-s161803-A", "epoch": 2000, "train_mse": 4.791041305907129e-07, "gradient_norm": 0.0002783452800940722, "validation_one_step": 6.847069329296573e-07, "validation_rollout": 2.171037340303883e-05, "train_seconds": 8.470733892172575, "elapsed_seconds": 13.847411010414362}
CELL_COMPLETE midpoint-b4-L4-teacher-s161803-A
{"cell": "midpoint-b4-L4-teacher-s161803-B", "epoch": 1, "train_mse": 0.0052960654720664024, "gradient_norm": 0.007202009670436382, "validation_one_step": 0.0036556537185485163, "validation_rollout": 0.0819348469376564, "train_seconds": 0.005375564098358154, "elapsed_seconds": 0.031117312610149384}
{"cell": "midpoint-b4-L4-teacher-s161803-B", "epoch": 100, "train_mse": 5.771695578005165e-05, "gradient_norm": 3.806070890277624e-05, "validation_one_step": 3.80857194007452e-05, "validation_rollout": 0.0010210361797362566, "train_seconds": 0.42468753457069397, "elapsed_seconds": 0.7100192420184612}
{"cell": "midpoint-b4-L4-teacher-s161803-B", "epoch": 200, "train_mse": 5.560375939239748e-05, "gradient_norm": 8.324596274178475e-05, "validation_one_step": 3.7906398119957885e-05, "validation_rollout": 0.0010019706096500158, "train_seconds": 0.8511329516768456, "elapsed_seconds": 1.3876486085355282}
{"cell": "midpoint-b4-L4-teacher-s161803-B", "epoch": 300, "train_mse": 5.2369709010235965e-05, "gradient_norm": 3.271484820288606e-05, "validation_one_step": 3.581006846313054e-05, "validation_rollout": 0.000941505772061646, "train_seconds": 1.268160942941904, "elapsed_seconds": 2.0685590878129005}
{"cell": "midpoint-b4-L4-teacher-s161803-B", "epoch": 400, "train_mse": 4.760951196658425e-05, "gradient_norm": 0.00011114330845884979, "validation_one_step": 3.261018446210073e-05, "validation_rollout": 0.0008524862350896001, "train_seconds": 1.6849293522536755, "elapsed_seconds": 2.747417449951172}
{"cell": "midpoint-b4-L4-teacher-s161803-B", "epoch": 500, "train_mse": 4.067023110110313e-05, "gradient_norm": 4.100502701476216e-05, "validation_one_step": 2.7888947064032738e-05, "validation_rollout": 0.0007247993489727378, "train_seconds": 2.108161762356758, "elapsed_seconds": 3.4327873215079308}
{"cell": "midpoint-b4-L4-teacher-s161803-B", "epoch": 600, "train_mse": 3.115864092251286e-05, "gradient_norm": 4.441774945007637e-05, "validation_one_step": 2.13923811619073e-05, "validation_rollout": 0.0005514558870345354, "train_seconds": 2.5317966900765896, "elapsed_seconds": 4.1180003471672535}
{"cell": "midpoint-b4-L4-teacher-s161803-B", "epoch": 700, "train_mse": 1.9434022760833614e-05, "gradient_norm": 4.46184967586305e-05, "validation_one_step": 1.3366885999251584e-05, "validation_rollout": 0.00034132361179217696, "train_seconds": 2.958508264273405, "elapsed_seconds": 4.80989870801568}
{"cell": "midpoint-b4-L4-teacher-s161803-B", "epoch": 800, "train_mse": 8.245329809142277e-06, "gradient_norm": 9.760992543306202e-05, "validation_one_step": 5.746001875195361e-06, "validation_rollout": 0.00014670329983346164, "train_seconds": 3.3781633116304874, "elapsed_seconds": 5.496568959206343}
{"cell": "midpoint-b4-L4-teacher-s161803-B", "epoch": 900, "train_mse": 2.7650874017126625e-06, "gradient_norm": 0.0005208048969507217, "validation_one_step": 2.213153010188762e-06, "validation_rollout": 6.0689402744174004e-05, "train_seconds": 3.8011511713266373, "elapsed_seconds": 6.184281066060066}
{"cell": "midpoint-b4-L4-teacher-s161803-B", "epoch": 1000, "train_mse": 2.610150886539486e-07, "gradient_norm": 7.223347893159371e-06, "validation_one_step": 1.902164162477978e-07, "validation_rollout": 6.0661168390652165e-06, "train_seconds": 4.226297080516815, "elapsed_seconds": 6.881882656365633}
{"cell": "midpoint-b4-L4-teacher-s161803-B", "epoch": 1100, "train_mse": 8.964955355850179e-08, "gradient_norm": 0.00010692749492591247, "validation_one_step": 6.1656424558502e-08, "validation_rollout": 2.2274625735008158e-06, "train_seconds": 4.646996300667524, "elapsed_seconds": 7.5665933936834335}
{"cell": "midpoint-b4-L4-teacher-s161803-B", "epoch": 1200, "train_mse": 2.54766092666614e-08, "gradient_norm": 1.190261059491604e-06, "validation_one_step": 2.388876296777198e-08, "validation_rollout": 1.0435168178446474e-06, "train_seconds": 5.070705186575651, "elapsed_seconds": 8.259291131049395}
{"cell": "midpoint-b4-L4-teacher-s161803-B", "epoch": 1300, "train_mse": 1.9202809653506847e-07, "gradient_norm": 0.00023431025329045951, "validation_one_step": 1.043746511442123e-07, "validation_rollout": 2.9429288588289637e-06, "train_seconds": 5.499848265200853, "elapsed_seconds": 8.953875239938498}
{"cell": "midpoint-b4-L4-teacher-s161803-B", "epoch": 1400, "train_mse": 1.4719269358920428e-08, "gradient_norm": 1.5519095768468105e-06, "validation_one_step": 1.506117541794083e-08, "validation_rollout": 5.494633228408929e-07, "train_seconds": 5.925547335296869, "elapsed_seconds": 9.657138802111149}
{"cell": "midpoint-b4-L4-teacher-s161803-B", "epoch": 1500, "train_mse": 1.2678850858094393e-08, "gradient_norm": 2.5499369371573266e-07, "validation_one_step": 1.3329400398257954e-08, "validation_rollout": 4.4619619643526676e-07, "train_seconds": 6.3480135053396225, "elapsed_seconds": 10.344005081802607}
{"cell": "midpoint-b4-L4-teacher-s161803-B", "epoch": 1600, "train_mse": 2.0700197111978014e-08, "gradient_norm": 5.288987813401036e-05, "validation_one_step": 1.4973858893559584e-08, "validation_rollout": 4.954997052664112e-07, "train_seconds": 6.770810820162296, "elapsed_seconds": 11.0319250151515}
{"cell": "midpoint-b4-L4-teacher-s161803-B", "epoch": 1700, "train_mse": 1.0753852919265228e-08, "gradient_norm": 1.7986128852953698e-07, "validation_one_step": 1.1504109368824325e-08, "validation_rollout": 3.455289743214962e-07, "train_seconds": 7.1857713758945465, "elapsed_seconds": 11.713919024914503}
{"cell": "midpoint-b4-L4-teacher-s161803-B", "epoch": 1800, "train_mse": 1.0034517217150096e-08, "gradient_norm": 1.844529720074206e-07, "validation_one_step": 1.0836468019211528e-08, "validation_rollout": 3.089375582021603e-07, "train_seconds": 7.60479998961091, "elapsed_seconds": 12.403062507510185}
{"cell": "midpoint-b4-L4-teacher-s161803-B", "epoch": 1900, "train_mse": 1.2250184866502423e-08, "gradient_norm": 2.7680493076331913e-05, "validation_one_step": 1.0377123752884168e-08, "validation_rollout": 2.862956307581044e-07, "train_seconds": 8.021474223583937, "elapsed_seconds": 13.083459667861462}
{"cell": "midpoint-b4-L4-teacher-s161803-B", "epoch": 2000, "train_mse": 9.269904843733912e-09, "gradient_norm": 3.293794463843369e-07, "validation_one_step": 1.0028707346047364e-08, "validation_rollout": 2.694131353564444e-07, "train_seconds": 8.43360460549593, "elapsed_seconds": 13.758329667150974}
CELL_COMPLETE midpoint-b4-L4-teacher-s161803-B
{"cell": "midpoint-b4-L4-detached-s31415-A", "epoch": 1, "train_mse": 0.026081476360559464, "gradient_norm": 0.0089035639539361, "validation_one_step": 0.0037758170316616693, "validation_rollout": 0.08431020379066467, "train_seconds": 0.01617540419101715, "elapsed_seconds": 0.04191483184695244}
{"cell": "midpoint-b4-L4-detached-s31415-A", "epoch": 100, "train_mse": 0.00026772177079692483, "gradient_norm": 0.00018333180923946202, "validation_one_step": 3.3937430695611205e-05, "validation_rollout": 0.0009676103363744915, "train_seconds": 1.453799270093441, "elapsed_seconds": 1.7398802228271961}
{"cell": "midpoint-b4-L4-detached-s31415-A", "epoch": 200, "train_mse": 0.00025725431623868644, "gradient_norm": 6.004101669532247e-05, "validation_one_step": 3.436301312831347e-05, "validation_rollout": 0.0009515488054603338, "train_seconds": 2.883471552282572, "elapsed_seconds": 3.4310474172234535}
{"cell": "midpoint-b4-L4-detached-s31415-A", "epoch": 300, "train_mse": 0.00023917510407045484, "gradient_norm": 6.664185639237985e-05, "validation_one_step": 3.2140813649069365e-05, "validation_rollout": 0.0008871048921719193, "train_seconds": 4.255138069391251, "elapsed_seconds": 5.061961442232132}
{"cell": "midpoint-b4-L4-detached-s31415-A", "epoch": 400, "train_mse": 0.00020987092284485698, "gradient_norm": 7.697476394241676e-05, "validation_one_step": 2.835021912990972e-05, "validation_rollout": 0.000777710578404367, "train_seconds": 5.6264809630811214, "elapsed_seconds": 6.697038698941469}
{"cell": "midpoint-b4-L4-detached-s31415-A", "epoch": 500, "train_mse": 0.00016248456086032093, "gradient_norm": 8.947897731559351e-05, "validation_one_step": 2.212357950763059e-05, "validation_rollout": 0.0006001900183036923, "train_seconds": 6.995216317474842, "elapsed_seconds": 8.328007463365793}
{"cell": "midpoint-b4-L4-detached-s31415-A", "epoch": 600, "train_mse": 9.480684093432501e-05, "gradient_norm": 9.776982187759131e-05, "validation_one_step": 1.3176132142689312e-05, "validation_rollout": 0.00035058939829468727, "train_seconds": 8.367147155106068, "elapsed_seconds": 9.962278183549643}
{"cell": "midpoint-b4-L4-detached-s31415-A", "epoch": 700, "train_mse": 3.127461241092533e-05, "gradient_norm": 0.00020002892415504903, "validation_one_step": 4.266722271495382e-06, "validation_rollout": 0.00011012401955667883, "train_seconds": 9.734764948487282, "elapsed_seconds": 11.592982698231936}
{"cell": "midpoint-b4-L4-detached-s31415-A", "epoch": 800, "train_mse": 4.312747023504926e-06, "gradient_norm": 3.340075636515394e-05, "validation_one_step": 6.408394360353972e-07, "validation_rollout": 1.5713716493337415e-05, "train_seconds": 11.104623816907406, "elapsed_seconds": 13.226662065833807}
{"cell": "midpoint-b4-L4-detached-s31415-A", "epoch": 900, "train_mse": 3.1705982905805286e-07, "gradient_norm": 1.9182072719559073e-05, "validation_one_step": 5.1539346124229724e-08, "validation_rollout": 1.0909500360867241e-06, "train_seconds": 12.480560209602118, "elapsed_seconds": 14.867128942161798}
{"cell": "midpoint-b4-L4-detached-s31415-A", "epoch": 1000, "train_mse": 5.557333437877787e-08, "gradient_norm": 2.6980935217579827e-05, "validation_one_step": 7.978350794838699e-09, "validation_rollout": 1.4791253022394812e-07, "train_seconds": 13.850489784032106, "elapsed_seconds": 16.50113622099161}
{"cell": "midpoint-b4-L4-detached-s31415-A", "epoch": 1100, "train_mse": 3.880688836943591e-08, "gradient_norm": 1.1572450603125617e-05, "validation_one_step": 3.92173156911942e-09, "validation_rollout": 7.477389374344057e-08, "train_seconds": 15.220194395631552, "elapsed_seconds": 18.133267760276794}
{"cell": "midpoint-b4-L4-detached-s31415-A", "epoch": 1200, "train_mse": 3.531213366159136e-08, "gradient_norm": 2.5586800234123075e-07, "validation_one_step": 3.3339336661756627e-09, "validation_rollout": 6.811948338736329e-08, "train_seconds": 16.59126380458474, "elapsed_seconds": 19.770702447742224}
{"cell": "midpoint-b4-L4-detached-s31415-A", "epoch": 1300, "train_mse": 4.884150683892585e-08, "gradient_norm": 4.303491368773393e-05, "validation_one_step": 3.4450147179398982e-09, "validation_rollout": 7.084658193434734e-08, "train_seconds": 17.96082068234682, "elapsed_seconds": 21.403448943048716}
{"cell": "midpoint-b4-L4-detached-s31415-A", "epoch": 1400, "train_mse": 3.196013409478837e-08, "gradient_norm": 4.921291747450596e-07, "validation_one_step": 3.0685802417570094e-09, "validation_rollout": 6.422922638193995e-08, "train_seconds": 19.33120797947049, "elapsed_seconds": 23.039825093001127}
{"cell": "midpoint-b4-L4-detached-s31415-A", "epoch": 1500, "train_mse": 1.820921625039773e-06, "gradient_norm": 0.000465853518107906, "validation_one_step": 4.361664474039628e-09, "validation_rollout": 1.0326786537007138e-07, "train_seconds": 20.70777654647827, "elapsed_seconds": 24.682617776095867}
{"cell": "midpoint-b4-L4-detached-s31415-A", "epoch": 1600, "train_mse": 2.964511125469471e-08, "gradient_norm": 5.5359205362037756e-06, "validation_one_step": 2.9571348795591015e-09, "validation_rollout": 6.236549410232328e-08, "train_seconds": 22.07442283257842, "elapsed_seconds": 26.314065422862768}
{"cell": "midpoint-b4-L4-detached-s31415-A", "epoch": 1700, "train_mse": 2.849658109482789e-08, "gradient_norm": 1.652126826456879e-07, "validation_one_step": 2.8626195118045907e-09, "validation_rollout": 6.1570183618187e-08, "train_seconds": 23.45466000214219, "elapsed_seconds": 27.964945781975985}
{"cell": "midpoint-b4-L4-detached-s31415-A", "epoch": 1800, "train_mse": 2.7550708381340883e-08, "gradient_norm": 3.519221081660362e-06, "validation_one_step": 6.6523582568459956e-09, "validation_rollout": 1.874601167628498e-07, "train_seconds": 24.820890307426453, "elapsed_seconds": 29.597360160201788}
{"cell": "midpoint-b4-L4-detached-s31415-A", "epoch": 1900, "train_mse": 2.672190646535455e-08, "gradient_norm": 4.0666307654646516e-07, "validation_one_step": 2.772445347372828e-09, "validation_rollout": 6.05175500822952e-08, "train_seconds": 26.18900002539158, "elapsed_seconds": 31.233262080699205}
{"cell": "midpoint-b4-L4-detached-s31415-A", "epoch": 2000, "train_mse": 2.6833737010178993e-08, "gradient_norm": 9.400328053743578e-06, "validation_one_step": 2.8561608633737023e-09, "validation_rollout": 6.610358127545624e-08, "train_seconds": 27.559539917856455, "elapsed_seconds": 32.87230933830142}
CELL_COMPLETE midpoint-b4-L4-detached-s31415-A
{"cell": "midpoint-b4-L4-detached-s31415-B", "epoch": 1, "train_mse": 0.028019441291689873, "gradient_norm": 0.014098402112722397, "validation_one_step": 0.003962870920076966, "validation_rollout": 0.08702916651964188, "train_seconds": 0.014362301677465439, "elapsed_seconds": 0.039469216018915176}
{"cell": "midpoint-b4-L4-detached-s31415-B", "epoch": 100, "train_mse": 0.00024938207934610546, "gradient_norm": 9.859887359198183e-05, "validation_one_step": 3.277844734839164e-05, "validation_rollout": 0.0009099916787818074, "train_seconds": 1.354750819504261, "elapsed_seconds": 1.637589294463396}
{"cell": "midpoint-b4-L4-detached-s31415-B", "epoch": 200, "train_mse": 0.0002366611734032631, "gradient_norm": 6.46791813778691e-05, "validation_one_step": 3.228703872082406e-05, "validation_rollout": 0.0008781667565926909, "train_seconds": 2.7118886709213257, "elapsed_seconds": 3.261863186955452}
{"cell": "midpoint-b4-L4-detached-s31415-B", "epoch": 300, "train_mse": 0.00021687199478037655, "gradient_norm": 6.957400182727724e-05, "validation_one_step": 2.9840977125180263e-05, "validation_rollout": 0.000807420932687819, "train_seconds": 4.062953568994999, "elapsed_seconds": 4.867327943444252}
{"cell": "midpoint-b4-L4-detached-s31415-B", "epoch": 400, "train_mse": 0.00018726041889749467, "gradient_norm": 7.719377026660368e-05, "validation_one_step": 2.5960072207453777e-05, "validation_rollout": 0.0006966282962821424, "train_seconds": 5.415221955627203, "elapsed_seconds": 6.477804102003574}
{"cell": "midpoint-b4-L4-detached-s31415-B", "epoch": 500, "train_mse": 0.00014352779544424266, "gradient_norm": 8.524996519554406e-05, "validation_one_step": 2.0085486463964724e-05, "validation_rollout": 0.0005322878714650869, "train_seconds": 6.773465678095818, "elapsed_seconds": 8.094923287630081}
{"cell": "midpoint-b4-L4-detached-s31415-B", "epoch": 600, "train_mse": 8.714680734556168e-05, "gradient_norm": 8.572900696890429e-05, "validation_one_step": 1.2379568602227664e-05, "validation_rollout": 0.0003223637759219855, "train_seconds": 8.114347621798515, "elapsed_seconds": 9.69332529604435}
{"cell": "midpoint-b4-L4-detached-s31415-B", "epoch": 700, "train_mse": 3.599526098696515e-05, "gradient_norm": 0.0003711774479597807, "validation_one_step": 5.884151126641275e-06, "validation_rollout": 0.0001489852147642523, "train_seconds": 9.404524736106396, "elapsed_seconds": 11.240073814988136}
{"cell": "midpoint-b4-L4-detached-s31415-B", "epoch": 800, "train_mse": 8.223799341067206e-06, "gradient_norm": 3.988185926573351e-05, "validation_one_step": 1.2468333778770102e-06, "validation_rollout": 3.210883733117953e-05, "train_seconds": 10.693597294390202, "elapsed_seconds": 12.786962486803532}
{"cell": "midpoint-b4-L4-detached-s31415-B", "epoch": 900, "train_mse": 1.4551035292242886e-06, "gradient_norm": 1.4024780284671579e-05, "validation_one_step": 2.2422159181208676e-07, "validation_rollout": 6.587607458641287e-06, "train_seconds": 11.98199674859643, "elapsed_seconds": 14.332660105079412}
{"cell": "midpoint-b4-L4-detached-s31415-B", "epoch": 1000, "train_mse": 4.51891992270248e-07, "gradient_norm": 0.00010080591164296493, "validation_one_step": 6.035235126470677e-08, "validation_rollout": 2.221569047833327e-06, "train_seconds": 13.273339837789536, "elapsed_seconds": 15.881006971001625}
{"cell": "midpoint-b4-L4-detached-s31415-B", "epoch": 1100, "train_mse": 2.71701878773456e-07, "gradient_norm": 0.0001270018983632326, "validation_one_step": 4.4648881036835064e-08, "validation_rollout": 1.562887518957723e-06, "train_seconds": 14.560988254845142, "elapsed_seconds": 17.428072705864906}
{"cell": "midpoint-b4-L4-detached-s31415-B", "epoch": 1200, "train_mse": 9.236144649094058e-08, "gradient_norm": 1.4884154552419204e-05, "validation_one_step": 1.2079273581377947e-08, "validation_rollout": 5.19208754212741e-07, "train_seconds": 15.849989663809538, "elapsed_seconds": 18.975689586251974}
{"cell": "midpoint-b4-L4-detached-s31415-B", "epoch": 1300, "train_mse": 7.157031177484896e-06, "gradient_norm": 0.0010502070654183626, "validation_one_step": 1.1706589445973729e-07, "validation_rollout": 3.2153311622096226e-06, "train_seconds": 17.139709811657667, "elapsed_seconds": 20.525067295879126}
{"cell": "midpoint-b4-L4-detached-s31415-B", "epoch": 1400, "train_mse": 4.3523236570308654e-08, "gradient_norm": 6.883397418278037e-06, "validation_one_step": 5.854705091105454e-09, "validation_rollout": 2.1456379784012825e-07, "train_seconds": 18.44250873476267, "elapsed_seconds": 22.089662302285433}
{"cell": "midpoint-b4-L4-detached-s31415-B", "epoch": 1500, "train_mse": 3.5615290272517086e-08, "gradient_norm": 1.0516748716327129e-06, "validation_one_step": 4.637998318735015e-09, "validation_rollout": 1.6311972217408766e-07, "train_seconds": 19.761074725538492, "elapsed_seconds": 23.674930676817894}
{"cell": "midpoint-b4-L4-detached-s31415-B", "epoch": 1600, "train_mse": 3.557047278945902e-08, "gradient_norm": 2.3590766431880184e-05, "validation_one_step": 4.653438338368214e-09, "validation_rollout": 1.3835423828822968e-07, "train_seconds": 21.07671920955181, "elapsed_seconds": 25.255287434905767}
{"cell": "midpoint-b4-L4-detached-s31415-B", "epoch": 1700, "train_mse": 2.9648425936557032e-08, "gradient_norm": 3.96606338881611e-07, "validation_one_step": 3.840102661782178e-09, "validation_rollout": 1.2067116017533408e-07, "train_seconds": 22.39615698158741, "elapsed_seconds": 26.843782540410757}
{"cell": "midpoint-b4-L4-detached-s31415-B", "epoch": 1800, "train_mse": 2.8729029821761287e-08, "gradient_norm": 7.898029252828564e-06, "validation_one_step": 3.632672903227293e-09, "validation_rollout": 1.1595423643484537e-07, "train_seconds": 23.716452203691006, "elapsed_seconds": 28.431272197514772}
{"cell": "midpoint-b4-L4-detached-s31415-B", "epoch": 1900, "train_mse": 2.8546823571673485e-08, "gradient_norm": 1.4546805687132291e-05, "validation_one_step": 3.6029004409539786e-09, "validation_rollout": 1.0618634860293241e-07, "train_seconds": 25.01847393065691, "elapsed_seconds": 29.99848720803857}
{"cell": "midpoint-b4-L4-detached-s31415-B", "epoch": 2000, "train_mse": 2.6331928637546298e-08, "gradient_norm": 2.470463300596748e-07, "validation_one_step": 3.3489706563472055e-09, "validation_rollout": 9.844760739952108e-08, "train_seconds": 26.322690691798925, "elapsed_seconds": 31.573576789349318}
CELL_COMPLETE midpoint-b4-L4-detached-s31415-B
{"cell": "midpoint-b4-L4-detached-s271828-A", "epoch": 1, "train_mse": 0.01681452989578247, "gradient_norm": 0.011903045699000359, "validation_one_step": 0.002669003423458586, "validation_rollout": 0.0635150671005249, "train_seconds": 0.01367340236902237, "elapsed_seconds": 0.039830878376960754}
{"cell": "midpoint-b4-L4-detached-s271828-A", "epoch": 100, "train_mse": 0.00024150958051905036, "gradient_norm": 0.00012731783499475569, "validation_one_step": 3.8883811915487364e-05, "validation_rollout": 0.0010782842291519046, "train_seconds": 1.3335981741547585, "elapsed_seconds": 1.6214857026934624}
{"cell": "midpoint-b4-L4-detached-s271828-A", "epoch": 200, "train_mse": 0.00022949055710341781, "gradient_norm": 4.6842680603731424e-05, "validation_one_step": 3.613881684335259e-05, "validation_rollout": 0.0010249675251543522, "train_seconds": 2.654426794499159, "elapsed_seconds": 3.2097897343337536}
{"cell": "midpoint-b4-L4-detached-s271828-A", "epoch": 300, "train_mse": 0.00021211894636508077, "gradient_norm": 5.169051291886717e-05, "validation_one_step": 3.358631117104475e-05, "validation_rollout": 0.0009625664679333568, "train_seconds": 3.9602912105619907, "elapsed_seconds": 4.773376144468784}
{"cell": "midpoint-b4-L4-detached-s271828-A", "epoch": 400, "train_mse": 0.00018495347467251122, "gradient_norm": 5.679885362042114e-05, "validation_one_step": 2.9527144458067294e-05, "validation_rollout": 0.0008638771832920611, "train_seconds": 5.2705884128808975, "elapsed_seconds": 6.344152461737394}
{"cell": "midpoint-b4-L4-detached-s271828-A", "epoch": 500, "train_mse": 0.00014246533100958914, "gradient_norm": 6.666902481811121e-05, "validation_one_step": 2.2940448085743508e-05, "validation_rollout": 0.0006883005262352526, "train_seconds": 6.579789076000452, "elapsed_seconds": 7.914179850369692}
{"cell": "midpoint-b4-L4-detached-s271828-A", "epoch": 600, "train_mse": 7.159836968639866e-05, "gradient_norm": 7.512278534704819e-05, "validation_one_step": 1.155829238541628e-05, "validation_rollout": 0.00034522806527093053, "train_seconds": 7.886770285665989, "elapsed_seconds": 9.483392424881458}
{"cell": "midpoint-b4-L4-detached-s271828-A", "epoch": 700, "train_mse": 1.1104655641247518e-05, "gradient_norm": 4.135174094699323e-05, "validation_one_step": 1.7491776986844343e-06, "validation_rollout": 5.257158409222029e-05, "train_seconds": 9.19393165409565, "elapsed_seconds": 11.05241308733821}
{"cell": "midpoint-b4-L4-detached-s271828-A", "epoch": 800, "train_mse": 5.641802545142127e-07, "gradient_norm": 8.227706530306023e-06, "validation_one_step": 8.415570995623511e-08, "validation_rollout": 2.7869500627275556e-06, "train_seconds": 10.498422525823116, "elapsed_seconds": 12.619741629809141}
{"cell": "midpoint-b4-L4-detached-s271828-A", "epoch": 900, "train_mse": 2.3093173240340548e-07, "gradient_norm": 1.1033838518414996e-06, "validation_one_step": 4.506202847901856e-08, "validation_rollout": 1.17820241030131e-06, "train_seconds": 11.803504463285208, "elapsed_seconds": 14.188028201460838}
{"cell": "midpoint-b4-L4-detached-s271828-A", "epoch": 1000, "train_mse": 2.231374622851945e-07, "gradient_norm": 5.533779585675802e-07, "validation_one_step": 4.533300431338224e-08, "validation_rollout": 1.1312408787489403e-06, "train_seconds": 13.112079571932554, "elapsed_seconds": 15.75912980735302}
{"cell": "midpoint-b4-L4-detached-s271828-A", "epoch": 1100, "train_mse": 2.1829826835073618e-07, "gradient_norm": 5.265916911412205e-07, "validation_one_step": 4.449525074316322e-08, "validation_rollout": 1.104341322388791e-06, "train_seconds": 14.414952907711267, "elapsed_seconds": 17.325541522353888}
{"cell": "midpoint-b4-L4-detached-s271828-A", "epoch": 1200, "train_mse": 2.1328885679849918e-07, "gradient_norm": 5.214546376919316e-07, "validation_one_step": 4.3503617893255374e-08, "validation_rollout": 1.0770186236186419e-06, "train_seconds": 15.726226516067982, "elapsed_seconds": 18.90374819561839}
{"cell": "midpoint-b4-L4-detached-s271828-A", "epoch": 1300, "train_mse": 2.0813939727304387e-07, "gradient_norm": 5.050192157796118e-07, "validation_one_step": 4.2473639124314864e-08, "validation_rollout": 1.0490315389688476e-06, "train_seconds": 17.031424209475517, "elapsed_seconds": 20.474337849766016}
{"cell": "midpoint-b4-L4-detached-s271828-A", "epoch": 1400, "train_mse": 2.0285398250052822e-07, "gradient_norm": 4.948877290189557e-07, "validation_one_step": 4.1417461460468985e-08, "validation_rollout": 1.0204624913967564e-06, "train_seconds": 18.338423799723387, "elapsed_seconds": 22.047325138002634}
{"cell": "midpoint-b4-L4-detached-s271828-A", "epoch": 1500, "train_mse": 1.9747500346056768e-07, "gradient_norm": 4.853126824855281e-07, "validation_one_step": 4.0337928552958147e-08, "validation_rollout": 9.914425618262612e-07, "train_seconds": 19.644268456846476, "elapsed_seconds": 23.619878374040127}
{"cell": "midpoint-b4-L4-detached-s271828-A", "epoch": 1600, "train_mse": 1.9200152223675104e-07, "gradient_norm": 4.728725002678402e-07, "validation_one_step": 3.923965981774321e-08, "validation_rollout": 9.619894854040467e-07, "train_seconds": 20.95217466726899, "elapsed_seconds": 25.19483758881688}
{"cell": "midpoint-b4-L4-detached-s271828-A", "epoch": 1700, "train_mse": 1.86461747375688e-07, "gradient_norm": 4.610496660006902e-07, "validation_one_step": 3.812372876647411e-08, "validation_rollout": 9.323350695922272e-07, "train_seconds": 22.25965827330947, "elapsed_seconds": 26.770066931843758}
{"cell": "midpoint-b4-L4-detached-s271828-A", "epoch": 1800, "train_mse": 1.808667917657658e-07, "gradient_norm": 4.4797511122851574e-07, "validation_one_step": 3.699254384296561e-08, "validation_rollout": 9.02504950772709e-07, "train_seconds": 23.57894989475608, "elapsed_seconds": 28.381609868258238}
{"cell": "midpoint-b4-L4-detached-s271828-A", "epoch": 1900, "train_mse": 1.7523383633033518e-07, "gradient_norm": 4.373058288820175e-07, "validation_one_step": 3.585149214539266e-08, "validation_rollout": 8.725584166313638e-07, "train_seconds": 24.89377937465906, "elapsed_seconds": 29.965799912810326}
{"cell": "midpoint-b4-L4-detached-s271828-A", "epoch": 2000, "train_mse": 1.695722318117987e-07, "gradient_norm": 4.274905052170652e-07, "validation_one_step": 3.470463797820381e-08, "validation_rollout": 8.425751047980157e-07, "train_seconds": 26.209430437535048, "elapsed_seconds": 31.551583483815193}
CELL_COMPLETE midpoint-b4-L4-detached-s271828-A
{"cell": "midpoint-b4-L4-detached-s271828-B", "epoch": 1, "train_mse": 0.016311030834913254, "gradient_norm": 0.010661227628588676, "validation_one_step": 0.0028776797310759625, "validation_rollout": 0.06828370690345764, "train_seconds": 0.013729441910982132, "elapsed_seconds": 0.03871097043156624}
{"cell": "midpoint-b4-L4-detached-s271828-B", "epoch": 100, "train_mse": 0.00023367960238829255, "gradient_norm": 0.0001311192027060315, "validation_one_step": 3.8908138625023035e-05, "validation_rollout": 0.0010718794073909521, "train_seconds": 1.2931651398539543, "elapsed_seconds": 1.5680357664823532}
{"cell": "midpoint-b4-L4-detached-s271828-B", "epoch": 200, "train_mse": 0.00021812404156662524, "gradient_norm": 4.6809491323074326e-05, "validation_one_step": 3.5694866710400674e-05, "validation_rollout": 0.0010180476820096374, "train_seconds": 2.5843946784734726, "elapsed_seconds": 3.110749300569296}
{"cell": "midpoint-b4-L4-detached-s271828-B", "epoch": 300, "train_mse": 0.00020042763208039105, "gradient_norm": 4.4633135985350236e-05, "validation_one_step": 3.346972319680693e-05, "validation_rollout": 0.0009763851994648576, "train_seconds": 3.873920474201441, "elapsed_seconds": 4.653517302125692}
{"cell": "midpoint-b4-L4-detached-s271828-B", "epoch": 400, "train_mse": 0.00018230857676826417, "gradient_norm": 4.376063952804543e-05, "validation_one_step": 3.091801719771562e-05, "validation_rollout": 0.0009235350298695266, "train_seconds": 5.166356697678566, "elapsed_seconds": 6.208440717309713}
{"cell": "midpoint-b4-L4-detached-s271828-B", "epoch": 500, "train_mse": 0.00015792055637575686, "gradient_norm": 5.1838753279298544e-05, "validation_one_step": 2.6900578632194083e-05, "validation_rollout": 0.0008087262394838035, "train_seconds": 6.457086011767387, "elapsed_seconds": 7.754789751023054}
{"cell": "midpoint-b4-L4-detached-s271828-B", "epoch": 600, "train_mse": 0.00011457098298706114, "gradient_norm": 6.525487697217613e-05, "validation_one_step": 1.956069559128082e-05, "validation_rollout": 0.0005837329663336277, "train_seconds": 7.746191993355751, "elapsed_seconds": 9.300249572843313}
{"cell": "midpoint-b4-L4-detached-s271828-B", "epoch": 700, "train_mse": 4.8999783757608384e-05, "gradient_norm": 6.470960943261161e-05, "validation_one_step": 8.418573770541116e-06, "validation_rollout": 0.0002494583313819021, "train_seconds": 9.033603224903345, "elapsed_seconds": 10.844302546232939}
{"cell": "midpoint-b4-L4-detached-s271828-B", "epoch": 800, "train_mse": 6.927741651452379e-06, "gradient_norm": 3.0516024708049372e-05, "validation_one_step": 1.228451443087882e-06, "validation_rollout": 3.719124288181774e-05, "train_seconds": 10.321451779454947, "elapsed_seconds": 12.390117794275284}
{"cell": "midpoint-b4-L4-detached-s271828-B", "epoch": 900, "train_mse": 6.45222201001161e-07, "gradient_norm": 6.5718804762582295e-06, "validation_one_step": 1.434725482122682e-07, "validation_rollout": 4.606549282470951e-06, "train_seconds": 11.6098742634058, "elapsed_seconds": 13.937838014215231}
{"cell": "midpoint-b4-L4-detached-s271828-B", "epoch": 1000, "train_mse": 3.228587956982665e-07, "gradient_norm": 1.6952491250776802e-06, "validation_one_step": 8.388037523824703e-08, "validation_rollout": 2.4980861326184822e-06, "train_seconds": 12.897393021732569, "elapsed_seconds": 15.483899559825659}
{"cell": "midpoint-b4-L4-detached-s271828-B", "epoch": 1100, "train_mse": 2.647479959705379e-07, "gradient_norm": 1.1309920182611677e-06, "validation_one_step": 7.017483838467342e-08, "validation_rollout": 2.006820068345405e-06, "train_seconds": 14.186102282255888, "elapsed_seconds": 17.03219387307763}
{"cell": "midpoint-b4-L4-detached-s271828-B", "epoch": 1200, "train_mse": 2.307384363575693e-07, "gradient_norm": 9.017059596772015e-07, "validation_one_step": 6.104278149621223e-08, "validation_rollout": 1.7003708308038767e-06, "train_seconds": 15.474362716078758, "elapsed_seconds": 18.579918399453163}
{"cell": "midpoint-b4-L4-detached-s271828-B", "epoch": 1300, "train_mse": 2.084931622903241e-07, "gradient_norm": 7.381951832030609e-07, "validation_one_step": 5.448888806824925e-08, "validation_rollout": 1.4833565273875138e-06, "train_seconds": 16.763412065804005, "elapsed_seconds": 20.128596179187298}
{"cell": "midpoint-b4-L4-detached-s271828-B", "epoch": 1400, "train_mse": 1.9354547475813888e-07, "gradient_norm": 6.275148507484118e-07, "validation_one_step": 4.9694906560186304e-08, "validation_rollout": 1.326623305430985e-06, "train_seconds": 18.050401501357555, "elapsed_seconds": 21.675255678594112}
{"cell": "midpoint-b4-L4-detached-s271828-B", "epoch": 1500, "train_mse": 1.8298310067166312e-07, "gradient_norm": 5.511369636224117e-07, "validation_one_step": 4.610956653531654e-08, "validation_rollout": 1.2111079286114546e-06, "train_seconds": 19.33957079797983, "elapsed_seconds": 23.225110452622175}
{"cell": "midpoint-b4-L4-detached-s271828-B", "epoch": 1600, "train_mse": 2.0468185368827108e-07, "gradient_norm": 5.451632023323327e-05, "validation_one_step": 4.2806073056548634e-08, "validation_rollout": 1.2146435892645968e-06, "train_seconds": 20.624919522553682, "elapsed_seconds": 24.76887122541666}
{"cell": "midpoint-b4-L4-detached-s271828-B", "epoch": 1700, "train_mse": 1.6910766476030403e-07, "gradient_norm": 7.646599442523438e-07, "validation_one_step": 4.132487744593997e-08, "validation_rollout": 1.059662736224709e-06, "train_seconds": 21.91051485762, "elapsed_seconds": 26.31468778848648}
{"cell": "midpoint-b4-L4-detached-s271828-B", "epoch": 1800, "train_mse": 1.6750180975577678e-07, "gradient_norm": 1.8876973626902327e-05, "validation_one_step": 4.229573165777841e-08, "validation_rollout": 1.2568187912620488e-06, "train_seconds": 23.197232212871313, "elapsed_seconds": 27.861024662852287}
{"cell": "midpoint-b4-L4-detached-s271828-B", "epoch": 1900, "train_mse": 1.5904903705177276e-07, "gradient_norm": 6.527338314299413e-07, "validation_one_step": 3.806700229110523e-08, "validation_rollout": 9.61227328843961e-07, "train_seconds": 24.489711467176676, "elapsed_seconds": 29.414432805031538}
{"cell": "midpoint-b4-L4-detached-s271828-B", "epoch": 2000, "train_mse": 2.6429906938574277e-06, "gradient_norm": 0.0005093149375170469, "validation_one_step": 7.63073695490372e-07, "validation_rollout": 1.9573999452404678e-05, "train_seconds": 25.801433455199003, "elapsed_seconds": 30.994994562119246}
CELL_COMPLETE midpoint-b4-L4-detached-s271828-B
{"cell": "midpoint-b4-L4-detached-s161803-A", "epoch": 1, "train_mse": 0.02888716384768486, "gradient_norm": 0.01215358730405569, "validation_one_step": 0.0036596941063180566, "validation_rollout": 0.08209094405174255, "train_seconds": 0.013560522347688675, "elapsed_seconds": 0.039781540632247925}
{"cell": "midpoint-b4-L4-detached-s161803-A", "epoch": 100, "train_mse": 0.0003140718035865575, "gradient_norm": 0.00019607234571594745, "validation_one_step": 2.962208721631517e-05, "validation_rollout": 0.000951661670114845, "train_seconds": 1.338195014744997, "elapsed_seconds": 1.625002071261406}
{"cell": "midpoint-b4-L4-detached-s161803-A", "epoch": 200, "train_mse": 0.00030038514523766935, "gradient_norm": 7.668394391657785e-05, "validation_one_step": 2.8714630692168914e-05, "validation_rollout": 0.0008979446720331907, "train_seconds": 2.6632920131087303, "elapsed_seconds": 3.2132945843040943}
{"cell": "midpoint-b4-L4-detached-s161803-A", "epoch": 300, "train_mse": 0.0002757548354566097, "gradient_norm": 8.59229257912375e-05, "validation_one_step": 2.6401426869900508e-05, "validation_rollout": 0.0008236280409619212, "train_seconds": 4.004044387489557, "elapsed_seconds": 4.818211395293474}
{"cell": "midpoint-b4-L4-detached-s161803-A", "epoch": 400, "train_mse": 0.000238108477788046, "gradient_norm": 9.682120435172692e-05, "validation_one_step": 2.29050607837659e-05, "validation_rollout": 0.0007105084368959069, "train_seconds": 5.335859376937151, "elapsed_seconds": 6.420061834156513}
{"cell": "midpoint-b4-L4-detached-s161803-A", "epoch": 500, "train_mse": 0.00018327272846363485, "gradient_norm": 0.00010624672722769901, "validation_one_step": 1.779072893744645e-05, "validation_rollout": 0.0005458431551232934, "train_seconds": 6.668407112360001, "elapsed_seconds": 8.020312309265137}
{"cell": "midpoint-b4-L4-detached-s161803-A", "epoch": 600, "train_mse": 0.00011223763431189582, "gradient_norm": 0.00010623972775647417, "validation_one_step": 1.1053822390749701e-05, "validation_rollout": 0.000332757510477677, "train_seconds": 8.002755902707577, "elapsed_seconds": 9.624318365007639}
{"cell": "midpoint-b4-L4-detached-s161803-A", "epoch": 700, "train_mse": 4.399564932100475e-05, "gradient_norm": 8.400072692893445e-05, "validation_one_step": 4.419630045049416e-06, "validation_rollout": 0.00012917883577756584, "train_seconds": 9.394944734871387, "elapsed_seconds": 11.285744357854128}
{"cell": "midpoint-b4-L4-detached-s161803-A", "epoch": 800, "train_mse": 8.616106242698152e-06, "gradient_norm": 4.357094076112844e-05, "validation_one_step": 8.865778227118426e-07, "validation_rollout": 2.4854303774191067e-05, "train_seconds": 10.847182460129261, "elapsed_seconds": 13.007197871804237}
{"cell": "midpoint-b4-L4-detached-s161803-A", "epoch": 900, "train_mse": 1.0876354963329504e-06, "gradient_norm": 0.00017116809613071382, "validation_one_step": 9.194946433884373e-08, "validation_rollout": 2.4130658857757226e-06, "train_seconds": 12.294411811977625, "elapsed_seconds": 14.723049033433199}
{"cell": "midpoint-b4-L4-detached-s161803-A", "epoch": 1000, "train_mse": 5.93296753947925e-08, "gradient_norm": 3.6371295664139325e-06, "validation_one_step": 7.73217416020581e-09, "validation_rollout": 1.5341311154770665e-07, "train_seconds": 13.738568909466267, "elapsed_seconds": 16.437175828963518}
{"cell": "midpoint-b4-L4-detached-s161803-A", "epoch": 1100, "train_mse": 1.5273279529992578e-08, "gradient_norm": 6.885213679197477e-07, "validation_one_step": 2.2777512468744967e-09, "validation_rollout": 5.013397696984612e-08, "train_seconds": 15.191119477152824, "elapsed_seconds": 18.15949408337474}
{"cell": "midpoint-b4-L4-detached-s161803-A", "epoch": 1200, "train_mse": 3.1120688248620354e-08, "gradient_norm": 4.6171884605428204e-05, "validation_one_step": 5.126172079409723e-09, "validation_rollout": 1.6911840816646873e-07, "train_seconds": 16.638178534805775, "elapsed_seconds": 19.87352203205228}
{"cell": "midpoint-b4-L4-detached-s161803-A", "epoch": 1300, "train_mse": 1.3581216151692388e-08, "gradient_norm": 2.902026494666643e-07, "validation_one_step": 1.8660150091776018e-09, "validation_rollout": 5.051326468219486e-08, "train_seconds": 18.097660671919584, "elapsed_seconds": 21.61970515549183}
{"cell": "midpoint-b4-L4-detached-s161803-A", "epoch": 1400, "train_mse": 3.2819397688399476e-07, "gradient_norm": 0.0001953301834873855, "validation_one_step": 5.569925454196323e-08, "validation_rollout": 1.7010953570206766e-06, "train_seconds": 19.547445569187403, "elapsed_seconds": 23.338029395788908}
{"cell": "midpoint-b4-L4-detached-s161803-A", "epoch": 1500, "train_mse": 1.346140443558852e-08, "gradient_norm": 1.2992182973903255e-06, "validation_one_step": 1.8368176609347604e-09, "validation_rollout": 5.0277275676080535e-08, "train_seconds": 20.993534576147795, "elapsed_seconds": 25.05237666890025}
{"cell": "midpoint-b4-L4-detached-s161803-A", "epoch": 1600, "train_mse": 1.373404145965651e-08, "gradient_norm": 6.374541044351645e-06, "validation_one_step": 1.8736433515798012e-09, "validation_rollout": 5.3469268124217706e-08, "train_seconds": 22.443404342979193, "elapsed_seconds": 26.772667035460472}
{"cell": "midpoint-b4-L4-detached-s161803-A", "epoch": 1700, "train_mse": 1.3922756281203874e-08, "gradient_norm": 8.460052413283847e-06, "validation_one_step": 1.8193392533246329e-09, "validation_rollout": 4.8713250322407475e-08, "train_seconds": 23.891938649117947, "elapsed_seconds": 28.49229448661208}
{"cell": "midpoint-b4-L4-detached-s161803-A", "epoch": 1800, "train_mse": 1.3287387190530353e-08, "gradient_norm": 1.2065007126693672e-07, "validation_one_step": 1.7955502825313847e-09, "validation_rollout": 4.9007276459178684e-08, "train_seconds": 25.337586626410484, "elapsed_seconds": 30.209537997841835}
{"cell": "midpoint-b4-L4-detached-s161803-A", "epoch": 1900, "train_mse": 8.919532774598338e-07, "gradient_norm": 0.00032617597025819123, "validation_one_step": 9.729789240964237e-08, "validation_rollout": 3.1811152894078987e-06, "train_seconds": 26.796328384429216, "elapsed_seconds": 31.939007494598627}
{"cell": "midpoint-b4-L4-detached-s161803-A", "epoch": 2000, "train_mse": 1.3201497672810092e-08, "gradient_norm": 1.8110636119672563e-06, "validation_one_step": 1.7789804074297422e-09, "validation_rollout": 4.800443775820895e-08, "train_seconds": 28.24559050798416, "elapsed_seconds": 33.65894453972578}
CELL_COMPLETE midpoint-b4-L4-detached-s161803-A
{"cell": "midpoint-b4-L4-detached-s161803-B", "epoch": 1, "train_mse": 0.02851073071360588, "gradient_norm": 0.011233323253691196, "validation_one_step": 0.0036299407753782966, "validation_rollout": 0.08201003819704056, "train_seconds": 0.015111137181520462, "elapsed_seconds": 0.04061517491936684}
{"cell": "midpoint-b4-L4-detached-s161803-B", "epoch": 100, "train_mse": 0.0003116400330327451, "gradient_norm": 0.00018282872042618692, "validation_one_step": 2.9674664498694863e-05, "validation_rollout": 0.0009522398468106985, "train_seconds": 1.4420642890036106, "elapsed_seconds": 1.7237866818904877}
{"cell": "midpoint-b4-L4-detached-s161803-B", "epoch": 200, "train_mse": 0.00029725016793236136, "gradient_norm": 7.653432112419978e-05, "validation_one_step": 2.859287375637602e-05, "validation_rollout": 0.0008968559559434652, "train_seconds": 2.8820516876876354, "elapsed_seconds": 3.4217661395668983}
{"cell": "midpoint-b4-L4-detached-s161803-B", "epoch": 300, "train_mse": 0.0002724146470427513, "gradient_norm": 8.536391396773979e-05, "validation_one_step": 2.625154608419204e-05, "validation_rollout": 0.0008214743575081229, "train_seconds": 4.313542485237122, "elapsed_seconds": 5.11252373456955}
{"cell": "midpoint-b4-L4-detached-s161803-B", "epoch": 400, "train_mse": 0.00023496642825193703, "gradient_norm": 9.560654871165752e-05, "validation_one_step": 2.2768247314767603e-05, "validation_rollout": 0.0007080424693413079, "train_seconds": 5.742832541465759, "elapsed_seconds": 6.80109877884388}
{"cell": "midpoint-b4-L4-detached-s161803-B", "epoch": 500, "train_mse": 0.00018160883337259293, "gradient_norm": 0.00010402858606539667, "validation_one_step": 1.7762827837941586e-05, "validation_rollout": 0.0005464734276756644, "train_seconds": 7.176014542579651, "elapsed_seconds": 8.494484603404999}
{"cell": "midpoint-b4-L4-detached-s161803-B", "epoch": 600, "train_mse": 0.00011391456064302474, "gradient_norm": 0.00010357753490097821, "validation_one_step": 1.1317630802902082e-05, "validation_rollout": 0.0003423549933359027, "train_seconds": 8.60687605664134, "elapsed_seconds": 10.186166100203991}
{"cell": "midpoint-b4-L4-detached-s161803-B", "epoch": 700, "train_mse": 7.046957762213424e-05, "gradient_norm": 0.0019184112315997481, "validation_one_step": 5.904773142143919e-06, "validation_rollout": 0.00016916418098844588, "train_seconds": 10.04134576767683, "elapsed_seconds": 11.880676362663507}
{"cell": "midpoint-b4-L4-detached-s161803-B", "epoch": 800, "train_mse": 1.1377976989024319e-05, "gradient_norm": 4.8552636144449934e-05, "validation_one_step": 1.200288522795745e-06, "validation_rollout": 3.518233643262647e-05, "train_seconds": 11.47339716181159, "elapsed_seconds": 13.574786636978388}
{"cell": "midpoint-b4-L4-detached-s161803-B", "epoch": 900, "train_mse": 3.4188742574770004e-06, "gradient_norm": 0.000553635589312762, "validation_one_step": 1.8311833353360876e-07, "validation_rollout": 5.547573437070241e-06, "train_seconds": 12.90372609347105, "elapsed_seconds": 15.266610264778137}
{"cell": "midpoint-b4-L4-detached-s161803-B", "epoch": 1000, "train_mse": 2.879604323879903e-07, "gradient_norm": 5.339352810551645e-06, "validation_one_step": 3.363330295750681e-08, "validation_rollout": 1.1000502126989886e-06, "train_seconds": 14.33400059491396, "elapsed_seconds": 16.959170415997505}
{"cell": "midpoint-b4-L4-detached-s161803-B", "epoch": 1100, "train_mse": 1.0513574011383753e-07, "gradient_norm": 3.389181074453518e-06, "validation_one_step": 1.2086207294241072e-08, "validation_rollout": 3.850836094443366e-07, "train_seconds": 15.765635415911674, "elapsed_seconds": 18.654220946133137}
{"cell": "midpoint-b4-L4-detached-s161803-B", "epoch": 1200, "train_mse": 6.138029817748247e-08, "gradient_norm": 7.499842467950657e-06, "validation_one_step": 7.486348282033836e-09, "validation_rollout": 2.2199519378318655e-07, "train_seconds": 17.196296505630016, "elapsed_seconds": 20.34475649893284}
{"cell": "midpoint-b4-L4-detached-s161803-B", "epoch": 1300, "train_mse": 4.353568527903917e-08, "gradient_norm": 5.648739147545712e-07, "validation_one_step": 4.9874109286918156e-09, "validation_rollout": 1.330763694795678e-07, "train_seconds": 18.633599191904068, "elapsed_seconds": 22.046868570148945}
{"cell": "midpoint-b4-L4-detached-s161803-B", "epoch": 1400, "train_mse": 1.264068214368308e-05, "gradient_norm": 0.0014916383661329746, "validation_one_step": 9.485589913538206e-07, "validation_rollout": 2.6470395823707804e-05, "train_seconds": 20.066824316978455, "elapsed_seconds": 23.74306693673134}
{"cell": "midpoint-b4-L4-detached-s161803-B", "epoch": 1500, "train_mse": 3.088576505660967e-08, "gradient_norm": 8.288238859677222e-06, "validation_one_step": 3.6572579039291972e-09, "validation_rollout": 8.725135813847373e-08, "train_seconds": 21.500387597829103, "elapsed_seconds": 25.439757466316223}
{"cell": "midpoint-b4-L4-detached-s161803-B", "epoch": 1600, "train_mse": 2.7995707085892718e-08, "gradient_norm": 2.3554962069738394e-07, "validation_one_step": 3.3688610419820484e-09, "validation_rollout": 7.983761207697171e-08, "train_seconds": 22.941422056406736, "elapsed_seconds": 27.14874818921089}
{"cell": "midpoint-b4-L4-detached-s161803-B", "epoch": 1700, "train_mse": 8.171276135726657e-07, "gradient_norm": 0.00036959859426133335, "validation_one_step": 4.80976529715349e-08, "validation_rollout": 1.3191676089263638e-06, "train_seconds": 24.370156966149807, "elapsed_seconds": 28.84048193693161}
{"cell": "midpoint-b4-L4-detached-s161803-B", "epoch": 1800, "train_mse": 2.4130880404982236e-08, "gradient_norm": 1.871141535048082e-06, "validation_one_step": 3.0182560895042343e-09, "validation_rollout": 6.76032527735515e-08, "train_seconds": 25.796444695442915, "elapsed_seconds": 30.530534084886312}
{"cell": "midpoint-b4-L4-detached-s161803-B", "epoch": 1900, "train_mse": 2.3014736783011358e-08, "gradient_norm": 1.4634397871304827e-07, "validation_one_step": 2.9112546447625696e-09, "validation_rollout": 6.468254554192754e-08, "train_seconds": 27.225096356123686, "elapsed_seconds": 32.227000057697296}
{"cell": "midpoint-b4-L4-detached-s161803-B", "epoch": 2000, "train_mse": 3.5385607333182634e-08, "gradient_norm": 4.817814988200553e-05, "validation_one_step": 1.160813785835065e-08, "validation_rollout": 3.0451403176812164e-07, "train_seconds": 28.649775188416243, "elapsed_seconds": 33.91629294678569}
CELL_COMPLETE midpoint-b4-L4-detached-s161803-B
{"cell": "midpoint-b4-L4-unroll-s31415-A", "epoch": 1, "train_mse": 0.026081476360559464, "gradient_norm": 0.02417534589767456, "validation_one_step": 0.0037758167988310256, "validation_rollout": 0.08431018143892288, "train_seconds": 0.015884660184383392, "elapsed_seconds": 0.04231860116124153}
{"cell": "midpoint-b4-L4-unroll-s31415-A", "epoch": 100, "train_mse": 0.0002695188741199672, "gradient_norm": 0.0004008654213976115, "validation_one_step": 3.272171034041094e-05, "validation_rollout": 0.000959675875492394, "train_seconds": 1.5377911776304245, "elapsed_seconds": 1.826861448585987}
{"cell": "midpoint-b4-L4-unroll-s31415-A", "epoch": 200, "train_mse": 0.00025919004110619426, "gradient_norm": 0.00013503369700629264, "validation_one_step": 3.302622796278835e-05, "validation_rollout": 0.0009415988461114466, "train_seconds": 3.0893119163811207, "elapsed_seconds": 3.64203579723835}
{"cell": "midpoint-b4-L4-unroll-s31415-A", "epoch": 300, "train_mse": 0.00024485302856191993, "gradient_norm": 0.00014740570622961968, "validation_one_step": 3.140946713150091e-05, "validation_rollout": 0.0008929570321924984, "train_seconds": 4.674367167055607, "elapsed_seconds": 5.504638787358999}
{"cell": "midpoint-b4-L4-unroll-s31415-A", "epoch": 400, "train_mse": 0.00022285254090093076, "gradient_norm": 0.0001669684861553833, "validation_one_step": 2.871784408853273e-05, "validation_rollout": 0.0008127660257741809, "train_seconds": 6.256882011890411, "elapsed_seconds": 7.364748403429985}
{"cell": "midpoint-b4-L4-unroll-s31415-A", "epoch": 500, "train_mse": 0.0001885167439468205, "gradient_norm": 0.0002190534578403458, "validation_one_step": 2.4326272068719845e-05, "validation_rollout": 0.0006833605002611876, "train_seconds": 7.862694334238768, "elapsed_seconds": 9.255093976855278}
{"cell": "midpoint-b4-L4-unroll-s31415-A", "epoch": 600, "train_mse": 0.00013635022332891822, "gradient_norm": 0.00021946144988760352, "validation_one_step": 1.782112819152341e-05, "validation_rollout": 0.0004940798389725387, "train_seconds": 9.442160565406084, "elapsed_seconds": 11.104718547314405}
{"cell": "midpoint-b4-L4-unroll-s31415-A", "epoch": 700, "train_mse": 7.056535105220973e-05, "gradient_norm": 0.0002155627153115347, "validation_one_step": 9.378678782923089e-06, "validation_rollout": 0.00025445185019634664, "train_seconds": 11.047957330942154, "elapsed_seconds": 12.98450243473053}
{"cell": "midpoint-b4-L4-unroll-s31415-A", "epoch": 800, "train_mse": 1.97406807274092e-05, "gradient_norm": 0.0003807562170550227, "validation_one_step": 2.7798081039994336e-06, "validation_rollout": 7.318679854506627e-05, "train_seconds": 12.603441782295704, "elapsed_seconds": 14.812841109931469}
{"cell": "midpoint-b4-L4-unroll-s31415-A", "epoch": 900, "train_mse": 2.4582896003266796e-06, "gradient_norm": 6.183286313898861e-05, "validation_one_step": 3.5211699393281987e-07, "validation_rollout": 8.751409950491507e-06, "train_seconds": 14.149383690208197, "elapsed_seconds": 16.62672820314765}
{"cell": "midpoint-b4-L4-unroll-s31415-A", "epoch": 1000, "train_mse": 1.921414138905675e-07, "gradient_norm": 6.602889334317297e-05, "validation_one_step": 3.108141729176358e-08, "validation_rollout": 6.617282224397059e-07, "train_seconds": 15.691653195768595, "elapsed_seconds": 18.435643833130598}
{"cell": "midpoint-b4-L4-unroll-s31415-A", "epoch": 1100, "train_mse": 3.5830858280405664e-08, "gradient_norm": 3.4603358471940737e-06, "validation_one_step": 4.962639114462301e-09, "validation_rollout": 8.590527045271301e-08, "train_seconds": 17.20793505012989, "elapsed_seconds": 20.221224278211594}
{"cell": "midpoint-b4-L4-unroll-s31415-A", "epoch": 1200, "train_mse": 3.52329436736909e-08, "gradient_norm": 0.00010527047561481595, "validation_one_step": 4.798496044955414e-09, "validation_rollout": 1.1682850242777931e-07, "train_seconds": 18.74918222427368, "elapsed_seconds": 22.027616947889328}
{"cell": "midpoint-b4-L4-unroll-s31415-A", "epoch": 1300, "train_mse": 2.7055666151909463e-08, "gradient_norm": 8.80472782682773e-07, "validation_one_step": 2.669202007569519e-09, "validation_rollout": 5.379961720564097e-08, "train_seconds": 20.339307595044374, "elapsed_seconds": 23.886489897966385}
{"cell": "midpoint-b4-L4-unroll-s31415-A", "epoch": 1400, "train_mse": 4.736036984809289e-08, "gradient_norm": 0.00018965828348882496, "validation_one_step": 8.134037621232437e-08, "validation_rollout": 2.5773231300263433e-06, "train_seconds": 21.88912231847644, "elapsed_seconds": 25.70456414297223}
{"cell": "midpoint-b4-L4-unroll-s31415-A", "epoch": 1500, "train_mse": 2.501100127005884e-08, "gradient_norm": 1.2015693755529355e-05, "validation_one_step": 2.534048841133322e-09, "validation_rollout": 5.1636227738072193e-08, "train_seconds": 23.448008339852095, "elapsed_seconds": 27.532113559544086}
{"cell": "midpoint-b4-L4-unroll-s31415-A", "epoch": 1600, "train_mse": 2.4114243046824413e-08, "gradient_norm": 4.778954689754755e-07, "validation_one_step": 2.4085904567113423e-09, "validation_rollout": 4.9993090556199604e-08, "train_seconds": 24.987374644726515, "elapsed_seconds": 29.342217095196247}
{"cell": "midpoint-b4-L4-unroll-s31415-A", "epoch": 1700, "train_mse": 1.2316843367443653e-07, "gradient_norm": 0.0004087757843080908, "validation_one_step": 7.448787734768795e-09, "validation_rollout": 2.0452074522836483e-07, "train_seconds": 26.513211645185947, "elapsed_seconds": 31.137333035469055}
{"cell": "midpoint-b4-L4-unroll-s31415-A", "epoch": 1800, "train_mse": 2.2536593036193153e-08, "gradient_norm": 2.7447642878541956e-06, "validation_one_step": 2.3198185779745493e-09, "validation_rollout": 4.845118084517708e-08, "train_seconds": 28.048616606742144, "elapsed_seconds": 32.944617841392756}
{"cell": "midpoint-b4-L4-unroll-s31415-A", "epoch": 1900, "train_mse": 5.6891309441198246e-08, "gradient_norm": 0.00024179494357667863, "validation_one_step": 9.168983979475817e-09, "validation_rollout": 2.63978563452838e-07, "train_seconds": 29.586380034685135, "elapsed_seconds": 34.75749536976218}
{"cell": "midpoint-b4-L4-unroll-s31415-A", "epoch": 2000, "train_mse": 2.1807659678074742e-08, "gradient_norm": 3.1378167477669194e-05, "validation_one_step": 2.2965194375797657e-09, "validation_rollout": 4.745519532889375e-08, "train_seconds": 31.12790247797966, "elapsed_seconds": 36.5707525908947}
CELL_COMPLETE midpoint-b4-L4-unroll-s31415-A
{"cell": "midpoint-b4-L4-unroll-s31415-B", "epoch": 1, "train_mse": 0.028019441291689873, "gradient_norm": 0.042778488248586655, "validation_one_step": 0.003962870764856537, "validation_rollout": 0.08702915906906128, "train_seconds": 0.015989895910024643, "elapsed_seconds": 0.04120092839002609}
{"cell": "midpoint-b4-L4-unroll-s31415-B", "epoch": 100, "train_mse": 0.00024832814233377576, "gradient_norm": 0.0002691966656129807, "validation_one_step": 3.219259368355173e-05, "validation_rollout": 0.0009091626852750778, "train_seconds": 1.5167944245040417, "elapsed_seconds": 1.7973845601081848}
{"cell": "midpoint-b4-L4-unroll-s31415-B", "epoch": 200, "train_mse": 0.00023739360040053725, "gradient_norm": 0.0001472266885684803, "validation_one_step": 3.111298360636283e-05, "validation_rollout": 0.0008724483195692301, "train_seconds": 3.017620623111725, "elapsed_seconds": 3.5544156692922115}
{"cell": "midpoint-b4-L4-unroll-s31415-B", "epoch": 300, "train_mse": 0.0002211651299148798, "gradient_norm": 0.00015788177552167326, "validation_one_step": 2.9249830125384808e-05, "validation_rollout": 0.0008163891034200788, "train_seconds": 4.51080908998847, "elapsed_seconds": 5.30470284819603}
{"cell": "midpoint-b4-L4-unroll-s31415-B", "epoch": 400, "train_mse": 0.0001973089820239693, "gradient_norm": 0.00017434630717616528, "validation_one_step": 2.6297568410882377e-05, "validation_rollout": 0.0007291071233339608, "train_seconds": 6.0031338557600975, "elapsed_seconds": 7.055989343672991}
{"cell": "midpoint-b4-L4-unroll-s31415-B", "epoch": 500, "train_mse": 0.0001629931211937219, "gradient_norm": 0.00019301903375890106, "validation_one_step": 2.1880424204330968e-05, "validation_rollout": 0.0006013528909534216, "train_seconds": 7.498731631785631, "elapsed_seconds": 8.811266370117664}
{"cell": "midpoint-b4-L4-unroll-s31415-B", "epoch": 600, "train_mse": 0.00011735450243577361, "gradient_norm": 0.00020466031855903566, "validation_one_step": 1.5915679493142914e-05, "validation_rollout": 0.0004322672903072089, "train_seconds": 8.998136229813099, "elapsed_seconds": 10.570963524281979}
{"cell": "midpoint-b4-L4-unroll-s31415-B", "epoch": 700, "train_mse": 6.582806236110628e-05, "gradient_norm": 0.00020505879365373403, "validation_one_step": 9.102749459088955e-06, "validation_rollout": 0.00024338018556591123, "train_seconds": 10.493554789572954, "elapsed_seconds": 12.329267241060734}
{"cell": "midpoint-b4-L4-unroll-s31415-B", "epoch": 800, "train_mse": 2.4808363377815112e-05, "gradient_norm": 0.00020874616166111082, "validation_one_step": 3.522300498085921e-06, "validation_rollout": 9.327687439508736e-05, "train_seconds": 11.998823519796133, "elapsed_seconds": 14.09527038782835}
{"cell": "midpoint-b4-L4-unroll-s31415-B", "epoch": 900, "train_mse": 6.322233730315929e-06, "gradient_norm": 0.0007881027995608747, "validation_one_step": 9.790040801741877e-07, "validation_rollout": 2.6530518880463205e-05, "train_seconds": 13.490981545299292, "elapsed_seconds": 15.848739940673113}
{"cell": "midpoint-b4-L4-unroll-s31415-B", "epoch": 1000, "train_mse": 1.5601377526763827e-05, "gradient_norm": 0.005676486995071173, "validation_one_step": 1.128679751142651e-06, "validation_rollout": 3.259562799939886e-05, "train_seconds": 14.989279873669147, "elapsed_seconds": 17.608405139297247}
{"cell": "midpoint-b4-L4-unroll-s31415-B", "epoch": 1100, "train_mse": 4.303368541513919e-07, "gradient_norm": 1.3322407539817505e-05, "validation_one_step": 5.815420974405091e-08, "validation_rollout": 2.3727561710984446e-06, "train_seconds": 16.489245872944593, "elapsed_seconds": 19.370731443166733}
{"cell": "midpoint-b4-L4-unroll-s31415-B", "epoch": 1200, "train_mse": 1.6140957086463459e-06, "gradient_norm": 0.0017783663934096694, "validation_one_step": 2.3512800713850387e-07, "validation_rollout": 7.1795793701312505e-06, "train_seconds": 17.994896844029427, "elapsed_seconds": 21.14112152531743}
{"cell": "midpoint-b4-L4-unroll-s31415-B", "epoch": 1300, "train_mse": 1.2474816912799724e-07, "gradient_norm": 1.13113301267731e-05, "validation_one_step": 1.4355778195825527e-08, "validation_rollout": 6.852812362012628e-07, "train_seconds": 19.49018920585513, "elapsed_seconds": 22.899615172296762}
{"cell": "midpoint-b4-L4-unroll-s31415-B", "epoch": 1400, "train_mse": 5.827204176966916e-07, "gradient_norm": 0.0010704235173761845, "validation_one_step": 1.2254138415102034e-07, "validation_rollout": 3.6420451579033397e-06, "train_seconds": 20.98375603184104, "elapsed_seconds": 24.65642210096121}
{"cell": "midpoint-b4-L4-unroll-s31415-B", "epoch": 1500, "train_mse": 5.297320626596047e-08, "gradient_norm": 2.0887258870061487e-05, "validation_one_step": 6.216356540633683e-09, "validation_rollout": 2.668530783012102e-07, "train_seconds": 22.47367662936449, "elapsed_seconds": 26.407715883105993}
{"cell": "midpoint-b4-L4-unroll-s31415-B", "epoch": 1600, "train_mse": 3.8604312635470706e-08, "gradient_norm": 1.8270974351253244e-06, "validation_one_step": 4.195492027866028e-09, "validation_rollout": 1.7706881294543564e-07, "train_seconds": 23.9675933085382, "elapsed_seconds": 28.1663826033473}
{"cell": "midpoint-b4-L4-unroll-s31415-B", "epoch": 1700, "train_mse": 3.603873821589332e-08, "gradient_norm": 9.405082528246567e-05, "validation_one_step": 4.6137994994902937e-07, "validation_rollout": 1.2872867955593392e-05, "train_seconds": 25.466297417879105, "elapsed_seconds": 29.95611534640193}
{"cell": "midpoint-b4-L4-unroll-s31415-B", "epoch": 1800, "train_mse": 2.7228871601892024e-08, "gradient_norm": 2.0654195395763963e-05, "validation_one_step": 3.1273886813565355e-09, "validation_rollout": 1.0970734365400858e-07, "train_seconds": 26.959577780216932, "elapsed_seconds": 31.71232144534588}
{"cell": "midpoint-b4-L4-unroll-s31415-B", "epoch": 1900, "train_mse": 2.4150335065087347e-08, "gradient_norm": 7.447416123795847e-07, "validation_one_step": 2.604880274444573e-09, "validation_rollout": 8.896688541426556e-08, "train_seconds": 28.454384498298168, "elapsed_seconds": 33.4737276956439}
{"cell": "midpoint-b4-L4-unroll-s31415-B", "epoch": 2000, "train_mse": 5.336260983312968e-06, "gradient_norm": 0.0034200672525912523, "validation_one_step": 1.137409914993744e-06, "validation_rollout": 3.162591747241095e-05, "train_seconds": 29.951577682048082, "elapsed_seconds": 35.242098927497864}
CELL_COMPLETE midpoint-b4-L4-unroll-s31415-B
{"cell": "midpoint-b4-L4-unroll-s271828-A", "epoch": 1, "train_mse": 0.01681452989578247, "gradient_norm": 0.03232178837060928, "validation_one_step": 0.0026690030354075134, "validation_rollout": 0.06351505219936371, "train_seconds": 0.01583268493413925, "elapsed_seconds": 0.04163730517029762}
{"cell": "midpoint-b4-L4-unroll-s271828-A", "epoch": 100, "train_mse": 0.00024056280381046236, "gradient_norm": 0.00035086306161247194, "validation_one_step": 3.7558981148322346e-05, "validation_rollout": 0.0010640881955623627, "train_seconds": 1.5289617739617825, "elapsed_seconds": 1.826410487294197}
{"cell": "midpoint-b4-L4-unroll-s271828-A", "epoch": 200, "train_mse": 0.00023178609262686223, "gradient_norm": 0.00010744990868261084, "validation_one_step": 3.516759458458788e-05, "validation_rollout": 0.0010221396805718541, "train_seconds": 3.061139803379774, "elapsed_seconds": 3.6236450113356113}
{"cell": "midpoint-b4-L4-unroll-s271828-A", "epoch": 300, "train_mse": 0.00021836618543602526, "gradient_norm": 0.00011725362855941057, "validation_one_step": 3.325654355042692e-05, "validation_rollout": 0.0009752876940183342, "train_seconds": 4.592769872397184, "elapsed_seconds": 5.423526134341955}
{"cell": "midpoint-b4-L4-unroll-s271828-A", "epoch": 400, "train_mse": 0.00019783714378718287, "gradient_norm": 0.0001271078799618408, "validation_one_step": 3.0312991232979886e-05, "validation_rollout": 0.0009040156146511436, "train_seconds": 6.133592043071985, "elapsed_seconds": 7.236711528152227}
{"cell": "midpoint-b4-L4-unroll-s271828-A", "epoch": 500, "train_mse": 0.00016750572831369936, "gradient_norm": 0.00014067915617488325, "validation_one_step": 2.5875184746837476e-05, "validation_rollout": 0.000791983911767602, "train_seconds": 7.686302166432142, "elapsed_seconds": 9.066106054931879}
{"cell": "midpoint-b4-L4-unroll-s271828-A", "epoch": 600, "train_mse": 0.00011872628965647891, "gradient_norm": 0.00017195765394717455, "validation_one_step": 1.8460323493248627e-05, "validation_rollout": 0.0005745210801251233, "train_seconds": 9.219915356487036, "elapsed_seconds": 10.871580965816975}
{"cell": "midpoint-b4-L4-unroll-s271828-A", "epoch": 700, "train_mse": 4.633612115867436e-05, "gradient_norm": 0.000169661027030088, "validation_one_step": 7.177897032306646e-06, "validation_rollout": 0.00022104383970145136, "train_seconds": 10.745926283299923, "elapsed_seconds": 12.674634624272585}
{"cell": "midpoint-b4-L4-unroll-s271828-A", "epoch": 800, "train_mse": 4.975218416802818e-06, "gradient_norm": 7.129368168534711e-05, "validation_one_step": 7.303502134921777e-07, "validation_rollout": 2.3624050299986266e-05, "train_seconds": 12.256369918584824, "elapsed_seconds": 14.452719256281853}
{"cell": "midpoint-b4-L4-unroll-s271828-A", "epoch": 900, "train_mse": 3.925496798729e-07, "gradient_norm": 1.2341997717157938e-05, "validation_one_step": 6.195265752258668e-08, "validation_rollout": 1.99811961465457e-06, "train_seconds": 13.772706985473633, "elapsed_seconds": 16.237463653087616}
{"cell": "midpoint-b4-L4-unroll-s271828-A", "epoch": 1000, "train_mse": 2.732579673647706e-07, "gradient_norm": 1.978707587113604e-06, "validation_one_step": 5.425887235806689e-08, "validation_rollout": 1.3805691878587822e-06, "train_seconds": 15.284748934209347, "elapsed_seconds": 18.017271280288696}
{"cell": "midpoint-b4-L4-unroll-s271828-A", "epoch": 1100, "train_mse": 2.670698791007453e-07, "gradient_norm": 1.3349323353395448e-06, "validation_one_step": 5.42842511682314e-08, "validation_rollout": 1.3410902965915739e-06, "train_seconds": 16.794192288070917, "elapsed_seconds": 19.79404243454337}
{"cell": "midpoint-b4-L4-unroll-s271828-A", "epoch": 1200, "train_mse": 2.618459973291465e-07, "gradient_norm": 1.2927241641591536e-06, "validation_one_step": 5.3338644908270304e-08, "validation_rollout": 1.3123833468853263e-06, "train_seconds": 18.3066393584013, "elapsed_seconds": 21.57528493180871}
{"cell": "midpoint-b4-L4-unroll-s271828-A", "epoch": 1300, "train_mse": 2.564516421443841e-07, "gradient_norm": 1.2816398111681337e-06, "validation_one_step": 5.226735370437533e-08, "validation_rollout": 1.2832870197598822e-06, "train_seconds": 19.814990766346455, "elapsed_seconds": 23.354082122445107}
{"cell": "midpoint-b4-L4-unroll-s271828-A", "epoch": 1400, "train_mse": 2.508869556550053e-07, "gradient_norm": 1.246529905074567e-06, "validation_one_step": 5.115407830658114e-08, "validation_rollout": 1.253417735824769e-06, "train_seconds": 21.331131380051374, "elapsed_seconds": 25.14135490730405}
{"cell": "midpoint-b4-L4-unroll-s271828-A", "epoch": 1500, "train_mse": 2.451772047606937e-07, "gradient_norm": 1.2141731531301048e-06, "validation_one_step": 5.001091777738035e-08, "validation_rollout": 1.2227681054355344e-06, "train_seconds": 22.84597411751747, "elapsed_seconds": 26.928018745034933}
{"cell": "midpoint-b4-L4-unroll-s271828-A", "epoch": 1600, "train_mse": 2.393190925431554e-07, "gradient_norm": 1.1842585081467405e-06, "validation_one_step": 4.883623816454019e-08, "validation_rollout": 1.1915259392480948e-06, "train_seconds": 24.362033303827047, "elapsed_seconds": 28.71734707057476}
{"cell": "midpoint-b4-L4-unroll-s271828-A", "epoch": 1700, "train_mse": 2.3335283572123444e-07, "gradient_norm": 1.1670023241094896e-06, "validation_one_step": 4.763576585039194e-08, "validation_rollout": 1.1597444427025039e-06, "train_seconds": 25.879551481455564, "elapsed_seconds": 30.507684271782637}
{"cell": "midpoint-b4-L4-unroll-s271828-A", "epoch": 1800, "train_mse": 2.2727449788817466e-07, "gradient_norm": 1.1515011237861472e-06, "validation_one_step": 4.641469223779874e-08, "validation_rollout": 1.1275319593551103e-06, "train_seconds": 27.392610546201468, "elapsed_seconds": 32.294685155153275}
{"cell": "midpoint-b4-L4-unroll-s271828-A", "epoch": 1900, "train_mse": 2.5143538096017437e-07, "gradient_norm": 0.0001794154231902212, "validation_one_step": 4.86380168733073e-08, "validation_rollout": 1.1507249837450217e-06, "train_seconds": 28.90882110968232, "elapsed_seconds": 34.084368381649256}
{"cell": "midpoint-b4-L4-unroll-s271828-A", "epoch": 2000, "train_mse": 2.1523089799302397e-07, "gradient_norm": 1.6530334505659994e-06, "validation_one_step": 4.3961280245715294e-08, "validation_rollout": 1.0640883374435361e-06, "train_seconds": 30.42140080779791, "elapsed_seconds": 35.871408469974995}
CELL_COMPLETE midpoint-b4-L4-unroll-s271828-A
{"cell": "midpoint-b4-L4-unroll-s271828-B", "epoch": 1, "train_mse": 0.016311030834913254, "gradient_norm": 0.028131885454058647, "validation_one_step": 0.0028776809534368417, "validation_rollout": 0.06828373670578003, "train_seconds": 0.015768826007843018, "elapsed_seconds": 0.0436294823884964}
{"cell": "midpoint-b4-L4-unroll-s271828-B", "epoch": 100, "train_mse": 0.00023292041441891342, "gradient_norm": 0.00033998829894699156, "validation_one_step": 3.7612727434558714e-05, "validation_rollout": 0.001060229493305087, "train_seconds": 1.4969956949353218, "elapsed_seconds": 1.795953705906868}
{"cell": "midpoint-b4-L4-unroll-s271828-B", "epoch": 200, "train_mse": 0.00022056624584365636, "gradient_norm": 0.00011140631249872968, "validation_one_step": 3.4874463532711765e-05, "validation_rollout": 0.0010206503793597221, "train_seconds": 2.98779758810997, "elapsed_seconds": 3.541501145809889}
{"cell": "midpoint-b4-L4-unroll-s271828-B", "epoch": 300, "train_mse": 0.0002053076314041391, "gradient_norm": 0.00010609992750687525, "validation_one_step": 3.308641771582188e-05, "validation_rollout": 0.0009900699369609356, "train_seconds": 4.489457979798317, "elapsed_seconds": 5.2986233830451965}
{"cell": "midpoint-b4-L4-unroll-s271828-B", "epoch": 400, "train_mse": 0.00019003573106601834, "gradient_norm": 9.822126594372094e-05, "validation_one_step": 3.116107397242255e-05, "validation_rollout": 0.0009569773683324456, "train_seconds": 5.985169995576143, "elapsed_seconds": 7.054840255528688}
{"cell": "midpoint-b4-L4-unroll-s271828-B", "epoch": 500, "train_mse": 0.00017303571803495288, "gradient_norm": 0.00010640671825967729, "validation_one_step": 2.8563821767117286e-05, "validation_rollout": 0.0008901498513296247, "train_seconds": 7.483623273670673, "elapsed_seconds": 8.812714152038097}
{"cell": "midpoint-b4-L4-unroll-s271828-B", "epoch": 600, "train_mse": 0.00014593741798307747, "gradient_norm": 0.00013213125930633396, "validation_one_step": 2.411614157911875e-05, "validation_rollout": 0.0007497604819945991, "train_seconds": 8.980308473110199, "elapsed_seconds": 10.569353017956018}
{"cell": "midpoint-b4-L4-unroll-s271828-B", "epoch": 700, "train_mse": 9.860114369075745e-05, "gradient_norm": 0.00016343987954314798, "validation_one_step": 1.6319032283718116e-05, "validation_rollout": 0.0005038519157096744, "train_seconds": 10.469029273837805, "elapsed_seconds": 12.31863884627819}
{"cell": "midpoint-b4-L4-unroll-s271828-B", "epoch": 800, "train_mse": 3.616278991103172e-05, "gradient_norm": 0.0001471703581046313, "validation_one_step": 6.019138330278413e-06, "validation_rollout": 0.00018536217976361513, "train_seconds": 11.971885610371828, "elapsed_seconds": 14.095909178256989}
{"cell": "midpoint-b4-L4-unroll-s271828-B", "epoch": 900, "train_mse": 4.411238478496671e-06, "gradient_norm": 6.20306163909845e-05, "validation_one_step": 7.632579700119398e-07, "validation_rollout": 2.448521445330698e-05, "train_seconds": 13.458758242428303, "elapsed_seconds": 15.844198614358902}
{"cell": "midpoint-b4-L4-unroll-s271828-B", "epoch": 1000, "train_mse": 5.205099000704649e-07, "gradient_norm": 1.3228852367319632e-05, "validation_one_step": 1.2132333419382727e-07, "validation_rollout": 3.818863206106471e-06, "train_seconds": 14.952604360878468, "elapsed_seconds": 17.601750660687685}
{"cell": "midpoint-b4-L4-unroll-s271828-B", "epoch": 1100, "train_mse": 3.266608246121905e-07, "gradient_norm": 3.7937172692181775e-06, "validation_one_step": 8.761729238434175e-08, "validation_rollout": 2.419442125756177e-06, "train_seconds": 16.444732081145048, "elapsed_seconds": 19.3563399836421}
{"cell": "midpoint-b4-L4-unroll-s271828-B", "epoch": 1200, "train_mse": 2.887643688609387e-07, "gradient_norm": 9.434233652427793e-05, "validation_one_step": 7.457124517884495e-08, "validation_rollout": 2.1055441266071284e-06, "train_seconds": 17.950719952583313, "elapsed_seconds": 21.12568511068821}
{"cell": "midpoint-b4-L4-unroll-s271828-B", "epoch": 1300, "train_mse": 2.5846264861684176e-07, "gradient_norm": 2.4457778636133298e-05, "validation_one_step": 6.994763168677309e-08, "validation_rollout": 1.7898888700074167e-06, "train_seconds": 19.441298492252827, "elapsed_seconds": 22.883127346634865}
{"cell": "midpoint-b4-L4-unroll-s271828-B", "epoch": 1400, "train_mse": 2.4066503101494163e-07, "gradient_norm": 1.776172439349466e-06, "validation_one_step": 6.346583199719665e-08, "validation_rollout": 1.6217959455389064e-06, "train_seconds": 20.92979771643877, "elapsed_seconds": 24.6350937448442}
{"cell": "midpoint-b4-L4-unroll-s271828-B", "epoch": 1500, "train_mse": 2.528621223518712e-07, "gradient_norm": 0.0001772907271515578, "validation_one_step": 5.828866633805774e-08, "validation_rollout": 1.5456514574907487e-06, "train_seconds": 22.41615630313754, "elapsed_seconds": 26.38350836187601}
{"cell": "midpoint-b4-L4-unroll-s271828-B", "epoch": 1600, "train_mse": 2.2101937702245777e-07, "gradient_norm": 2.9102163807692705e-06, "validation_one_step": 5.6459758942158565e-08, "validation_rollout": 1.4099442751103197e-06, "train_seconds": 23.907166618853807, "elapsed_seconds": 28.13883224874735}
{"cell": "midpoint-b4-L4-unroll-s271828-B", "epoch": 1700, "train_mse": 2.1457839238792076e-07, "gradient_norm": 3.823239603661932e-05, "validation_one_step": 5.4923932661192033e-08, "validation_rollout": 1.3272639307615464e-06, "train_seconds": 25.395677253603935, "elapsed_seconds": 29.894539516419172}
{"cell": "midpoint-b4-L4-unroll-s271828-B", "epoch": 1800, "train_mse": 2.1087002721742465e-07, "gradient_norm": 5.556333780987188e-05, "validation_one_step": 5.314325897861257e-08, "validation_rollout": 1.2747545952151995e-06, "train_seconds": 26.88337617367506, "elapsed_seconds": 31.64715288951993}
{"cell": "midpoint-b4-L4-unroll-s271828-B", "epoch": 1900, "train_mse": 2.0289877511459053e-07, "gradient_norm": 1.1295896911178716e-06, "validation_one_step": 4.988912275886529e-08, "validation_rollout": 1.2226394119352335e-06, "train_seconds": 28.55665974318981, "elapsed_seconds": 33.59632644057274}
{"cell": "midpoint-b4-L4-unroll-s271828-B", "epoch": 2000, "train_mse": 2.000950871661189e-07, "gradient_norm": 3.539818135323003e-05, "validation_one_step": 5.608464862897714e-08, "validation_rollout": 1.2657192201004364e-06, "train_seconds": 30.07931426540017, "elapsed_seconds": 35.39387730509043}
CELL_COMPLETE midpoint-b4-L4-unroll-s271828-B
{"cell": "midpoint-b4-L4-unroll-s161803-A", "epoch": 1, "train_mse": 0.02888716384768486, "gradient_norm": 0.03402870148420334, "validation_one_step": 0.0036596935436440012, "validation_rollout": 0.08209092915058136, "train_seconds": 0.0156332366168499, "elapsed_seconds": 0.04129962623119354}
{"cell": "midpoint-b4-L4-unroll-s161803-A", "epoch": 100, "train_mse": 0.0003167288959957659, "gradient_norm": 0.000568397284951061, "validation_one_step": 2.9197457024565665e-05, "validation_rollout": 0.000978577882051468, "train_seconds": 1.5215203650295734, "elapsed_seconds": 1.8110180906951427}
{"cell": "midpoint-b4-L4-unroll-s161803-A", "epoch": 200, "train_mse": 0.000303144654026255, "gradient_norm": 0.00017422359087504447, "validation_one_step": 2.8370798797065316e-05, "validation_rollout": 0.0009236858459189534, "train_seconds": 3.042608868330717, "elapsed_seconds": 3.5977394804358482}
{"cell": "midpoint-b4-L4-unroll-s161803-A", "epoch": 300, "train_mse": 0.00028398947324603796, "gradient_norm": 0.00019209444872103631, "validation_one_step": 2.6591196122656886e-05, "validation_rollout": 0.0008646384230814874, "train_seconds": 4.570410247892141, "elapsed_seconds": 5.398278594017029}
{"cell": "midpoint-b4-L4-unroll-s161803-A", "epoch": 400, "train_mse": 0.0002556049730628729, "gradient_norm": 0.00021451122302096337, "validation_one_step": 2.4005057184695033e-05, "validation_rollout": 0.0007776927086524665, "train_seconds": 6.1056350246071815, "elapsed_seconds": 7.2028560899198055}
{"cell": "midpoint-b4-L4-unroll-s161803-A", "epoch": 500, "train_mse": 0.00021460466086864471, "gradient_norm": 0.00023855215113144368, "validation_one_step": 2.029441172150352e-05, "validation_rollout": 0.0006523968186229467, "train_seconds": 7.650172017514706, "elapsed_seconds": 9.014546666294336}
{"cell": "midpoint-b4-L4-unroll-s161803-A", "epoch": 600, "train_mse": 0.0001585176505614072, "gradient_norm": 0.00025535101303830743, "validation_one_step": 1.5165742562809706e-05, "validation_rollout": 0.00048099117702804506, "train_seconds": 9.191272616386414, "elapsed_seconds": 10.823570124804974}
{"cell": "midpoint-b4-L4-unroll-s161803-A", "epoch": 700, "train_mse": 9.158619650406763e-05, "gradient_norm": 0.00024549453519284725, "validation_one_step": 8.911298209568486e-06, "validation_rollout": 0.0002766562392935157, "train_seconds": 10.706672560423613, "elapsed_seconds": 12.607283990830183}
{"cell": "midpoint-b4-L4-unroll-s161803-A", "epoch": 800, "train_mse": 3.3843203709693626e-05, "gradient_norm": 0.0001848866231739521, "validation_one_step": 3.3624151948667227e-06, "validation_rollout": 0.0001013076544040814, "train_seconds": 12.22440792247653, "elapsed_seconds": 14.393437329679728}
{"cell": "midpoint-b4-L4-unroll-s161803-A", "epoch": 900, "train_mse": 6.896776085341116e-06, "gradient_norm": 0.0006116139120422304, "validation_one_step": 7.053377354774663e-07, "validation_rollout": 2.024517561949324e-05, "train_seconds": 13.745254185050726, "elapsed_seconds": 16.183779131621122}
{"cell": "midpoint-b4-L4-unroll-s161803-A", "epoch": 1000, "train_mse": 7.11230541128316e-07, "gradient_norm": 3.290371023467742e-05, "validation_one_step": 7.54201110453323e-08, "validation_rollout": 2.0256597963452805e-06, "train_seconds": 15.254431590437889, "elapsed_seconds": 17.962904267013073}
{"cell": "midpoint-b4-L4-unroll-s161803-A", "epoch": 1100, "train_mse": 1.9655973915178038e-07, "gradient_norm": 0.0004861258203163743, "validation_one_step": 3.500727530081349e-08, "validation_rollout": 9.600281600796734e-07, "train_seconds": 16.767992712557316, "elapsed_seconds": 19.74638769775629}
{"cell": "midpoint-b4-L4-unroll-s161803-A", "epoch": 1200, "train_mse": 1.589783416022783e-08, "gradient_norm": 3.520136260704021e-06, "validation_one_step": 2.358816901063913e-09, "validation_rollout": 5.404866953995224e-08, "train_seconds": 18.277639485895634, "elapsed_seconds": 21.522638771682978}
{"cell": "midpoint-b4-L4-unroll-s161803-A", "epoch": 1300, "train_mse": 1.3390864417317516e-08, "gradient_norm": 3.9656953276789864e-07, "validation_one_step": 1.934937950605805e-09, "validation_rollout": 5.034752348365146e-08, "train_seconds": 19.801088523119688, "elapsed_seconds": 23.317174199968576}
{"cell": "midpoint-b4-L4-unroll-s161803-A", "epoch": 1400, "train_mse": 1.0291221030911402e-07, "gradient_norm": 0.0003924282791558653, "validation_one_step": 4.815115047425896e-09, "validation_rollout": 1.61071241677746e-07, "train_seconds": 21.31796668842435, "elapsed_seconds": 25.10293709114194}
{"cell": "midpoint-b4-L4-unroll-s161803-A", "epoch": 1500, "train_mse": 1.3186649994167965e-08, "gradient_norm": 1.5096878769327304e-06, "validation_one_step": 1.8729170436770914e-09, "validation_rollout": 5.053846052760491e-08, "train_seconds": 22.836021907627583, "elapsed_seconds": 26.89700284972787}
{"cell": "midpoint-b4-L4-unroll-s161803-A", "epoch": 1600, "train_mse": 1.3187450242924115e-08, "gradient_norm": 1.0050252967630513e-05, "validation_one_step": 1.8628445082787457e-09, "validation_rollout": 5.146912229747613e-08, "train_seconds": 24.352455906569958, "elapsed_seconds": 28.68436248227954}
{"cell": "midpoint-b4-L4-unroll-s161803-A", "epoch": 1700, "train_mse": 1.5228055261218287e-08, "gradient_norm": 6.0326263337628916e-05, "validation_one_step": 1.9220257052587897e-09, "validation_rollout": 5.357624388580007e-08, "train_seconds": 25.86782744154334, "elapsed_seconds": 30.469116114079952}
{"cell": "midpoint-b4-L4-unroll-s161803-A", "epoch": 1800, "train_mse": 1.3029127998720469e-08, "gradient_norm": 9.869795292161143e-08, "validation_one_step": 1.8388184678623058e-09, "validation_rollout": 4.968379840875059e-08, "train_seconds": 27.37994098290801, "elapsed_seconds": 32.25319845229387}
{"cell": "midpoint-b4-L4-unroll-s161803-A", "epoch": 1900, "train_mse": 9.66423613135703e-07, "gradient_norm": 0.0012765929568558931, "validation_one_step": 3.81012562241286e-08, "validation_rollout": 1.1431225175329018e-06, "train_seconds": 28.894017532467842, "elapsed_seconds": 34.038472060114145}
{"cell": "midpoint-b4-L4-unroll-s161803-A", "epoch": 2000, "train_mse": 1.2971007379292132e-08, "gradient_norm": 6.129102075647097e-06, "validation_one_step": 1.8321465455883867e-09, "validation_rollout": 4.8637964766840014e-08, "train_seconds": 30.414476942270994, "elapsed_seconds": 35.84149255603552}
CELL_COMPLETE midpoint-b4-L4-unroll-s161803-A
{"cell": "midpoint-b4-L4-unroll-s161803-B", "epoch": 1, "train_mse": 0.02851073071360588, "gradient_norm": 0.031192272901535034, "validation_one_step": 0.003630655681869636, "validation_rollout": 0.08206471800804138, "train_seconds": 0.015814024955034256, "elapsed_seconds": 0.04103304073214531}
{"cell": "midpoint-b4-L4-unroll-s161803-B", "epoch": 100, "train_mse": 0.00031415640842169523, "gradient_norm": 0.000575685640797019, "validation_one_step": 2.931714546624183e-05, "validation_rollout": 0.0009840287966653705, "train_seconds": 1.5176595710217953, "elapsed_seconds": 1.7992770746350288}
{"cell": "midpoint-b4-L4-unroll-s161803-B", "epoch": 200, "train_mse": 0.00029994561919011176, "gradient_norm": 0.00017558794934302568, "validation_one_step": 2.8328363896434894e-05, "validation_rollout": 0.000925408792681992, "train_seconds": 3.0146785862743855, "elapsed_seconds": 3.554631430655718}
{"cell": "midpoint-b4-L4-unroll-s161803-B", "epoch": 300, "train_mse": 0.000280543725239113, "gradient_norm": 0.0001921015209518373, "validation_one_step": 2.6472552917766734e-05, "validation_rollout": 0.0008643995388410985, "train_seconds": 4.516822624951601, "elapsed_seconds": 5.317312806844711}
{"cell": "midpoint-b4-L4-unroll-s161803-B", "epoch": 400, "train_mse": 0.0002521475253161043, "gradient_norm": 0.00021350693714339286, "validation_one_step": 2.387922283257164e-05, "validation_rollout": 0.0007760982844047248, "train_seconds": 6.0112766325473785, "elapsed_seconds": 7.071865104138851}
{"cell": "midpoint-b4-L4-unroll-s161803-B", "epoch": 500, "train_mse": 0.00021182179625611752, "gradient_norm": 0.00023568833421450108, "validation_one_step": 2.021394993789727e-05, "validation_rollout": 0.0006512152031064034, "train_seconds": 7.507915500551462, "elapsed_seconds": 8.829268079251051}
{"cell": "midpoint-b4-L4-unroll-s161803-B", "epoch": 600, "train_mse": 0.00015793426427990198, "gradient_norm": 0.0002498998073861003, "validation_one_step": 1.5257764857778966e-05, "validation_rollout": 0.0004849173128604889, "train_seconds": 9.010699555277824, "elapsed_seconds": 10.594012450426817}
{"cell": "midpoint-b4-L4-unroll-s161803-B", "epoch": 700, "train_mse": 9.476859122514725e-05, "gradient_norm": 0.0003310404426883906, "validation_one_step": 1.0371687115669678e-05, "validation_rollout": 0.00031300802947953343, "train_seconds": 10.510082222521305, "elapsed_seconds": 12.354675933718681}
{"cell": "midpoint-b4-L4-unroll-s161803-B", "epoch": 800, "train_mse": 3.923390613636002e-05, "gradient_norm": 0.0001892074360512197, "validation_one_step": 3.972365656560821e-06, "validation_rollout": 0.00012105979112675413, "train_seconds": 12.002877835184336, "elapsed_seconds": 14.109955549240112}
{"cell": "midpoint-b4-L4-unroll-s161803-B", "epoch": 900, "train_mse": 1.0567651770543307e-05, "gradient_norm": 0.0013042710488662124, "validation_one_step": 1.0415717592119715e-06, "validation_rollout": 3.129730612272397e-05, "train_seconds": 13.496275018900633, "elapsed_seconds": 15.8667924515903}
{"cell": "midpoint-b4-L4-unroll-s161803-B", "epoch": 1000, "train_mse": 1.7475554159318563e-06, "gradient_norm": 4.318168430472724e-05, "validation_one_step": 1.9509200418118175e-07, "validation_rollout": 6.005357136018574e-06, "train_seconds": 14.993893653154373, "elapsed_seconds": 17.632987197488546}
{"cell": "midpoint-b4-L4-unroll-s161803-B", "epoch": 1100, "train_mse": 2.7225096346228383e-06, "gradient_norm": 0.00235755555331707, "validation_one_step": 3.307701514169518e-07, "validation_rollout": 9.481665074417833e-06, "train_seconds": 16.487497076392174, "elapsed_seconds": 19.389321118593216}
{"cell": "midpoint-b4-L4-unroll-s161803-B", "epoch": 1200, "train_mse": 1.924039167988667e-07, "gradient_norm": 1.0044748705695383e-05, "validation_one_step": 2.2275712533807262e-08, "validation_rollout": 7.064326155159506e-07, "train_seconds": 17.9840289875865, "elapsed_seconds": 21.149928364902735}
{"cell": "midpoint-b4-L4-unroll-s161803-B", "epoch": 1300, "train_mse": 1.1433554192308293e-07, "gradient_norm": 3.827305590675678e-06, "validation_one_step": 1.305390166332169e-08, "validation_rollout": 3.8496568777190987e-07, "train_seconds": 19.473529022186995, "elapsed_seconds": 22.903129674494267}
{"cell": "midpoint-b4-L4-unroll-s161803-B", "epoch": 1400, "train_mse": 3.0720909194315027e-07, "gradient_norm": 0.0007385397329926491, "validation_one_step": 1.502219474739756e-08, "validation_rollout": 4.1211006873709266e-07, "train_seconds": 20.962228924036026, "elapsed_seconds": 24.65373108908534}
{"cell": "midpoint-b4-L4-unroll-s161803-B", "epoch": 1500, "train_mse": 6.023169873969891e-08, "gradient_norm": 2.5596696104912553e-06, "validation_one_step": 6.882761767930863e-09, "validation_rollout": 1.7315801414952148e-07, "train_seconds": 22.454119104892015, "elapsed_seconds": 26.410213332623243}
{"cell": "midpoint-b4-L4-unroll-s161803-B", "epoch": 1600, "train_mse": 4.989785651332568e-08, "gradient_norm": 1.443533165002009e-06, "validation_one_step": 5.740232733586481e-09, "validation_rollout": 1.3719096614295267e-07, "train_seconds": 23.94838548079133, "elapsed_seconds": 28.170481503009796}
{"cell": "midpoint-b4-L4-unroll-s161803-B", "epoch": 1700, "train_mse": 2.0614666595974995e-07, "gradient_norm": 0.000616804463788867, "validation_one_step": 3.2084969792123275e-08, "validation_rollout": 8.521713539266784e-07, "train_seconds": 25.438892748206854, "elapsed_seconds": 29.92520784586668}
{"cell": "midpoint-b4-L4-unroll-s161803-B", "epoch": 1800, "train_mse": 3.930341918589875e-08, "gradient_norm": 4.320332664065063e-06, "validation_one_step": 4.670589248689794e-09, "validation_rollout": 1.0400485450645647e-07, "train_seconds": 26.93071036785841, "elapsed_seconds": 31.68326371535659}
{"cell": "midpoint-b4-L4-unroll-s161803-B", "epoch": 1900, "train_mse": 3.666172432303938e-08, "gradient_norm": 7.167081435e-07, "validation_one_step": 4.415213306074861e-09, "validation_rollout": 9.735840933444706e-08, "train_seconds": 28.42170414328575, "elapsed_seconds": 33.444424111396074}
{"cell": "midpoint-b4-L4-unroll-s161803-B", "epoch": 2000, "train_mse": 5.020972366764909e-07, "gradient_norm": 0.0010338316205888987, "validation_one_step": 4.354113884256587e-09, "validation_rollout": 9.284401869535941e-08, "train_seconds": 29.94300064444542, "elapsed_seconds": 35.233029171824455}
CELL_COMPLETE midpoint-b4-L4-unroll-s161803-B
STAGE_COMPLETE long-L4
STAGE_START rate-L4
{"cell": "midpoint-b4-L4-initial-s31415-A", "epoch": 1, "train_mse": 0.23672792315483093, "gradient_norm": 0.2561202049255371, "validation_one_step": 0.0037758165465978286, "validation_rollout": 0.08431017398834229, "train_seconds": 0.005531102418899536, "elapsed_seconds": 0.031215187162160873}
{"cell": "midpoint-b4-L4-initial-s31415-A", "epoch": 100, "train_mse": 0.001755043864250183, "gradient_norm": 0.003804262261837721, "validation_one_step": 2.9634657191005925e-05, "validation_rollout": 0.0009474991820752621, "train_seconds": 0.42295192182064056, "elapsed_seconds": 0.709764938801527}
{"cell": "midpoint-b4-L4-initial-s31415-A", "epoch": 200, "train_mse": 0.0017107796156778932, "gradient_norm": 0.0007706484757363796, "validation_one_step": 2.8676585998255177e-05, "validation_rollout": 0.0009417596738785505, "train_seconds": 0.8408141247928143, "elapsed_seconds": 1.3889291062951088}
{"cell": "midpoint-b4-L4-initial-s31415-A", "epoch": 300, "train_mse": 0.0016578453360125422, "gradient_norm": 0.0008269583340734243, "validation_one_step": 2.7831484506653698e-05, "validation_rollout": 0.000910153379663825, "train_seconds": 1.2593504674732685, "elapsed_seconds": 2.073753274977207}
{"cell": "midpoint-b4-L4-initial-s31415-A", "epoch": 400, "train_mse": 0.0015814213547855616, "gradient_norm": 0.0009047556668519974, "validation_one_step": 2.6558963099887478e-05, "validation_rollout": 0.0008640548912808299, "train_seconds": 1.6860973052680492, "elapsed_seconds": 2.766740195453167}
{"cell": "midpoint-b4-L4-initial-s31415-A", "epoch": 500, "train_mse": 0.0014705329667776823, "gradient_norm": 0.0010102922096848488, "validation_one_step": 2.4680321075720713e-05, "validation_rollout": 0.0007972893072292209, "train_seconds": 2.1031218729913235, "elapsed_seconds": 3.4546212926506996}
{"cell": "midpoint-b4-L4-initial-s31415-A", "epoch": 600, "train_mse": 0.0013071796856820583, "gradient_norm": 0.0018406633753329515, "validation_one_step": 2.1995469523972133e-05, "validation_rollout": 0.0007022464997135103, "train_seconds": 2.5250687263906, "elapsed_seconds": 4.143014807254076}
{"cell": "midpoint-b4-L4-initial-s31415-A", "epoch": 700, "train_mse": 0.0010639398824423552, "gradient_norm": 0.0013191656908020377, "validation_one_step": 1.779007493496465e-05, "validation_rollout": 0.0005596784758381546, "train_seconds": 2.9501040652394295, "elapsed_seconds": 4.83469358086586}
{"cell": "midpoint-b4-L4-initial-s31415-A", "epoch": 800, "train_mse": 0.0007226421730592847, "gradient_norm": 0.001455887802876532, "validation_one_step": 1.2020977768164206e-05, "validation_rollout": 0.00036919082049280405, "train_seconds": 3.367110799998045, "elapsed_seconds": 5.523645810782909}
{"cell": "midpoint-b4-L4-initial-s31415-A", "epoch": 900, "train_mse": 0.00033845085999928415, "gradient_norm": 0.0019706571474671364, "validation_one_step": 5.647677691437518e-06, "validation_rollout": 0.00016709919145796448, "train_seconds": 3.792623933404684, "elapsed_seconds": 6.217859122902155}
{"cell": "midpoint-b4-L4-initial-s31415-A", "epoch": 1000, "train_mse": 8.438108488917351e-05, "gradient_norm": 0.002717400435358286, "validation_one_step": 1.387566233764422e-06, "validation_rollout": 3.932223989977501e-05, "train_seconds": 4.2135067246854305, "elapsed_seconds": 6.910407919436693}
{"cell": "midpoint-b4-L4-initial-s31415-A", "epoch": 1100, "train_mse": 9.769433745532297e-06, "gradient_norm": 0.00031642624526284635, "validation_one_step": 1.6630938404205153e-07, "validation_rollout": 4.350945346232038e-06, "train_seconds": 4.631739489734173, "elapsed_seconds": 7.594333693385124}
{"cell": "midpoint-b4-L4-initial-s31415-A", "epoch": 1200, "train_mse": 8.801768558441836e-07, "gradient_norm": 0.000613677897490561, "validation_one_step": 1.636818495557672e-08, "validation_rollout": 3.4509002944105305e-07, "train_seconds": 5.047002360224724, "elapsed_seconds": 8.278237741440535}
{"cell": "midpoint-b4-L4-initial-s31415-A", "epoch": 1300, "train_mse": 2.404258907517942e-07, "gradient_norm": 1.815811629057862e-05, "validation_one_step": 2.964720080544936e-09, "validation_rollout": 5.088642041073399e-08, "train_seconds": 5.458785783499479, "elapsed_seconds": 8.955832306295633}
{"cell": "midpoint-b4-L4-initial-s31415-A", "epoch": 1400, "train_mse": 2.548586621742288e-07, "gradient_norm": 0.0006186129176057875, "validation_one_step": 9.944543262937108e-09, "validation_rollout": 3.0023036856619e-07, "train_seconds": 5.873424157500267, "elapsed_seconds": 9.640162996947765}
{"cell": "midpoint-b4-L4-initial-s31415-A", "epoch": 1500, "train_mse": 2.1391321070041158e-07, "gradient_norm": 2.49450695264386e-05, "validation_one_step": 2.057475893361508e-09, "validation_rollout": 4.47635741807062e-08, "train_seconds": 6.286486949771643, "elapsed_seconds": 10.31892528384924}
{"cell": "midpoint-b4-L4-initial-s31415-A", "epoch": 1600, "train_mse": 2.1244647996354615e-07, "gradient_norm": 3.000850256285048e-06, "validation_one_step": 2.020396812814814e-09, "validation_rollout": 4.520418173115104e-08, "train_seconds": 6.698240336030722, "elapsed_seconds": 10.996908716857433}
{"cell": "midpoint-b4-L4-initial-s31415-A", "epoch": 1700, "train_mse": 5.326609198164078e-07, "gradient_norm": 0.0018403158755972981, "validation_one_step": 2.493764269158779e-09, "validation_rollout": 5.294909755093613e-08, "train_seconds": 7.12414313480258, "elapsed_seconds": 11.687245778739452}
{"cell": "midpoint-b4-L4-initial-s31415-A", "epoch": 1800, "train_mse": 2.123101410234085e-07, "gradient_norm": 1.4388238014362287e-05, "validation_one_step": 2.035755823174649e-09, "validation_rollout": 4.525964314439079e-08, "train_seconds": 7.547821633517742, "elapsed_seconds": 12.377666477113962}
{"cell": "midpoint-b4-L4-initial-s31415-A", "epoch": 1900, "train_mse": 2.1099725699968985e-07, "gradient_norm": 1.9523882656358182e-05, "validation_one_step": 2.0287764431377773e-09, "validation_rollout": 4.556211408157651e-08, "train_seconds": 7.959858290851116, "elapsed_seconds": 13.055038280785084}
{"cell": "midpoint-b4-L4-initial-s31415-A", "epoch": 2000, "train_mse": 2.8225082360222586e-07, "gradient_norm": 0.0008606784394942224, "validation_one_step": 3.1303445391372975e-09, "validation_rollout": 7.308321414711827e-08, "train_seconds": 8.373392187058926, "elapsed_seconds": 13.735686220228672}
CELL_COMPLETE midpoint-b4-L4-initial-s31415-A
{"cell": "midpoint-b4-L4-initial-s31415-B", "epoch": 1, "train_mse": 0.2470758855342865, "gradient_norm": 0.31370216608047485, "validation_one_step": 0.003955926823740204, "validation_rollout": 0.08667657524347305, "train_seconds": 0.005285989493131638, "elapsed_seconds": 0.03028915822505951}
{"cell": "midpoint-b4-L4-initial-s31415-B", "epoch": 100, "train_mse": 0.0017128955805674195, "gradient_norm": 0.004575599916279316, "validation_one_step": 3.0255463570938446e-05, "validation_rollout": 0.0009296610951423645, "train_seconds": 0.4136720150709152, "elapsed_seconds": 0.7070347815752029}
{"cell": "midpoint-b4-L4-initial-s31415-B", "epoch": 200, "train_mse": 0.001657044980674982, "gradient_norm": 0.0008410029113292694, "validation_one_step": 2.849691524412871e-05, "validation_rollout": 0.0009146472439169884, "train_seconds": 0.8548149615526199, "elapsed_seconds": 1.426234181970358}
{"cell": "midpoint-b4-L4-initial-s31415-B", "epoch": 300, "train_mse": 0.00159510038793087, "gradient_norm": 0.0008923303685151041, "validation_one_step": 2.7480379837167373e-05, "validation_rollout": 0.0008798313210718334, "train_seconds": 1.2645731270313263, "elapsed_seconds": 2.090387523174286}
{"cell": "midpoint-b4-L4-initial-s31415-B", "epoch": 400, "train_mse": 0.0015096485149115324, "gradient_norm": 0.000961679092142731, "validation_one_step": 2.6071980528286076e-05, "validation_rollout": 0.0008307868847623467, "train_seconds": 1.670542411506176, "elapsed_seconds": 2.751465316861868}
{"cell": "midpoint-b4-L4-initial-s31415-B", "epoch": 500, "train_mse": 0.0013918241020292044, "gradient_norm": 0.001051269588060677, "validation_one_step": 2.4098129415506264e-05, "validation_rollout": 0.0007622852572239935, "train_seconds": 2.0768486000597477, "elapsed_seconds": 3.4137536622583866}
{"cell": "midpoint-b4-L4-initial-s31415-B", "epoch": 600, "train_mse": 0.0012278920039534569, "gradient_norm": 0.0011616791598498821, "validation_one_step": 2.131351933106392e-05, "validation_rollout": 0.0006669398280791938, "train_seconds": 2.483572941273451, "elapsed_seconds": 4.076727367937565}
{"cell": "midpoint-b4-L4-initial-s31415-B", "epoch": 700, "train_mse": 0.0010002043563872576, "gradient_norm": 0.001283343881368637, "validation_one_step": 1.742101221680059e-05, "validation_rollout": 0.0005362360388971865, "train_seconds": 2.8909843377768993, "elapsed_seconds": 4.741379596292973}
{"cell": "midpoint-b4-L4-initial-s31415-B", "epoch": 800, "train_mse": 0.0006992891430854797, "gradient_norm": 0.0013658367097377777, "validation_one_step": 1.225068482805606e-05, "validation_rollout": 0.00036771161830984056, "train_seconds": 3.3079016134142876, "elapsed_seconds": 5.415008392184973}
{"cell": "midpoint-b4-L4-initial-s31415-B", "epoch": 900, "train_mse": 0.0003654865431599319, "gradient_norm": 0.0012716817436739802, "validation_one_step": 6.4608632518077984e-06, "validation_rollout": 0.00018713698955252767, "train_seconds": 3.7446022666990757, "elapsed_seconds": 6.109350040555}
{"cell": "midpoint-b4-L4-initial-s31415-B", "epoch": 1000, "train_mse": 0.00026619434356689453, "gradient_norm": 0.040379222482442856, "validation_one_step": 3.3961352604213366e-06, "validation_rollout": 8.940318366512656e-05, "train_seconds": 4.1505530290305614, "elapsed_seconds": 6.773534908890724}
{"cell": "midpoint-b4-L4-initial-s31415-B", "epoch": 1100, "train_mse": 2.188861253671348e-05, "gradient_norm": 0.00047993179759941995, "validation_one_step": 4.1758340785236214e-07, "validation_rollout": 1.0788766303448938e-05, "train_seconds": 4.556181289255619, "elapsed_seconds": 7.4385527186095715}
{"cell": "midpoint-b4-L4-initial-s31415-B", "epoch": 1200, "train_mse": 2.875842710636789e-06, "gradient_norm": 0.00014297930465545505, "validation_one_step": 6.299567904359075e-08, "validation_rollout": 1.4079541870160028e-06, "train_seconds": 4.9622458927333355, "elapsed_seconds": 8.10397732630372}
{"cell": "midpoint-b4-L4-initial-s31415-B", "epoch": 1300, "train_mse": 3.096532600466162e-05, "gradient_norm": 0.018840530887246132, "validation_one_step": 1.0552600334297797e-07, "validation_rollout": 2.4413006940449122e-06, "train_seconds": 5.37315160036087, "elapsed_seconds": 8.77816966921091}
{"cell": "midpoint-b4-L4-initial-s31415-B", "epoch": 1400, "train_mse": 3.9004481777737965e-07, "gradient_norm": 6.779195973649621e-05, "validation_one_step": 7.383256524680822e-09, "validation_rollout": 1.4603632791931886e-07, "train_seconds": 5.781831566244364, "elapsed_seconds": 9.445535585284233}
{"cell": "midpoint-b4-L4-initial-s31415-B", "epoch": 1500, "train_mse": 3.1901132047096326e-07, "gradient_norm": 6.689585006824927e-06, "validation_one_step": 4.8943236130583045e-09, "validation_rollout": 1.0694063945493326e-07, "train_seconds": 6.1906526535749435, "elapsed_seconds": 10.114910740405321}
{"cell": "midpoint-b4-L4-initial-s31415-B", "epoch": 1600, "train_mse": 3.7567684785244637e-07, "gradient_norm": 0.0009794735815376043, "validation_one_step": 1.9391031077139093e-08, "validation_rollout": 6.349997647703276e-07, "train_seconds": 6.600483048707247, "elapsed_seconds": 10.783061534166336}
{"cell": "midpoint-b4-L4-initial-s31415-B", "epoch": 1700, "train_mse": 2.771475919871591e-07, "gradient_norm": 6.595598279091064e-06, "validation_one_step": 3.4959981391284125e-09, "validation_rollout": 8.349979196964341e-08, "train_seconds": 7.009306151419878, "elapsed_seconds": 11.451899711042643}
{"cell": "midpoint-b4-L4-initial-s31415-B", "epoch": 1800, "train_mse": 2.9537040973082185e-06, "gradient_norm": 0.005582133773714304, "validation_one_step": 1.3006914922897295e-07, "validation_rollout": 3.3755777621991e-06, "train_seconds": 7.418313257396221, "elapsed_seconds": 12.123110879212618}
{"cell": "midpoint-b4-L4-initial-s31415-B", "epoch": 1900, "train_mse": 2.6768060479298583e-07, "gradient_norm": 5.3725099860457703e-05, "validation_one_step": 3.4890412966189408e-09, "validation_rollout": 7.680495173190138e-08, "train_seconds": 7.8274746015667915, "elapsed_seconds": 12.79367259144783}
{"cell": "midpoint-b4-L4-initial-s31415-B", "epoch": 2000, "train_mse": 2.6276740072717075e-07, "gradient_norm": 2.6739608074421994e-06, "validation_one_step": 2.9961283824301668e-09, "validation_rollout": 7.43683159498687e-08, "train_seconds": 8.236662354320288, "elapsed_seconds": 13.465246349573135}
CELL_COMPLETE midpoint-b4-L4-initial-s31415-B
{"cell": "midpoint-b4-L4-initial-s271828-A", "epoch": 1, "train_mse": 0.16522690653800964, "gradient_norm": 0.2584470510482788, "validation_one_step": 0.002669002026474724, "validation_rollout": 0.06351503729820251, "train_seconds": 0.005338344722986221, "elapsed_seconds": 0.030963562428951263}
{"cell": "midpoint-b4-L4-initial-s271828-A", "epoch": 100, "train_mse": 0.0017112338682636619, "gradient_norm": 0.0010837781010195613, "validation_one_step": 3.2199028585940446e-05, "validation_rollout": 0.001130752731114626, "train_seconds": 0.41460414230823517, "elapsed_seconds": 0.6987503655254841}
{"cell": "midpoint-b4-L4-initial-s271828-A", "epoch": 200, "train_mse": 0.0016860590549185872, "gradient_norm": 0.0005366170662455261, "validation_one_step": 3.163670771755278e-05, "validation_rollout": 0.0011088806204497814, "train_seconds": 0.8286883905529976, "elapsed_seconds": 1.371302042156458}
{"cell": "midpoint-b4-L4-initial-s271828-A", "epoch": 300, "train_mse": 0.0016486759996041656, "gradient_norm": 0.0005803140229545534, "validation_one_step": 3.085581192863174e-05, "validation_rollout": 0.001080965157598257, "train_seconds": 1.2391765341162682, "elapsed_seconds": 2.040274202823639}
{"cell": "midpoint-b4-L4-initial-s271828-A", "epoch": 400, "train_mse": 0.0015940479934215546, "gradient_norm": 0.0006418042466975749, "validation_one_step": 2.9743527420578175e-05, "validation_rollout": 0.0010408004745841026, "train_seconds": 1.6516026519238949, "elapsed_seconds": 2.719034932553768}
{"cell": "midpoint-b4-L4-initial-s271828-A", "epoch": 500, "train_mse": 0.001512368442490697, "gradient_norm": 0.0007335365517064929, "validation_one_step": 2.813511264321278e-05, "validation_rollout": 0.000981564400717616, "train_seconds": 2.0635172687470913, "elapsed_seconds": 3.3931817933917046}
{"cell": "midpoint-b4-L4-initial-s271828-A", "epoch": 600, "train_mse": 0.0013821434695273638, "gradient_norm": 0.000881637039128691, "validation_one_step": 2.5650998092411708e-05, "validation_rollout": 0.0008888306329026818, "train_seconds": 2.4749240055680275, "elapsed_seconds": 4.068627163767815}
{"cell": "midpoint-b4-L4-initial-s271828-A", "epoch": 700, "train_mse": 0.0011550128692761064, "gradient_norm": 0.001125164097175002, "validation_one_step": 2.138802574336296e-05, "validation_rollout": 0.000731339561752975, "train_seconds": 2.8873046934604645, "elapsed_seconds": 4.7436196357011795}
{"cell": "midpoint-b4-L4-initial-s271828-A", "epoch": 800, "train_mse": 0.0007475133170373738, "gradient_norm": 0.001402995316311717, "validation_one_step": 1.377070350372378e-05, "validation_rollout": 0.0004606822913046926, "train_seconds": 3.301306866109371, "elapsed_seconds": 5.420778013765812}
{"cell": "midpoint-b4-L4-initial-s271828-A", "epoch": 900, "train_mse": 0.0002340554492548108, "gradient_norm": 0.0011889490997418761, "validation_one_step": 4.254155176871184e-06, "validation_rollout": 0.00014019166701473296, "train_seconds": 3.712910745292902, "elapsed_seconds": 6.095847263932228}
{"cell": "midpoint-b4-L4-initial-s271828-A", "epoch": 1000, "train_mse": 2.2178439394338056e-05, "gradient_norm": 0.0018803845159709454, "validation_one_step": 4.0453218730363005e-07, "validation_rollout": 1.4346574062074069e-05, "train_seconds": 4.124230042099953, "elapsed_seconds": 6.771000098437071}
{"cell": "midpoint-b4-L4-initial-s271828-A", "epoch": 1100, "train_mse": 4.377511686470825e-06, "gradient_norm": 7.024597289273515e-05, "validation_one_step": 6.258580912780569e-08, "validation_rollout": 2.2173965135152685e-06, "train_seconds": 4.536410383880138, "elapsed_seconds": 7.447979394346476}
{"cell": "midpoint-b4-L4-initial-s271828-A", "epoch": 1200, "train_mse": 3.920601557183545e-06, "gradient_norm": 1.8850108972401358e-05, "validation_one_step": 5.409239041872146e-08, "validation_rollout": 1.645983729758882e-06, "train_seconds": 4.948951326310635, "elapsed_seconds": 8.125534445047379}
{"cell": "midpoint-b4-L4-initial-s271828-A", "epoch": 1300, "train_mse": 3.830238711088896e-06, "gradient_norm": 0.00011217617429792881, "validation_one_step": 5.285566710237314e-08, "validation_rollout": 1.5787875327077927e-06, "train_seconds": 5.361313506960869, "elapsed_seconds": 8.803874835371971}
{"cell": "midpoint-b4-L4-initial-s271828-A", "epoch": 1400, "train_mse": 3.7467161746462807e-06, "gradient_norm": 0.00016809756925795227, "validation_one_step": 5.1718748987165476e-08, "validation_rollout": 1.5421358057210455e-06, "train_seconds": 5.773646291345358, "elapsed_seconds": 9.48014647141099}
{"cell": "midpoint-b4-L4-initial-s271828-A", "epoch": 1500, "train_mse": 3.650384542197571e-06, "gradient_norm": 3.8461341318907216e-05, "validation_one_step": 5.02700544894689e-08, "validation_rollout": 1.4904073850630084e-06, "train_seconds": 6.18570214137435, "elapsed_seconds": 10.159102253615856}
{"cell": "midpoint-b4-L4-initial-s271828-A", "epoch": 1600, "train_mse": 3.5692132769327145e-06, "gradient_norm": 0.000252865138463676, "validation_one_step": 4.9020959735912584e-08, "validation_rollout": 1.4428436543312273e-06, "train_seconds": 6.598031174391508, "elapsed_seconds": 10.836615186184645}
{"cell": "midpoint-b4-L4-initial-s271828-A", "epoch": 1700, "train_mse": 3.4643662729649805e-06, "gradient_norm": 1.618711576156784e-05, "validation_one_step": 4.759418222496e-08, "validation_rollout": 1.4050210666027851e-06, "train_seconds": 7.00993225723505, "elapsed_seconds": 11.516328558325768}
{"cell": "midpoint-b4-L4-initial-s271828-A", "epoch": 1800, "train_mse": 3.4328154470131267e-06, "gradient_norm": 0.0007094613392837346, "validation_one_step": 4.6383904421058254e-08, "validation_rollout": 1.3608462268166477e-06, "train_seconds": 7.426963847130537, "elapsed_seconds": 12.199679024517536}
{"cell": "midpoint-b4-L4-initial-s271828-A", "epoch": 1900, "train_mse": 3.273483343946282e-06, "gradient_norm": 1.4747452951269224e-05, "validation_one_step": 4.483376425667984e-08, "validation_rollout": 1.3198501847000443e-06, "train_seconds": 7.843146525323391, "elapsed_seconds": 12.886576384305954}
{"cell": "midpoint-b4-L4-initial-s271828-A", "epoch": 2000, "train_mse": 3.2065759114630055e-06, "gradient_norm": 0.0004924560780636966, "validation_one_step": 7.34321113545396e-08, "validation_rollout": 2.333690645173192e-06, "train_seconds": 8.25577925145626, "elapsed_seconds": 13.567529875785112}
CELL_COMPLETE midpoint-b4-L4-initial-s271828-A
{"cell": "midpoint-b4-L4-initial-s271828-B", "epoch": 1, "train_mse": 0.1659044325351715, "gradient_norm": 0.2610778212547302, "validation_one_step": 0.0026454295536192753, "validation_rollout": 0.06220128387212753, "train_seconds": 0.0053407736122608185, "elapsed_seconds": 0.0303310789167881}
{"cell": "midpoint-b4-L4-initial-s271828-B", "epoch": 100, "train_mse": 0.0017001708038151264, "gradient_norm": 0.00124061678070575, "validation_one_step": 3.221400083930348e-05, "validation_rollout": 0.0011223433539271355, "train_seconds": 0.40815218910574913, "elapsed_seconds": 0.6847737282514572}
{"cell": "midpoint-b4-L4-initial-s271828-B", "epoch": 200, "train_mse": 0.0016747163608670235, "gradient_norm": 0.0005321272765286267, "validation_one_step": 3.175371451410077e-05, "validation_rollout": 0.0011007464490830898, "train_seconds": 0.8147953487932682, "elapsed_seconds": 1.3433854468166828}
{"cell": "midpoint-b4-L4-initial-s271828-B", "epoch": 300, "train_mse": 0.0016376995481550694, "gradient_norm": 0.0005734903388656676, "validation_one_step": 3.098909443603285e-05, "validation_rollout": 0.0010728128254413605, "train_seconds": 1.2214969582855701, "elapsed_seconds": 2.002892766147852}
{"cell": "midpoint-b4-L4-initial-s271828-B", "epoch": 400, "train_mse": 0.0015843003056943417, "gradient_norm": 0.0006325386348180473, "validation_one_step": 2.991147910809862e-05, "validation_rollout": 0.0010333028621971607, "train_seconds": 1.6284126676619053, "elapsed_seconds": 2.6645960435271263}
{"cell": "midpoint-b4-L4-initial-s271828-B", "epoch": 500, "train_mse": 0.0015051625669002533, "gradient_norm": 0.0007213866338133812, "validation_one_step": 2.8363257115415763e-05, "validation_rollout": 0.0009757392108440399, "train_seconds": 2.0355793461203575, "elapsed_seconds": 3.32738047093153}
{"cell": "midpoint-b4-L4-initial-s271828-B", "epoch": 600, "train_mse": 0.0013800100423395634, "gradient_norm": 0.0008640618762001395, "validation_one_step": 2.5969923929854605e-05, "validation_rollout": 0.0008864686242304742, "train_seconds": 2.444004401564598, "elapsed_seconds": 3.992390740662813}
{"cell": "midpoint-b4-L4-initial-s271828-B", "epoch": 700, "train_mse": 0.0011638422729447484, "gradient_norm": 0.001097996486350894, "validation_one_step": 2.1857836448665086e-05, "validation_rollout": 0.0007363127078860998, "train_seconds": 2.8528283908963203, "elapsed_seconds": 4.658268004655838}
{"cell": "midpoint-b4-L4-initial-s271828-B", "epoch": 800, "train_mse": 0.0007762563764117658, "gradient_norm": 0.001377828884869814, "validation_one_step": 1.4500175439025043e-05, "validation_rollout": 0.0004783201729878783, "train_seconds": 3.262375332415104, "elapsed_seconds": 5.326883431524038}
{"cell": "midpoint-b4-L4-initial-s271828-B", "epoch": 900, "train_mse": 0.00026787706883624196, "gradient_norm": 0.0033669478725641966, "validation_one_step": 4.8697394277041894e-06, "validation_rollout": 0.00015861245628912002, "train_seconds": 3.6687559112906456, "elapsed_seconds": 5.9908780083060265}
{"cell": "midpoint-b4-L4-initial-s271828-B", "epoch": 1000, "train_mse": 2.856013088603504e-05, "gradient_norm": 0.0004699764249380678, "validation_one_step": 5.232733428783831e-07, "validation_rollout": 1.757290374371223e-05, "train_seconds": 4.079276826232672, "elapsed_seconds": 6.66099963709712}
{"cell": "midpoint-b4-L4-initial-s271828-B", "epoch": 1100, "train_mse": 6.748216492269421e-06, "gradient_norm": 0.003719339380040765, "validation_one_step": 3.6606987544966313e-07, "validation_rollout": 1.0073830708279274e-05, "train_seconds": 4.4863992147147655, "elapsed_seconds": 7.326198112219572}
{"cell": "midpoint-b4-L4-initial-s271828-B", "epoch": 1200, "train_mse": 4.552326117845951e-06, "gradient_norm": 2.4148321244865656e-05, "validation_one_step": 7.475604490991827e-08, "validation_rollout": 1.8627658846526174e-06, "train_seconds": 4.894129104912281, "elapsed_seconds": 7.992175932973623}
{"cell": "midpoint-b4-L4-initial-s271828-B", "epoch": 1300, "train_mse": 4.357370016805362e-06, "gradient_norm": 1.9928873371100053e-05, "validation_one_step": 7.009207377469313e-08, "validation_rollout": 1.7386894342052983e-06, "train_seconds": 5.304555628448725, "elapsed_seconds": 8.663780476897955}
{"cell": "midpoint-b4-L4-initial-s271828-B", "epoch": 1400, "train_mse": 4.211317445879104e-06, "gradient_norm": 0.0003808238252531737, "validation_one_step": 6.891904114070257e-08, "validation_rollout": 1.719623014651006e-06, "train_seconds": 5.713436137884855, "elapsed_seconds": 9.330289132893085}
{"cell": "midpoint-b4-L4-initial-s271828-B", "epoch": 1500, "train_mse": 4.03822241423768e-06, "gradient_norm": 1.9099061319138855e-05, "validation_one_step": 6.287921946087256e-08, "validation_rollout": 1.6097769730549771e-06, "train_seconds": 6.122279681265354, "elapsed_seconds": 10.000207230448723}
{"cell": "midpoint-b4-L4-initial-s271828-B", "epoch": 1600, "train_mse": 4.057783371536061e-06, "gradient_norm": 0.0012936127604916692, "validation_one_step": 6.713122857604503e-08, "validation_rollout": 1.8186631223215954e-06, "train_seconds": 6.530976917594671, "elapsed_seconds": 10.671157591044903}
{"cell": "midpoint-b4-L4-initial-s271828-B", "epoch": 1700, "train_mse": 3.7646213968400843e-06, "gradient_norm": 0.00025450243265368044, "validation_one_step": 5.708114099907865e-08, "validation_rollout": 1.5094317404873436e-06, "train_seconds": 6.939098373055458, "elapsed_seconds": 11.337641522288322}
{"cell": "midpoint-b4-L4-initial-s271828-B", "epoch": 1800, "train_mse": 3.6219573757989565e-06, "gradient_norm": 1.6445515939267352e-05, "validation_one_step": 5.429683310372487e-08, "validation_rollout": 1.4428460417548195e-06, "train_seconds": 7.349150139838457, "elapsed_seconds": 12.010122437030077}
{"cell": "midpoint-b4-L4-initial-s271828-B", "epoch": 1900, "train_mse": 4.020178948849207e-06, "gradient_norm": 0.0022409060038626194, "validation_one_step": 7.351484724675099e-08, "validation_rollout": 2.117167696269462e-06, "train_seconds": 7.75748323649168, "elapsed_seconds": 12.678741190582514}
{"cell": "midpoint-b4-L4-initial-s271828-B", "epoch": 2000, "train_mse": 3.3778401302697603e-06, "gradient_norm": 1.5420439012814313e-05, "validation_one_step": 4.957609493298302e-08, "validation_rollout": 1.3437850157060893e-06, "train_seconds": 8.166227251291275, "elapsed_seconds": 13.350170657038689}
CELL_COMPLETE midpoint-b4-L4-initial-s271828-B
{"cell": "midpoint-b4-L4-initial-s161803-A", "epoch": 1, "train_mse": 0.2267419844865799, "gradient_norm": 0.30424386262893677, "validation_one_step": 0.003659692437698444, "validation_rollout": 0.08209091424942017, "train_seconds": 0.005357310175895691, "elapsed_seconds": 0.030975021421909332}
{"cell": "midpoint-b4-L4-initial-s161803-A", "epoch": 100, "train_mse": 0.0016025640070438385, "gradient_norm": 0.0011912143090739846, "validation_one_step": 2.9402785154767724e-05, "validation_rollout": 0.001029586885124445, "train_seconds": 0.4127456396818161, "elapsed_seconds": 0.6966140829026699}
{"cell": "midpoint-b4-L4-initial-s161803-A", "epoch": 200, "train_mse": 0.001567194820381701, "gradient_norm": 0.0007741895969957113, "validation_one_step": 2.864887816637444e-05, "validation_rollout": 0.0010023534996435046, "train_seconds": 0.8248697072267532, "elapsed_seconds": 1.3678455390036106}
{"cell": "midpoint-b4-L4-initial-s161803-A", "epoch": 300, "train_mse": 0.0015170325059443712, "gradient_norm": 0.0008247765945270658, "validation_one_step": 2.7616132683760952e-05, "validation_rollout": 0.0009667594567872584, "train_seconds": 1.2360252849757671, "elapsed_seconds": 2.038265600800514}
{"cell": "midpoint-b4-L4-initial-s161803-A", "epoch": 400, "train_mse": 0.00144877377897501, "gradient_norm": 0.0008877568761818111, "validation_one_step": 2.6267655963844543e-05, "validation_rollout": 0.0009187334217131138, "train_seconds": 1.6465265564620495, "elapsed_seconds": 2.7099083699285984}
{"cell": "midpoint-b4-L4-initial-s161803-A", "epoch": 500, "train_mse": 0.001356017543002963, "gradient_norm": 0.0009686200646683574, "validation_one_step": 2.450564640336476e-05, "validation_rollout": 0.0008538705296814442, "train_seconds": 2.059230424463749, "elapsed_seconds": 3.3904078043997288}
{"cell": "midpoint-b4-L4-initial-s161803-A", "epoch": 600, "train_mse": 0.0012293497566133738, "gradient_norm": 0.0010659233666956425, "validation_one_step": 2.2163624331975978e-05, "validation_rollout": 0.0007663111900910735, "train_seconds": 2.474715556949377, "elapsed_seconds": 4.072485152631998}
{"cell": "midpoint-b4-L4-initial-s161803-A", "epoch": 700, "train_mse": 0.001057179644703865, "gradient_norm": 0.0011707640951499343, "validation_one_step": 1.9019813559377024e-05, "validation_rollout": 0.0006495773559436202, "train_seconds": 2.891246397048235, "elapsed_seconds": 4.752928715199232}
{"cell": "midpoint-b4-L4-initial-s161803-A", "epoch": 800, "train_mse": 0.0008285153890028596, "gradient_norm": 0.0012609383556991816, "validation_one_step": 1.4865901865353711e-05, "validation_rollout": 0.0004988493747077882, "train_seconds": 3.309732861816883, "elapsed_seconds": 5.438989654183388}
{"cell": "midpoint-b4-L4-initial-s161803-A", "epoch": 900, "train_mse": 0.0005450833705253899, "gradient_norm": 0.00128046830650419, "validation_one_step": 9.742955777862031e-06, "validation_rollout": 0.0003190755669493228, "train_seconds": 3.7277913466095924, "elapsed_seconds": 6.124549720436335}
{"cell": "midpoint-b4-L4-initial-s161803-A", "epoch": 1000, "train_mse": 0.00025671880575828254, "gradient_norm": 0.0011108213802799582, "validation_one_step": 4.567960748621165e-06, "validation_rollout": 0.00014505130820907652, "train_seconds": 4.150782003998756, "elapsed_seconds": 6.813266079872847}
{"cell": "midpoint-b4-L4-initial-s161803-A", "epoch": 1100, "train_mse": 7.816178549546748e-05, "gradient_norm": 0.00843755528330803, "validation_one_step": 1.2654489296437532e-06, "validation_rollout": 3.972750710090622e-05, "train_seconds": 4.570725008845329, "elapsed_seconds": 7.498441908508539}
{"cell": "midpoint-b4-L4-initial-s161803-A", "epoch": 1200, "train_mse": 1.0283050869475119e-05, "gradient_norm": 0.0002990967477671802, "validation_one_step": 1.8529967782399126e-07, "validation_rollout": 5.52790970687056e-06, "train_seconds": 4.9924209006130695, "elapsed_seconds": 8.187618523836136}
{"cell": "midpoint-b4-L4-initial-s161803-A", "epoch": 1300, "train_mse": 6.864681836304953e-06, "gradient_norm": 0.007351623848080635, "validation_one_step": 2.1508862602104273e-07, "validation_rollout": 6.487394330179086e-06, "train_seconds": 5.411478076130152, "elapsed_seconds": 8.876480907201767}
{"cell": "midpoint-b4-L4-initial-s161803-A", "epoch": 1400, "train_mse": 3.944521722587524e-07, "gradient_norm": 2.3070098905009218e-05, "validation_one_step": 5.01032149102798e-09, "validation_rollout": 1.213476110706324e-07, "train_seconds": 5.840739756822586, "elapsed_seconds": 9.57234999537468}
{"cell": "midpoint-b4-L4-initial-s161803-A", "epoch": 1500, "train_mse": 3.413348110825609e-07, "gradient_norm": 7.28247459846898e-06, "validation_one_step": 3.514071848324344e-09, "validation_rollout": 7.999902607025433e-08, "train_seconds": 6.264811836183071, "elapsed_seconds": 10.269922614097595}
{"cell": "midpoint-b4-L4-initial-s161803-A", "epoch": 1600, "train_mse": 3.391880056824448e-07, "gradient_norm": 7.107196870492771e-05, "validation_one_step": 4.058703447403407e-09, "validation_rollout": 8.633096371113425e-08, "train_seconds": 6.69095453992486, "elapsed_seconds": 10.970842588692904}
{"cell": "midpoint-b4-L4-initial-s161803-A", "epoch": 1700, "train_mse": 3.3445797953390866e-07, "gradient_norm": 4.980742687621387e-06, "validation_one_step": 3.2812198143735336e-09, "validation_rollout": 7.398272572345377e-08, "train_seconds": 7.114361338317394, "elapsed_seconds": 11.665672909468412}
{"cell": "midpoint-b4-L4-initial-s161803-A", "epoch": 1800, "train_mse": 3.5588942637332366e-07, "gradient_norm": 0.0004586701688822359, "validation_one_step": 2.3191363940355814e-08, "validation_rollout": 7.61501439683343e-07, "train_seconds": 7.544475458562374, "elapsed_seconds": 12.364996641874313}
{"cell": "midpoint-b4-L4-initial-s161803-A", "epoch": 1900, "train_mse": 3.303905202756141e-07, "gradient_norm": 2.357722223678138e-05, "validation_one_step": 3.2393461986875613e-09, "validation_rollout": 7.239678012638251e-08, "train_seconds": 7.965840984135866, "elapsed_seconds": 13.056321866810322}
{"cell": "midpoint-b4-L4-initial-s161803-A", "epoch": 2000, "train_mse": 3.2819394846228533e-07, "gradient_norm": 0.00012051488738507032, "validation_one_step": 3.262712877649676e-09, "validation_rollout": 7.554646686003252e-08, "train_seconds": 8.406397499144077, "elapsed_seconds": 13.776250652968884}
CELL_COMPLETE midpoint-b4-L4-initial-s161803-A
{"cell": "midpoint-b4-L4-initial-s161803-B", "epoch": 1, "train_mse": 0.2265094518661499, "gradient_norm": 0.3043232262134552, "validation_one_step": 0.003637729755913218, "validation_rollout": 0.08230829983949661, "train_seconds": 0.005358632653951645, "elapsed_seconds": 0.030398719012737274}
{"cell": "midpoint-b4-L4-initial-s161803-B", "epoch": 100, "train_mse": 0.0015977395232766867, "gradient_norm": 0.0009369069593958557, "validation_one_step": 2.9406951398414094e-05, "validation_rollout": 0.0010267016477882862, "train_seconds": 0.41519006341695786, "elapsed_seconds": 0.7011501640081406}
{"cell": "midpoint-b4-L4-initial-s161803-B", "epoch": 200, "train_mse": 0.0015584867214784026, "gradient_norm": 0.0007778849103488028, "validation_one_step": 2.845670678652823e-05, "validation_rollout": 0.000995858572423458, "train_seconds": 0.8291039504110813, "elapsed_seconds": 1.373474832624197}
{"cell": "midpoint-b4-L4-initial-s161803-B", "epoch": 300, "train_mse": 0.0015076358104124665, "gradient_norm": 0.0008190370863303542, "validation_one_step": 2.7371508773891644e-05, "validation_rollout": 0.0009600042249076068, "train_seconds": 1.2468515001237392, "elapsed_seconds": 2.049139816313982}
{"cell": "midpoint-b4-L4-initial-s161803-B", "epoch": 400, "train_mse": 0.0014397545019164681, "gradient_norm": 0.000880244595464319, "validation_one_step": 2.6048352538055042e-05, "validation_rollout": 0.0009124671341851354, "train_seconds": 1.6697022691369057, "elapsed_seconds": 2.7258685901761055}
{"cell": "midpoint-b4-L4-initial-s161803-B", "epoch": 500, "train_mse": 0.0013472645077854395, "gradient_norm": 0.0009619835182093084, "validation_one_step": 2.4317233510373626e-05, "validation_rollout": 0.000848039286211133, "train_seconds": 2.0870778523385525, "elapsed_seconds": 3.4066693149507046}
{"cell": "midpoint-b4-L4-initial-s161803-B", "epoch": 600, "train_mse": 0.0012214439921081066, "gradient_norm": 0.001057843561284244, "validation_one_step": 2.1993719656165922e-05, "validation_rollout": 0.0007615422364324331, "train_seconds": 2.493977729231119, "elapsed_seconds": 4.072206750512123}
{"cell": "midpoint-b4-L4-initial-s161803-B", "epoch": 700, "train_mse": 0.0010517281480133533, "gradient_norm": 0.001159125124104321, "validation_one_step": 1.8873289567030344e-05, "validation_rollout": 0.0006470931111834943, "train_seconds": 2.9014950320124626, "elapsed_seconds": 4.736909996718168}
{"cell": "midpoint-b4-L4-initial-s161803-B", "epoch": 800, "train_mse": 0.0008286704542115331, "gradient_norm": 0.0012439769925549626, "validation_one_step": 1.4824717027295264e-05, "validation_rollout": 0.0005006639403291047, "train_seconds": 3.3080925308167934, "elapsed_seconds": 5.400403156876564}
{"cell": "midpoint-b4-L4-initial-s161803-B", "epoch": 900, "train_mse": 0.0005544868181459606, "gradient_norm": 0.0025612825993448496, "validation_one_step": 9.850328372825365e-06, "validation_rollout": 0.0003265186387579888, "train_seconds": 3.717764988541603, "elapsed_seconds": 6.0673209354281425}
{"cell": "midpoint-b4-L4-initial-s161803-B", "epoch": 1000, "train_mse": 0.0003700551751535386, "gradient_norm": 0.033013660460710526, "validation_one_step": 7.922362480409598e-06, "validation_rollout": 0.0002486622252035886, "train_seconds": 4.124783743172884, "elapsed_seconds": 6.731801558285952}
{"cell": "midpoint-b4-L4-initial-s161803-B", "epoch": 1100, "train_mse": 8.009957673493773e-05, "gradient_norm": 0.0007288204506039619, "validation_one_step": 1.424445050209518e-06, "validation_rollout": 4.468078986974433e-05, "train_seconds": 4.533637415617704, "elapsed_seconds": 7.399576961994171}
{"cell": "midpoint-b4-L4-initial-s161803-B", "epoch": 1200, "train_mse": 1.3520524589694105e-05, "gradient_norm": 0.0018819015240296721, "validation_one_step": 2.428442685461126e-07, "validation_rollout": 7.514680874010082e-06, "train_seconds": 4.941258858889341, "elapsed_seconds": 8.066875010728836}
{"cell": "midpoint-b4-L4-initial-s161803-B", "epoch": 1300, "train_mse": 1.712832045086543e-06, "gradient_norm": 0.00011665285273920745, "validation_one_step": 3.113678973913162e-08, "validation_rollout": 9.298181566919084e-07, "train_seconds": 5.351060543209314, "elapsed_seconds": 8.737569205462933}
{"cell": "midpoint-b4-L4-initial-s161803-B", "epoch": 1400, "train_mse": 6.701927759422688e-07, "gradient_norm": 0.0007038385374471545, "validation_one_step": 9.496062787957745e-09, "validation_rollout": 2.5543107540215715e-07, "train_seconds": 5.758816473186016, "elapsed_seconds": 9.406336940824986}
{"cell": "midpoint-b4-L4-initial-s161803-B", "epoch": 1500, "train_mse": 5.163753371562052e-07, "gradient_norm": 8.643044566269964e-06, "validation_one_step": 6.3478335921018925e-09, "validation_rollout": 1.5873148129230685e-07, "train_seconds": 6.1699478924274445, "elapsed_seconds": 10.081077303737402}
{"cell": "midpoint-b4-L4-initial-s161803-B", "epoch": 1600, "train_mse": 5.1992415137647185e-06, "gradient_norm": 0.007491233758628368, "validation_one_step": 5.053315360233531e-07, "validation_rollout": 1.4090523109189235e-05, "train_seconds": 6.581397596746683, "elapsed_seconds": 10.761346697807312}
{"cell": "midpoint-b4-L4-initial-s161803-B", "epoch": 1700, "train_mse": 4.882561484009784e-07, "gradient_norm": 0.00011761114001274109, "validation_one_step": 5.484174854982389e-09, "validation_rollout": 1.3493196604486002e-07, "train_seconds": 6.98927691206336, "elapsed_seconds": 11.42851035669446}
{"cell": "midpoint-b4-L4-initial-s161803-B", "epoch": 1800, "train_mse": 4.7643834477639757e-07, "gradient_norm": 4.509087830228964e-06, "validation_one_step": 5.244742048067981e-09, "validation_rollout": 1.287961879370414e-07, "train_seconds": 7.398625630885363, "elapsed_seconds": 12.100406393408775}
{"cell": "midpoint-b4-L4-initial-s161803-B", "epoch": 1900, "train_mse": 7.074717132127262e-07, "gradient_norm": 0.0016154908807948232, "validation_one_step": 3.541463537241422e-08, "validation_rollout": 9.382425787407556e-07, "train_seconds": 7.80601991713047, "elapsed_seconds": 12.768026102334261}
{"cell": "midpoint-b4-L4-initial-s161803-B", "epoch": 2000, "train_mse": 4.7096625621634303e-07, "gradient_norm": 2.0552379282889888e-05, "validation_one_step": 5.114418370292621e-09, "validation_rollout": 1.2543210914373049e-07, "train_seconds": 8.21765149757266, "elapsed_seconds": 13.442056439816952}
CELL_COMPLETE midpoint-b4-L4-initial-s161803-B
{"cell": "midpoint-b4-L4-teacher-s31415-A", "epoch": 1, "train_mse": 0.2893662750720978, "gradient_norm": 0.32409828901290894, "validation_one_step": 0.0037758161585467556, "validation_rollout": 0.08431017398834229, "train_seconds": 0.005427401512861252, "elapsed_seconds": 0.031141135841608047}
{"cell": "midpoint-b4-L4-teacher-s31415-A", "epoch": 100, "train_mse": 0.002649861853569746, "gradient_norm": 0.004187560174614191, "validation_one_step": 3.7055432888640404e-05, "validation_rollout": 0.0010031549027189612, "train_seconds": 0.4236370623111725, "elapsed_seconds": 0.7075202390551567}
{"cell": "midpoint-b4-L4-teacher-s31415-A", "epoch": 200, "train_mse": 0.0025701133999973536, "gradient_norm": 0.0012142319465056062, "validation_one_step": 3.477350370909941e-05, "validation_rollout": 0.0009566787630319595, "train_seconds": 0.8436527103185654, "elapsed_seconds": 1.386399693787098}
{"cell": "midpoint-b4-L4-teacher-s31415-A", "epoch": 300, "train_mse": 0.00246036471799016, "gradient_norm": 0.0013270298950374126, "validation_one_step": 3.334568191348808e-05, "validation_rollout": 0.0009148695389740169, "train_seconds": 1.2611939422786236, "elapsed_seconds": 2.062075186520815}
{"cell": "midpoint-b4-L4-teacher-s31415-A", "epoch": 400, "train_mse": 0.002293778583407402, "gradient_norm": 0.0014891520841047168, "validation_one_step": 3.110873255233552e-05, "validation_rollout": 0.0008502873824909329, "train_seconds": 1.677712842822075, "elapsed_seconds": 2.7385694943368435}
{"cell": "midpoint-b4-L4-teacher-s31415-A", "epoch": 500, "train_mse": 0.002037117024883628, "gradient_norm": 0.0017122376011684537, "validation_one_step": 2.7647995314813063e-05, "validation_rollout": 0.0007511727744713426, "train_seconds": 2.094842739403248, "elapsed_seconds": 3.41830138489604}
{"cell": "midpoint-b4-L4-teacher-s31415-A", "epoch": 600, "train_mse": 0.0016392418183386326, "gradient_norm": 0.0020895982161164284, "validation_one_step": 2.2276933577813907e-05, "validation_rollout": 0.0005991815123707056, "train_seconds": 2.51306614279747, "elapsed_seconds": 4.098150197416544}
{"cell": "midpoint-b4-L4-teacher-s31415-A", "epoch": 700, "train_mse": 0.0010708123445510864, "gradient_norm": 0.008912211284041405, "validation_one_step": 1.4276039640511348e-05, "validation_rollout": 0.0003798584220930934, "train_seconds": 2.9314261600375175, "elapsed_seconds": 4.7783411256968975}
{"cell": "midpoint-b4-L4-teacher-s31415-A", "epoch": 800, "train_mse": 0.00043314500362612307, "gradient_norm": 0.0034870130475610495, "validation_one_step": 5.853303434832924e-06, "validation_rollout": 0.00015095394337549806, "train_seconds": 3.35008766874671, "elapsed_seconds": 5.460110653191805}
{"cell": "midpoint-b4-L4-teacher-s31415-A", "epoch": 900, "train_mse": 8.07855321909301e-05, "gradient_norm": 0.0010256972163915634, "validation_one_step": 1.1323259296129133e-06, "validation_rollout": 2.7938927814830095e-05, "train_seconds": 3.767259731888771, "elapsed_seconds": 6.140906255692244}
{"cell": "midpoint-b4-L4-teacher-s31415-A", "epoch": 1000, "train_mse": 6.875804501760285e-06, "gradient_norm": 0.0007010736735537648, "validation_one_step": 1.0735627468487034e-07, "validation_rollout": 2.402934114797972e-06, "train_seconds": 4.186218410730362, "elapsed_seconds": 6.823456533253193}
{"cell": "midpoint-b4-L4-teacher-s31415-A", "epoch": 1100, "train_mse": 1.2369499017950147e-05, "gradient_norm": 0.010955313220620155, "validation_one_step": 3.7808666271862044e-08, "validation_rollout": 1.0726387245085789e-06, "train_seconds": 4.609660267829895, "elapsed_seconds": 7.510414749383926}
{"cell": "midpoint-b4-L4-teacher-s31415-A", "epoch": 1200, "train_mse": 3.616547417095717e-07, "gradient_norm": 7.075120811350644e-05, "validation_one_step": 3.4497040224401587e-09, "validation_rollout": 5.879650188944652e-08, "train_seconds": 5.03108586370945, "elapsed_seconds": 8.197535123676062}
{"cell": "midpoint-b4-L4-teacher-s31415-A", "epoch": 1300, "train_mse": 2.723350189626217e-05, "gradient_norm": 0.016610071063041687, "validation_one_step": 8.077754216628819e-07, "validation_rollout": 2.5729499611770734e-05, "train_seconds": 5.450934495776892, "elapsed_seconds": 8.883453138172626}
{"cell": "midpoint-b4-L4-teacher-s31415-A", "epoch": 1400, "train_mse": 3.415838136788807e-07, "gradient_norm": 0.00012556255387607962, "validation_one_step": 2.7088795280979148e-09, "validation_rollout": 5.17708471647893e-08, "train_seconds": 5.869749337434769, "elapsed_seconds": 9.56624736636877}
{"cell": "midpoint-b4-L4-teacher-s31415-A", "epoch": 1500, "train_mse": 3.3565098078724986e-07, "gradient_norm": 7.128099241526797e-06, "validation_one_step": 2.6167197297866096e-09, "validation_rollout": 5.0195556156040766e-08, "train_seconds": 6.288150683045387, "elapsed_seconds": 10.252120487391949}
{"cell": "midpoint-b4-L4-teacher-s31415-A", "epoch": 1600, "train_mse": 4.2440035485924454e-07, "gradient_norm": 0.0009720274247229099, "validation_one_step": 6.4121348231083175e-09, "validation_rollout": 1.6085179765923385e-07, "train_seconds": 6.705557193607092, "elapsed_seconds": 10.935049060732126}
{"cell": "midpoint-b4-L4-teacher-s31415-A", "epoch": 1700, "train_mse": 3.2846563158273057e-07, "gradient_norm": 4.125687610212481e-06, "validation_one_step": 2.5926648605789637e-09, "validation_rollout": 5.0063583501014364e-08, "train_seconds": 7.124519430100918, "elapsed_seconds": 11.621786795556545}
{"cell": "midpoint-b4-L4-teacher-s31415-A", "epoch": 1800, "train_mse": 2.8497195216914406e-06, "gradient_norm": 0.005075213499367237, "validation_one_step": 8.938715190254243e-08, "validation_rollout": 2.769315187833854e-06, "train_seconds": 7.54448451474309, "elapsed_seconds": 12.307481613010168}
{"cell": "midpoint-b4-L4-teacher-s31415-A", "epoch": 1900, "train_mse": 3.261848178226501e-07, "gradient_norm": 0.0001719651190796867, "validation_one_step": 2.648517183345689e-09, "validation_rollout": 5.3308976788457585e-08, "train_seconds": 7.963253196328878, "elapsed_seconds": 12.991252560168505}
{"cell": "midpoint-b4-L4-teacher-s31415-A", "epoch": 2000, "train_mse": 3.2168776442631497e-07, "gradient_norm": 2.094204319291748e-06, "validation_one_step": 2.5708290866492214e-09, "validation_rollout": 5.035302663713992e-08, "train_seconds": 8.381819043308496, "elapsed_seconds": 13.67655623704195}
CELL_COMPLETE midpoint-b4-L4-teacher-s31415-A
{"cell": "midpoint-b4-L4-teacher-s31415-B", "epoch": 1, "train_mse": 0.2965161204338074, "gradient_norm": 0.3490281105041504, "validation_one_step": 0.003961372926520805, "validation_rollout": 0.08672691136598587, "train_seconds": 0.0054214224219322205, "elapsed_seconds": 0.03038623183965683}
{"cell": "midpoint-b4-L4-teacher-s31415-B", "epoch": 100, "train_mse": 0.002522099297493696, "gradient_norm": 0.004612012300640345, "validation_one_step": 4.016605892805577e-05, "validation_rollout": 0.001039333175867796, "train_seconds": 0.41477661952376366, "elapsed_seconds": 0.6909211277961731}
{"cell": "midpoint-b4-L4-teacher-s31415-B", "epoch": 200, "train_mse": 0.0023327493108808994, "gradient_norm": 0.001270909677259624, "validation_one_step": 4.0912885803360645e-05, "validation_rollout": 0.0010276245884597301, "train_seconds": 0.8319556713104248, "elapsed_seconds": 1.3609018176794052}
{"cell": "midpoint-b4-L4-teacher-s31415-B", "epoch": 300, "train_mse": 0.0021898248232901096, "gradient_norm": 0.0012177651515230536, "validation_one_step": 4.291167230500529e-05, "validation_rollout": 0.001035630819387734, "train_seconds": 1.246409185230732, "elapsed_seconds": 2.025627750903368}
{"cell": "midpoint-b4-L4-teacher-s31415-B", "epoch": 400, "train_mse": 0.0020484384149312973, "gradient_norm": 0.0013284111628308892, "validation_one_step": 4.160605916088874e-05, "validation_rollout": 0.0009886601474136114, "train_seconds": 1.6649358347058296, "elapsed_seconds": 2.695542950183153}
{"cell": "midpoint-b4-L4-teacher-s31415-B", "epoch": 500, "train_mse": 0.0018485947512090206, "gradient_norm": 0.0014917415101081133, "validation_one_step": 3.783705953234554e-05, "validation_rollout": 0.0008923158748075366, "train_seconds": 2.07966523244977, "elapsed_seconds": 3.3647867925465107}
{"cell": "midpoint-b4-L4-teacher-s31415-B", "epoch": 600, "train_mse": 0.0015589126851409674, "gradient_norm": 0.0016828369116410613, "validation_one_step": 3.1976585736022876e-05, "validation_rollout": 0.0007479453925043344, "train_seconds": 2.4933419413864613, "elapsed_seconds": 4.034121677279472}
{"cell": "midpoint-b4-L4-teacher-s31415-B", "epoch": 700, "train_mse": 0.0011526175076141953, "gradient_norm": 0.0018547882791608572, "validation_one_step": 2.378732362255202e-05, "validation_rollout": 0.0005487207090482116, "train_seconds": 2.907411701977253, "elapsed_seconds": 4.7093739695847034}
{"cell": "midpoint-b4-L4-teacher-s31415-B", "epoch": 800, "train_mse": 0.0006562034250237048, "gradient_norm": 0.0018319759983569384, "validation_one_step": 1.3859565797247342e-05, "validation_rollout": 0.00031125114765018225, "train_seconds": 3.322440166026354, "elapsed_seconds": 5.386568114161491}
{"cell": "midpoint-b4-L4-teacher-s31415-B", "epoch": 900, "train_mse": 0.0002602531749289483, "gradient_norm": 0.016942715272307396, "validation_one_step": 5.5226563328384754e-06, "validation_rollout": 0.00012032969243591651, "train_seconds": 3.736976731568575, "elapsed_seconds": 6.05839553847909}
{"cell": "midpoint-b4-L4-teacher-s31415-B", "epoch": 1000, "train_mse": 4.903621811536141e-05, "gradient_norm": 0.0006936235004104674, "validation_one_step": 1.2585294702679069e-06, "validation_rollout": 2.4793433112790808e-05, "train_seconds": 4.15111904963851, "elapsed_seconds": 6.731386192142963}
{"cell": "midpoint-b4-L4-teacher-s31415-B", "epoch": 1100, "train_mse": 8.265796350315213e-05, "gradient_norm": 0.03144923225045204, "validation_one_step": 1.9320701648931995e-06, "validation_rollout": 5.649528611684218e-05, "train_seconds": 4.564600758254528, "elapsed_seconds": 7.403300043195486}
{"cell": "midpoint-b4-L4-teacher-s31415-B", "epoch": 1200, "train_mse": 1.41653629270877e-06, "gradient_norm": 0.00020643304742407054, "validation_one_step": 3.830023712995493e-08, "validation_rollout": 8.088672984740697e-07, "train_seconds": 4.977571789175272, "elapsed_seconds": 8.07530801743269}
{"cell": "midpoint-b4-L4-teacher-s31415-B", "epoch": 1300, "train_mse": 6.916439474480285e-07, "gradient_norm": 2.6028028514701873e-05, "validation_one_step": 1.317828575893761e-08, "validation_rollout": 3.956945135996648e-07, "train_seconds": 5.390286989510059, "elapsed_seconds": 8.74829201027751}
{"cell": "midpoint-b4-L4-teacher-s31415-B", "epoch": 1400, "train_mse": 1.128281837736722e-06, "gradient_norm": 0.0026971714105457067, "validation_one_step": 3.903314375423387e-08, "validation_rollout": 1.7090287656174041e-06, "train_seconds": 5.804388642311096, "elapsed_seconds": 9.420577522367239}
{"cell": "midpoint-b4-L4-teacher-s31415-B", "epoch": 1500, "train_mse": 5.133937293066992e-07, "gradient_norm": 3.33714961016085e-05, "validation_one_step": 6.97259342855953e-09, "validation_rollout": 2.6376073947176337e-07, "train_seconds": 6.2219111025333405, "elapsed_seconds": 10.098068065941334}
{"cell": "midpoint-b4-L4-teacher-s31415-B", "epoch": 1600, "train_mse": 2.210335424024379e-06, "gradient_norm": 0.004785498138517141, "validation_one_step": 1.0224125723823363e-07, "validation_rollout": 2.259330585729913e-06, "train_seconds": 6.635088257491589, "elapsed_seconds": 10.772929668426514}
{"cell": "midpoint-b4-L4-teacher-s31415-B", "epoch": 1700, "train_mse": 4.424572352945688e-07, "gradient_norm": 0.0001848543033702299, "validation_one_step": 5.474285025286463e-09, "validation_rollout": 1.9405156592711137e-07, "train_seconds": 7.049304880201817, "elapsed_seconds": 11.450878337025642}
{"cell": "midpoint-b4-L4-teacher-s31415-B", "epoch": 1800, "train_mse": 4.1527164285071194e-07, "gradient_norm": 6.6489224082033616e-06, "validation_one_step": 4.707008893767295e-09, "validation_rollout": 1.724778684319972e-07, "train_seconds": 7.462410170584917, "elapsed_seconds": 12.12666642293334}
{"cell": "midpoint-b4-L4-teacher-s31415-B", "epoch": 1900, "train_mse": 2.8812528398702852e-06, "gradient_norm": 0.005672812927514315, "validation_one_step": 8.545365748346967e-09, "validation_rollout": 1.785184622349334e-07, "train_seconds": 7.876010738313198, "elapsed_seconds": 12.8060712069273}
{"cell": "midpoint-b4-L4-teacher-s31415-B", "epoch": 2000, "train_mse": 3.813038347288966e-07, "gradient_norm": 2.820136614900548e-05, "validation_one_step": 3.9655021488727016e-09, "validation_rollout": 1.3998260328662582e-07, "train_seconds": 8.291353069245815, "elapsed_seconds": 13.483421124517918}
CELL_COMPLETE midpoint-b4-L4-teacher-s31415-B
{"cell": "midpoint-b4-L4-teacher-s271828-A", "epoch": 1, "train_mse": 0.1998397558927536, "gradient_norm": 0.35811594128608704, "validation_one_step": 0.002669001929461956, "validation_rollout": 0.06351503729820251, "train_seconds": 0.005415484309196472, "elapsed_seconds": 0.030987221747636795}
{"cell": "midpoint-b4-L4-teacher-s271828-A", "epoch": 100, "train_mse": 0.0026525314897298813, "gradient_norm": 0.0010047777323052287, "validation_one_step": 3.674272238640697e-05, "validation_rollout": 0.0010603904956951737, "train_seconds": 0.4196569584310055, "elapsed_seconds": 0.7039788477122784}
{"cell": "midpoint-b4-L4-teacher-s271828-A", "epoch": 200, "train_mse": 0.0025760093703866005, "gradient_norm": 0.0010154282208532095, "validation_one_step": 3.560341732130231e-05, "validation_rollout": 0.0010337105486541986, "train_seconds": 0.8378541022539139, "elapsed_seconds": 1.3806140795350075}
{"cell": "midpoint-b4-L4-teacher-s271828-A", "epoch": 300, "train_mse": 0.0024597756564617157, "gradient_norm": 0.0010973932221531868, "validation_one_step": 3.4118002683195904e-05, "validation_rollout": 0.0009967854712158442, "train_seconds": 1.2575248219072819, "elapsed_seconds": 2.0596391037106514}
{"cell": "midpoint-b4-L4-teacher-s271828-A", "epoch": 400, "train_mse": 0.002294661710038781, "gradient_norm": 0.0011978358961641788, "validation_one_step": 3.198373254538941e-05, "validation_rollout": 0.0009435247629880905, "train_seconds": 1.6846030540764332, "elapsed_seconds": 2.7502017207443714}
{"cell": "midpoint-b4-L4-teacher-s271828-A", "epoch": 500, "train_mse": 0.00205229502171278, "gradient_norm": 0.0013797569554299116, "validation_one_step": 2.875138352465001e-05, "validation_rollout": 0.0008566509350202978, "train_seconds": 2.103358570486307, "elapsed_seconds": 3.431006606668234}
{"cell": "midpoint-b4-L4-teacher-s271828-A", "epoch": 600, "train_mse": 0.0016327498015016317, "gradient_norm": 0.001767231966368854, "validation_one_step": 2.289341637151665e-05, "validation_rollout": 0.0006815389497205615, "train_seconds": 2.5208231769502163, "elapsed_seconds": 4.111289374530315}
{"cell": "midpoint-b4-L4-teacher-s271828-A", "epoch": 700, "train_mse": 0.0008841269882395864, "gradient_norm": 0.0021081415470689535, "validation_one_step": 1.225366005049485e-05, "validation_rollout": 0.00035913317697122693, "train_seconds": 2.938622873276472, "elapsed_seconds": 4.792552221566439}
{"cell": "midpoint-b4-L4-teacher-s271828-A", "epoch": 800, "train_mse": 0.00016471368144266307, "gradient_norm": 0.0013238978572189808, "validation_one_step": 2.1207366766399596e-06, "validation_rollout": 6.22636653133668e-05, "train_seconds": 3.3609640523791313, "elapsed_seconds": 5.478558205068111}
{"cell": "midpoint-b4-L4-teacher-s271828-A", "epoch": 900, "train_mse": 1.0888213182624895e-05, "gradient_norm": 0.00028962455689907074, "validation_one_step": 9.176461250130312e-08, "validation_rollout": 3.0970300031185616e-06, "train_seconds": 3.778313148766756, "elapsed_seconds": 6.16016086935997}
{"cell": "midpoint-b4-L4-teacher-s271828-A", "epoch": 1000, "train_mse": 5.279829565552063e-06, "gradient_norm": 4.191183325019665e-05, "validation_one_step": 5.1888868905318e-08, "validation_rollout": 1.4060846069696709e-06, "train_seconds": 4.197874117642641, "elapsed_seconds": 6.843744207173586}
{"cell": "midpoint-b4-L4-teacher-s271828-A", "epoch": 1100, "train_mse": 5.070616225566482e-06, "gradient_norm": 2.3693699404248036e-05, "validation_one_step": 5.361031204150398e-08, "validation_rollout": 1.3848832622898044e-06, "train_seconds": 4.616879388689995, "elapsed_seconds": 7.527146231383085}
{"cell": "midpoint-b4-L4-teacher-s271828-A", "epoch": 1200, "train_mse": 4.918454578728415e-06, "gradient_norm": 2.2578440621146e-05, "validation_one_step": 5.2229555199308684e-08, "validation_rollout": 1.3387341368797934e-06, "train_seconds": 5.035216618329287, "elapsed_seconds": 8.209665287286043}
{"cell": "midpoint-b4-L4-teacher-s271828-A", "epoch": 1300, "train_mse": 4.766056918015238e-06, "gradient_norm": 2.1961555830785073e-05, "validation_one_step": 5.05568381233464e-08, "validation_rollout": 1.2894937526652939e-06, "train_seconds": 5.455078709870577, "elapsed_seconds": 8.894250065088272}
{"cell": "midpoint-b4-L4-teacher-s271828-A", "epoch": 1400, "train_mse": 4.613890268956311e-06, "gradient_norm": 2.14144656638382e-05, "validation_one_step": 4.886567950279641e-08, "validation_rollout": 1.2404130984577932e-06, "train_seconds": 5.872219204902649, "elapsed_seconds": 9.57777550816536}
{"cell": "midpoint-b4-L4-teacher-s271828-A", "epoch": 1500, "train_mse": 4.462139713723445e-06, "gradient_norm": 3.6995148548157886e-05, "validation_one_step": 4.722121715872163e-08, "validation_rollout": 1.1958666163991438e-06, "train_seconds": 6.31268984824419, "elapsed_seconds": 10.320609766989946}
{"cell": "midpoint-b4-L4-teacher-s271828-A", "epoch": 1600, "train_mse": 4.314548277761787e-06, "gradient_norm": 2.102776852552779e-05, "validation_one_step": 4.558688182498827e-08, "validation_rollout": 1.150422235696169e-06, "train_seconds": 6.750521749258041, "elapsed_seconds": 11.0365443341434}
{"cell": "midpoint-b4-L4-teacher-s271828-A", "epoch": 1700, "train_mse": 4.164721758570522e-06, "gradient_norm": 1.955719017132651e-05, "validation_one_step": 4.3866566379335836e-08, "validation_rollout": 1.0987204177581589e-06, "train_seconds": 7.175088167190552, "elapsed_seconds": 11.729741163551807}
{"cell": "midpoint-b4-L4-teacher-s271828-A", "epoch": 1800, "train_mse": 4.022046141471947e-06, "gradient_norm": 7.421390910167247e-05, "validation_one_step": 4.242711574657202e-08, "validation_rollout": 1.067505763785448e-06, "train_seconds": 7.593808855861425, "elapsed_seconds": 12.41723182424903}
{"cell": "midpoint-b4-L4-teacher-s271828-A", "epoch": 1900, "train_mse": 3.87427098758053e-06, "gradient_norm": 1.8572107364889234e-05, "validation_one_step": 4.0608927183901265e-08, "validation_rollout": 1.0091283684232621e-06, "train_seconds": 8.011457461863756, "elapsed_seconds": 13.104349259287119}
{"cell": "midpoint-b4-L4-teacher-s271828-A", "epoch": 2000, "train_mse": 4.529315447143745e-06, "gradient_norm": 0.0026403467636555433, "validation_one_step": 4.7925682681674665e-08, "validation_rollout": 1.1560102848306997e-06, "train_seconds": 8.42846967279911, "elapsed_seconds": 13.789288852363825}
CELL_COMPLETE midpoint-b4-L4-teacher-s271828-A
{"cell": "midpoint-b4-L4-teacher-s271828-B", "epoch": 1, "train_mse": 0.19728690385818481, "gradient_norm": 0.33890753984451294, "validation_one_step": 0.0028673320969877145, "validation_rollout": 0.06806157529354095, "train_seconds": 0.005441524088382721, "elapsed_seconds": 0.030480049550533295}
{"cell": "midpoint-b4-L4-teacher-s271828-B", "epoch": 100, "train_mse": 0.0024633898865431547, "gradient_norm": 0.0016632180195301771, "validation_one_step": 3.90159010142573e-05, "validation_rollout": 0.00108949129935354, "train_seconds": 0.41905108466744423, "elapsed_seconds": 0.7008464522659779}
{"cell": "midpoint-b4-L4-teacher-s271828-B", "epoch": 200, "train_mse": 0.0022816904820501804, "gradient_norm": 0.0010320179862901568, "validation_one_step": 4.134867594984826e-05, "validation_rollout": 0.0010955753969028592, "train_seconds": 0.8347702100872993, "elapsed_seconds": 1.3684863597154617}
{"cell": "midpoint-b4-L4-teacher-s271828-B", "epoch": 300, "train_mse": 0.0021254485473036766, "gradient_norm": 0.0008538803085684776, "validation_one_step": 4.56855153364207e-05, "validation_rollout": 0.0011408765567466617, "train_seconds": 1.2540621496737003, "elapsed_seconds": 2.0407601445913315}
{"cell": "midpoint-b4-L4-teacher-s271828-B", "epoch": 400, "train_mse": 0.002024643588811159, "gradient_norm": 0.000841053610201925, "validation_one_step": 4.6839680180710275e-05, "validation_rollout": 0.0011463300324976444, "train_seconds": 1.6759692803025246, "elapsed_seconds": 2.7152461372315884}
{"cell": "midpoint-b4-L4-teacher-s271828-B", "epoch": 500, "train_mse": 0.001903144409880042, "gradient_norm": 0.0009510662057437003, "validation_one_step": 4.433312058912028e-05, "validation_rollout": 0.0010863979114219546, "train_seconds": 2.0995341055095196, "elapsed_seconds": 3.391439076513052}
{"cell": "midpoint-b4-L4-teacher-s271828-B", "epoch": 600, "train_mse": 0.0017109375912696123, "gradient_norm": 0.0011551283532753587, "validation_one_step": 3.965679237201888e-05, "validation_rollout": 0.0009720738744363189, "train_seconds": 2.5235962979495525, "elapsed_seconds": 4.075052633881569}
{"cell": "midpoint-b4-L4-teacher-s271828-B", "epoch": 700, "train_mse": 0.0013734622625634074, "gradient_norm": 0.0014797785552218556, "validation_one_step": 3.182809314239421e-05, "validation_rollout": 0.00077526003587991, "train_seconds": 2.9516423121094704, "elapsed_seconds": 4.761669483035803}
{"cell": "midpoint-b4-L4-teacher-s271828-B", "epoch": 800, "train_mse": 0.0007977093919180334, "gradient_norm": 0.0017442724201828241, "validation_one_step": 1.8879633140992762e-05, "validation_rollout": 0.000449773739092052, "train_seconds": 3.381636582314968, "elapsed_seconds": 5.449918694794178}
{"cell": "midpoint-b4-L4-teacher-s271828-B", "epoch": 900, "train_mse": 0.0002063601277768612, "gradient_norm": 0.0012479025172069669, "validation_one_step": 5.455946128070839e-06, "validation_rollout": 0.00012103749031666666, "train_seconds": 3.812095034867525, "elapsed_seconds": 6.139031834900379}
{"cell": "midpoint-b4-L4-teacher-s271828-B", "epoch": 1000, "train_mse": 4.829036333831027e-05, "gradient_norm": 0.01684008724987507, "validation_one_step": 1.152490953633863e-06, "validation_rollout": 2.19103221752448e-05, "train_seconds": 4.24505477398634, "elapsed_seconds": 6.845858972519636}
{"cell": "midpoint-b4-L4-teacher-s271828-B", "epoch": 1100, "train_mse": 5.912417691433802e-06, "gradient_norm": 0.00014843807730358094, "validation_one_step": 1.9134896097246687e-07, "validation_rollout": 4.308897587179672e-06, "train_seconds": 4.673097986727953, "elapsed_seconds": 7.538011588156223}
{"cell": "midpoint-b4-L4-teacher-s271828-B", "epoch": 1200, "train_mse": 4.5572369344881736e-06, "gradient_norm": 3.182573345839046e-05, "validation_one_step": 1.0690750595898635e-07, "validation_rollout": 2.924242380686337e-06, "train_seconds": 5.092872474342585, "elapsed_seconds": 8.232712555676699}
{"cell": "midpoint-b4-L4-teacher-s271828-B", "epoch": 1300, "train_mse": 6.577225121873198e-06, "gradient_norm": 0.004999254364520311, "validation_one_step": 2.0487657792500613e-07, "validation_rollout": 3.7489353417186067e-06, "train_seconds": 5.513001326471567, "elapsed_seconds": 8.918471276760101}
{"cell": "midpoint-b4-L4-teacher-s271828-B", "epoch": 1400, "train_mse": 4.0179329516831785e-06, "gradient_norm": 3.5134595236741006e-05, "validation_one_step": 7.629441315752199e-08, "validation_rollout": 2.2483543489215663e-06, "train_seconds": 5.938636794686317, "elapsed_seconds": 9.60551031306386}
{"cell": "midpoint-b4-L4-teacher-s271828-B", "epoch": 1500, "train_mse": 2.8108313927077688e-05, "gradient_norm": 0.016048189252614975, "validation_one_step": 3.5366378625667494e-07, "validation_rollout": 6.9410143623827025e-06, "train_seconds": 6.3652926646173, "elapsed_seconds": 10.300193972885609}
{"cell": "midpoint-b4-L4-teacher-s271828-B", "epoch": 1600, "train_mse": 3.669800207717344e-06, "gradient_norm": 0.00011468593584140763, "validation_one_step": 6.401768892771997e-08, "validation_rollout": 1.897476863632619e-06, "train_seconds": 6.791385184973478, "elapsed_seconds": 10.993038702756166}
{"cell": "midpoint-b4-L4-teacher-s271828-B", "epoch": 1700, "train_mse": 3.5188991205359343e-06, "gradient_norm": 6.991178815951571e-05, "validation_one_step": 5.999587611900854e-08, "validation_rollout": 1.7497684439149452e-06, "train_seconds": 7.215016070753336, "elapsed_seconds": 11.679679356515408}
{"cell": "midpoint-b4-L4-teacher-s271828-B", "epoch": 1800, "train_mse": 3.4097308798664017e-06, "gradient_norm": 0.0004948070854879916, "validation_one_step": 5.44831658307506e-08, "validation_rollout": 1.6729609342291951e-06, "train_seconds": 7.636340167373419, "elapsed_seconds": 12.36945040896535}
{"cell": "midpoint-b4-L4-teacher-s271828-B", "epoch": 1900, "train_mse": 3.260709490859881e-06, "gradient_norm": 1.5069102119014133e-05, "validation_one_step": 5.3318007786629096e-08, "validation_rollout": 1.493154741183389e-06, "train_seconds": 8.058910716325045, "elapsed_seconds": 13.058644063770771}
{"cell": "midpoint-b4-L4-teacher-s271828-B", "epoch": 2000, "train_mse": 7.530021321144886e-06, "gradient_norm": 0.006763156969100237, "validation_one_step": 1.1182608676089482e-07, "validation_rollout": 2.160032636311371e-06, "train_seconds": 8.479455392807722, "elapsed_seconds": 13.749743919819593}
CELL_COMPLETE midpoint-b4-L4-teacher-s271828-B
{"cell": "midpoint-b4-L4-teacher-s161803-A", "epoch": 1, "train_mse": 0.2777605652809143, "gradient_norm": 0.38528329133987427, "validation_one_step": 0.0036992101619640985, "validation_rollout": 0.08373513072729111, "train_seconds": 0.005389094352722168, "elapsed_seconds": 0.03098190203309059}
{"cell": "midpoint-b4-L4-teacher-s161803-A", "epoch": 100, "train_mse": 0.002610420109704137, "gradient_norm": 0.0013295821845531464, "validation_one_step": 3.261599431425566e-05, "validation_rollout": 0.0009570789989084005, "train_seconds": 0.42414233461022377, "elapsed_seconds": 0.7094855196774006}
{"cell": "midpoint-b4-L4-teacher-s161803-A", "epoch": 200, "train_mse": 0.0025170771405100822, "gradient_norm": 0.0013468870893120766, "validation_one_step": 3.167776746219412e-05, "validation_rollout": 0.0009283162653446198, "train_seconds": 0.8412462510168552, "elapsed_seconds": 1.3845852352678776}
{"cell": "midpoint-b4-L4-teacher-s161803-A", "epoch": 300, "train_mse": 0.0023943770211189985, "gradient_norm": 0.001443577348254621, "validation_one_step": 3.008598438706637e-05, "validation_rollout": 0.0008846777491271496, "train_seconds": 1.2586715817451477, "elapsed_seconds": 2.0606886371970177}
{"cell": "midpoint-b4-L4-teacher-s161803-A", "epoch": 400, "train_mse": 0.0022212699986994267, "gradient_norm": 0.001590002910234034, "validation_one_step": 2.7894924187421566e-05, "validation_rollout": 0.0008194055990315974, "train_seconds": 1.6759094335138798, "elapsed_seconds": 2.7384428903460503}
{"cell": "midpoint-b4-L4-teacher-s161803-A", "epoch": 500, "train_mse": 0.001973469741642475, "gradient_norm": 0.0017728396924212575, "validation_one_step": 2.478646259381397e-05, "validation_rollout": 0.0007246959139592946, "train_seconds": 2.092700894922018, "elapsed_seconds": 3.419810965657234}
{"cell": "midpoint-b4-L4-teacher-s161803-A", "epoch": 600, "train_mse": 0.0016239745309576392, "gradient_norm": 0.001960442867130041, "validation_one_step": 2.0413568563526496e-05, "validation_rollout": 0.0005920316907577217, "train_seconds": 2.5141232647001743, "elapsed_seconds": 4.103754676878452}
{"cell": "midpoint-b4-L4-teacher-s161803-A", "epoch": 700, "train_mse": 0.0011540523264557123, "gradient_norm": 0.0020823427475988865, "validation_one_step": 1.4539544963554363e-05, "validation_rollout": 0.00041608483297750354, "train_seconds": 2.932302098721266, "elapsed_seconds": 4.785470996052027}
{"cell": "midpoint-b4-L4-teacher-s161803-A", "epoch": 800, "train_mse": 0.0006087158108130097, "gradient_norm": 0.0019543946254998446, "validation_one_step": 7.702567131673277e-06, "validation_rollout": 0.00021585807553492486, "train_seconds": 3.3505426570773125, "elapsed_seconds": 5.4705000557005405}
{"cell": "midpoint-b4-L4-teacher-s161803-A", "epoch": 900, "train_mse": 0.00018553342670202255, "gradient_norm": 0.0013641255209222436, "validation_one_step": 2.353317540837452e-06, "validation_rollout": 6.418030534405261e-05, "train_seconds": 3.7687752582132816, "elapsed_seconds": 6.153106480836868}
{"cell": "midpoint-b4-L4-teacher-s161803-A", "epoch": 1000, "train_mse": 2.718859104788862e-05, "gradient_norm": 0.000787855708040297, "validation_one_step": 3.5138094508132173e-07, "validation_rollout": 9.18829482543515e-06, "train_seconds": 4.18710346147418, "elapsed_seconds": 6.836666937917471}
{"cell": "midpoint-b4-L4-teacher-s161803-A", "epoch": 1100, "train_mse": 2.4224627850344405e-06, "gradient_norm": 0.0002525134477764368, "validation_one_step": 3.105377407071804e-08, "validation_rollout": 7.330186804210825e-07, "train_seconds": 4.605441432446241, "elapsed_seconds": 7.520353022962809}
{"cell": "midpoint-b4-L4-teacher-s161803-A", "epoch": 1200, "train_mse": 4.54455005183263e-07, "gradient_norm": 3.835840834653936e-05, "validation_one_step": 4.939241682322404e-09, "validation_rollout": 1.0819015017204947e-07, "train_seconds": 5.023734215646982, "elapsed_seconds": 8.205008283257484}
{"cell": "midpoint-b4-L4-teacher-s161803-A", "epoch": 1300, "train_mse": 7.666436658837483e-07, "gradient_norm": 0.0019640522077679634, "validation_one_step": 4.801132861646333e-09, "validation_rollout": 1.4879302057124733e-07, "train_seconds": 5.443610563874245, "elapsed_seconds": 8.889012590050697}
{"cell": "midpoint-b4-L4-teacher-s161803-A", "epoch": 1400, "train_mse": 3.3578902502995334e-07, "gradient_norm": 5.555454208661104e-06, "validation_one_step": 3.0996194870051377e-09, "validation_rollout": 7.791314970972962e-08, "train_seconds": 5.863786488771439, "elapsed_seconds": 9.575357671827078}
{"cell": "midpoint-b4-L4-teacher-s161803-A", "epoch": 1500, "train_mse": 3.357633033829188e-07, "gradient_norm": 0.00028400629526004195, "validation_one_step": 3.3505869930413232e-09, "validation_rollout": 9.609512119368446e-08, "train_seconds": 6.283012833446264, "elapsed_seconds": 10.261752288788557}
{"cell": "midpoint-b4-L4-teacher-s161803-A", "epoch": 1600, "train_mse": 3.277929749856412e-07, "gradient_norm": 0.00022737987455911934, "validation_one_step": 2.92364325342002e-09, "validation_rollout": 7.519049916027143e-08, "train_seconds": 6.7058252319693565, "elapsed_seconds": 10.949102092534304}
{"cell": "midpoint-b4-L4-teacher-s161803-A", "epoch": 1700, "train_mse": 3.164772977015673e-07, "gradient_norm": 2.9410161914711352e-06, "validation_one_step": 2.769016941665351e-09, "validation_rollout": 6.879574243612296e-08, "train_seconds": 7.125238601118326, "elapsed_seconds": 11.634652506560087}
{"cell": "midpoint-b4-L4-teacher-s161803-A", "epoch": 1800, "train_mse": 8.048108384173247e-07, "gradient_norm": 0.0021352346520870924, "validation_one_step": 1.0426204729204376e-07, "validation_rollout": 3.1597394354321295e-06, "train_seconds": 7.5454911552369595, "elapsed_seconds": 12.321393691003323}
{"cell": "midpoint-b4-L4-teacher-s161803-A", "epoch": 1900, "train_mse": 3.099132186434872e-07, "gradient_norm": 1.6349002180504613e-05, "validation_one_step": 2.6666446828471635e-09, "validation_rollout": 6.616583192453618e-08, "train_seconds": 7.964999530464411, "elapsed_seconds": 13.007452212274075}
{"cell": "midpoint-b4-L4-teacher-s161803-A", "epoch": 2000, "train_mse": 3.0640683235105826e-07, "gradient_norm": 3.825042767857667e-06, "validation_one_step": 2.5903131491607687e-09, "validation_rollout": 6.326517620891536e-08, "train_seconds": 8.38456578925252, "elapsed_seconds": 13.69889172911644}
CELL_COMPLETE midpoint-b4-L4-teacher-s161803-A
{"cell": "midpoint-b4-L4-teacher-s161803-B", "epoch": 1, "train_mse": 0.27670109272003174, "gradient_norm": 0.39166098833084106, "validation_one_step": 0.003635432959223787, "validation_rollout": 0.08224464952945709, "train_seconds": 0.005379118025302887, "elapsed_seconds": 0.030450526624917984}
{"cell": "midpoint-b4-L4-teacher-s161803-B", "epoch": 100, "train_mse": 0.0025453902781009674, "gradient_norm": 0.0015760159585624933, "validation_one_step": 3.3574036933714524e-05, "validation_rollout": 0.0009593142895027995, "train_seconds": 0.41640589386224747, "elapsed_seconds": 0.6935683116316795}
{"cell": "midpoint-b4-L4-teacher-s161803-B", "epoch": 200, "train_mse": 0.002404765924438834, "gradient_norm": 0.001347058336250484, "validation_one_step": 3.3366836457086414e-05, "validation_rollout": 0.0009365060250274837, "train_seconds": 0.831195529550314, "elapsed_seconds": 1.3609073162078857}
{"cell": "midpoint-b4-L4-teacher-s161803-B", "epoch": 300, "train_mse": 0.0022464862558990717, "gradient_norm": 0.0013485046802088618, "validation_one_step": 3.354960767865123e-05, "validation_rollout": 0.0009172663558274508, "train_seconds": 1.2457630969583988, "elapsed_seconds": 2.0318129770457745}
{"cell": "midpoint-b4-L4-teacher-s161803-B", "epoch": 400, "train_mse": 0.00207124138250947, "gradient_norm": 0.0014559496194124222, "validation_one_step": 3.249149616143162e-05, "validation_rollout": 0.0008699105237610638, "train_seconds": 1.6611122786998749, "elapsed_seconds": 2.7007252611219883}
{"cell": "midpoint-b4-L4-teacher-s161803-B", "epoch": 500, "train_mse": 0.0018383109709247947, "gradient_norm": 0.0016386696370318532, "validation_one_step": 2.9421331419143826e-05, "validation_rollout": 0.0007788579678162932, "train_seconds": 2.0754441916942596, "elapsed_seconds": 3.369564466178417}
{"cell": "midpoint-b4-L4-teacher-s161803-B", "epoch": 600, "train_mse": 0.0015152087435126305, "gradient_norm": 0.0018220087513327599, "validation_one_step": 2.4492019747412996e-05, "validation_rollout": 0.0006446079933084548, "train_seconds": 2.4896860234439373, "elapsed_seconds": 4.0397794879972935}
{"cell": "midpoint-b4-L4-teacher-s161803-B", "epoch": 700, "train_mse": 0.0010900967754423618, "gradient_norm": 0.0019229196477681398, "validation_one_step": 1.785615158193347e-05, "validation_rollout": 0.00046755041694268584, "train_seconds": 2.9039798453450203, "elapsed_seconds": 4.710950206965208}
{"cell": "midpoint-b4-L4-teacher-s161803-B", "epoch": 800, "train_mse": 0.0006156417075544596, "gradient_norm": 0.0017878328217193484, "validation_one_step": 1.0401759671670638e-05, "validation_rollout": 0.0002696166920941323, "train_seconds": 3.319744184613228, "elapsed_seconds": 5.384502921253443}
{"cell": "midpoint-b4-L4-teacher-s161803-B", "epoch": 900, "train_mse": 0.00024106798809953034, "gradient_norm": 0.0058534760028123856, "validation_one_step": 4.620617441257006e-06, "validation_rollout": 0.00011777369945775717, "train_seconds": 3.734977353364229, "elapsed_seconds": 6.057222489267588}
{"cell": "midpoint-b4-L4-teacher-s161803-B", "epoch": 1000, "train_mse": 6.229121936485171e-05, "gradient_norm": 0.0006890864460729063, "validation_one_step": 1.2730020462943987e-06, "validation_rollout": 3.065855707973242e-05, "train_seconds": 4.1497977413237095, "elapsed_seconds": 6.73062764108181}
{"cell": "midpoint-b4-L4-teacher-s161803-B", "epoch": 1100, "train_mse": 1.4152572475722991e-05, "gradient_norm": 0.0002808839490171522, "validation_one_step": 3.283342569678401e-07, "validation_rollout": 7.298323907889426e-06, "train_seconds": 4.564527742564678, "elapsed_seconds": 7.404071543365717}
{"cell": "midpoint-b4-L4-teacher-s161803-B", "epoch": 1200, "train_mse": 4.395754331198987e-06, "gradient_norm": 0.00042796769412234426, "validation_one_step": 1.1616499584476969e-07, "validation_rollout": 2.534421582822688e-06, "train_seconds": 4.981746602803469, "elapsed_seconds": 8.07923173904419}
{"cell": "midpoint-b4-L4-teacher-s161803-B", "epoch": 1300, "train_mse": 1.8715577425609808e-06, "gradient_norm": 5.586122642853297e-05, "validation_one_step": 3.827078802013754e-08, "validation_rollout": 7.793554459567531e-07, "train_seconds": 5.398912198841572, "elapsed_seconds": 8.756621535867453}
{"cell": "midpoint-b4-L4-teacher-s161803-B", "epoch": 1400, "train_mse": 1.0791516160679748e-06, "gradient_norm": 2.923915053543169e-05, "validation_one_step": 1.7665858849843136e-08, "validation_rollout": 3.666926602363674e-07, "train_seconds": 5.814707443118095, "elapsed_seconds": 9.433149702847004}
{"cell": "midpoint-b4-L4-teacher-s161803-B", "epoch": 1500, "train_mse": 8.794044106252841e-07, "gradient_norm": 0.00016350291843991727, "validation_one_step": 2.080713290553149e-08, "validation_rollout": 4.862415039497137e-07, "train_seconds": 6.230415195226669, "elapsed_seconds": 10.107177041471004}
{"cell": "midpoint-b4-L4-teacher-s161803-B", "epoch": 1600, "train_mse": 7.704102245043032e-07, "gradient_norm": 2.8863527404610068e-05, "validation_one_step": 9.16866242188045e-09, "validation_rollout": 2.0581590831625363e-07, "train_seconds": 6.64544365182519, "elapsed_seconds": 10.783852364867926}
{"cell": "midpoint-b4-L4-teacher-s161803-B", "epoch": 1700, "train_mse": 7.227303058243706e-07, "gradient_norm": 9.30785245145671e-06, "validation_one_step": 7.840980457511174e-09, "validation_rollout": 1.8032773141385405e-07, "train_seconds": 7.060538828372955, "elapsed_seconds": 11.461206890642643}
{"cell": "midpoint-b4-L4-teacher-s161803-B", "epoch": 1800, "train_mse": 2.040063236563583e-06, "gradient_norm": 0.004627436399459839, "validation_one_step": 4.0684750383472114e-08, "validation_rollout": 1.1533999213497736e-06, "train_seconds": 7.4805235378444195, "elapsed_seconds": 12.14133407920599}
{"cell": "midpoint-b4-L4-teacher-s161803-B", "epoch": 1900, "train_mse": 6.88174111473927e-07, "gradient_norm": 3.1489758839597926e-05, "validation_one_step": 7.062100311946058e-09, "validation_rollout": 1.64330231200438e-07, "train_seconds": 7.894943408668041, "elapsed_seconds": 12.816360212862492}
{"cell": "midpoint-b4-L4-teacher-s161803-B", "epoch": 2000, "train_mse": 6.692157512588892e-07, "gradient_norm": 1.5246729162754491e-05, "validation_one_step": 6.707685296092336e-09, "validation_rollout": 1.578464576823535e-07, "train_seconds": 8.309518575668335, "elapsed_seconds": 13.49453216791153}
CELL_COMPLETE midpoint-b4-L4-teacher-s161803-B
{"cell": "midpoint-b4-L4-detached-s31415-A", "epoch": 1, "train_mse": 1.7195128202438354, "gradient_norm": 0.5940093994140625, "validation_one_step": 0.003775815983923773, "validation_rollout": 0.08431017398834229, "train_seconds": 0.015086408704519272, "elapsed_seconds": 0.040773361921310425}
{"cell": "midpoint-b4-L4-detached-s31415-A", "epoch": 100, "train_mse": 0.014862298965454102, "gradient_norm": 0.003538173623383045, "validation_one_step": 2.993843653105917e-05, "validation_rollout": 0.000938591780140996, "train_seconds": 1.444102194160223, "elapsed_seconds": 1.7312626130878925}
{"cell": "midpoint-b4-L4-detached-s31415-A", "epoch": 200, "train_mse": 0.014414913952350616, "gradient_norm": 0.002978339558467269, "validation_one_step": 2.942617955644285e-05, "validation_rollout": 0.0009068481740541756, "train_seconds": 2.8994342535734177, "elapsed_seconds": 3.449081629514694}
{"cell": "midpoint-b4-L4-detached-s31415-A", "epoch": 300, "train_mse": 0.013672774657607079, "gradient_norm": 0.0032773080747574568, "validation_one_step": 2.797468717593195e-05, "validation_rollout": 0.0008585003670305014, "train_seconds": 4.3478341437876225, "elapsed_seconds": 5.161541972309351}
{"cell": "midpoint-b4-L4-detached-s31415-A", "epoch": 400, "train_mse": 0.012518145143985748, "gradient_norm": 0.003703299444168806, "validation_one_step": 2.5661882621837624e-05, "validation_rollout": 0.0007826682412996888, "train_seconds": 5.809127349406481, "elapsed_seconds": 6.909490164369345}
{"cell": "midpoint-b4-L4-detached-s31415-A", "epoch": 500, "train_mse": 0.010710216127336025, "gradient_norm": 0.004290882032364607, "validation_one_step": 2.184827083813919e-05, "validation_rollout": 0.0006611053831875324, "train_seconds": 7.261232651770115, "elapsed_seconds": 8.626061756163836}
{"cell": "midpoint-b4-L4-detached-s31415-A", "epoch": 600, "train_mse": 0.007940838113427162, "gradient_norm": 0.008546947501599789, "validation_one_step": 1.6230790303476777e-05, "validation_rollout": 0.0004831586848013103, "train_seconds": 8.707571595907211, "elapsed_seconds": 10.337355189025402}
{"cell": "midpoint-b4-L4-detached-s31415-A", "epoch": 700, "train_mse": 0.004297640174627304, "gradient_norm": 0.004995125811547041, "validation_one_step": 8.914295449358178e-06, "validation_rollout": 0.00025759905111044645, "train_seconds": 10.157797265797853, "elapsed_seconds": 12.05282586812973}
{"cell": "midpoint-b4-L4-detached-s31415-A", "epoch": 800, "train_mse": 0.0012732993345707655, "gradient_norm": 0.0034913148265331984, "validation_one_step": 2.679343159191679e-06, "validation_rollout": 7.43848504498601e-05, "train_seconds": 11.610805317759514, "elapsed_seconds": 13.773240838199854}
{"cell": "midpoint-b4-L4-detached-s31415-A", "epoch": 900, "train_mse": 0.00016794238763395697, "gradient_norm": 0.0023355705197900534, "validation_one_step": 3.684856828556349e-07, "validation_rollout": 9.572624549036846e-06, "train_seconds": 13.058172356337309, "elapsed_seconds": 15.486638061702251}
{"cell": "midpoint-b4-L4-detached-s31415-A", "epoch": 1000, "train_mse": 1.5109966625459492e-05, "gradient_norm": 0.00461858743801713, "validation_one_step": 4.628350340022772e-08, "validation_rollout": 1.0916459132204182e-06, "train_seconds": 14.517179396003485, "elapsed_seconds": 17.21212701499462}
{"cell": "midpoint-b4-L4-detached-s31415-A", "epoch": 1100, "train_mse": 1.9642973256850382e-06, "gradient_norm": 0.00019662617705762386, "validation_one_step": 5.108818904956773e-09, "validation_rollout": 8.427970499269577e-08, "train_seconds": 15.967310599982738, "elapsed_seconds": 18.930008705705404}
{"cell": "midpoint-b4-L4-detached-s31415-A", "epoch": 1200, "train_mse": 1.5575012639601482e-06, "gradient_norm": 0.0005564586026594043, "validation_one_step": 3.371807240822496e-09, "validation_rollout": 6.801279539558891e-08, "train_seconds": 17.421336583793163, "elapsed_seconds": 20.649355672299862}
{"cell": "midpoint-b4-L4-detached-s31415-A", "epoch": 1300, "train_mse": 1.486041583120823e-06, "gradient_norm": 0.0001712330849841237, "validation_one_step": 2.7453823288799604e-09, "validation_rollout": 5.460283603042626e-08, "train_seconds": 18.867993619292974, "elapsed_seconds": 22.364792872220278}
{"cell": "midpoint-b4-L4-detached-s31415-A", "epoch": 1400, "train_mse": 1.7554203850522754e-06, "gradient_norm": 0.00149970140773803, "validation_one_step": 3.112659204459097e-09, "validation_rollout": 6.234150617956402e-08, "train_seconds": 20.315188735723495, "elapsed_seconds": 24.08186449110508}
{"cell": "midpoint-b4-L4-detached-s31415-A", "epoch": 1500, "train_mse": 1.465892864871421e-06, "gradient_norm": 8.212422471842729e-06, "validation_one_step": 2.7057361906557276e-09, "validation_rollout": 5.417807358298887e-08, "train_seconds": 21.770156513899565, "elapsed_seconds": 25.80574146285653}
{"cell": "midpoint-b4-L4-detached-s31415-A", "epoch": 1600, "train_mse": 3.4034974305541255e-06, "gradient_norm": 0.003969489596784115, "validation_one_step": 2.915933420647813e-09, "validation_rollout": 5.5405600107860664e-08, "train_seconds": 23.224359460175037, "elapsed_seconds": 27.527589682489634}
{"cell": "midpoint-b4-L4-detached-s31415-A", "epoch": 1700, "train_mse": 1.4563008789991727e-06, "gradient_norm": 4.243664079695009e-05, "validation_one_step": 2.7137324054571366e-09, "validation_rollout": 5.434192473785515e-08, "train_seconds": 24.698988866060972, "elapsed_seconds": 29.276602938771248}
{"cell": "midpoint-b4-L4-detached-s31415-A", "epoch": 1800, "train_mse": 0.00044931337470188737, "gradient_norm": 0.060647230595350266, "validation_one_step": 1.2282760053494712e-06, "validation_rollout": 3.9269907574635e-05, "train_seconds": 26.169149570167065, "elapsed_seconds": 31.028906662017107}
{"cell": "midpoint-b4-L4-detached-s31415-A", "epoch": 1900, "train_mse": 1.4516605233438895e-06, "gradient_norm": 0.00010401817417005077, "validation_one_step": 2.742265673797798e-09, "validation_rollout": 5.565063787571489e-08, "train_seconds": 27.64617696404457, "elapsed_seconds": 32.782441075891256}
{"cell": "midpoint-b4-L4-detached-s31415-A", "epoch": 2000, "train_mse": 1.445162979507586e-06, "gradient_norm": 1.1193592399649788e-05, "validation_one_step": 2.711962469407562e-09, "validation_rollout": 5.487274989945945e-08, "train_seconds": 29.144272182136774, "elapsed_seconds": 34.552496653050184}
CELL_COMPLETE midpoint-b4-L4-detached-s31415-A
{"cell": "midpoint-b4-L4-detached-s31415-B", "epoch": 1, "train_mse": 1.7811589241027832, "gradient_norm": 0.7048422694206238, "validation_one_step": 0.003955926687922329, "validation_rollout": 0.08667656779289246, "train_seconds": 0.017848718911409378, "elapsed_seconds": 0.043136484920978546}
{"cell": "midpoint-b4-L4-detached-s31415-B", "epoch": 100, "train_mse": 0.014151579700410366, "gradient_norm": 0.004482404328882694, "validation_one_step": 3.09108360549241e-05, "validation_rollout": 0.0009293296607211232, "train_seconds": 1.4615599773824215, "elapsed_seconds": 1.74879702180624}
{"cell": "midpoint-b4-L4-detached-s31415-B", "epoch": 200, "train_mse": 0.013526422902941704, "gradient_norm": 0.0030413721688091755, "validation_one_step": 3.117570713584428e-05, "validation_rollout": 0.0009077867725864053, "train_seconds": 2.9220038801431656, "elapsed_seconds": 3.4725409783422947}
{"cell": "midpoint-b4-L4-detached-s31415-B", "epoch": 300, "train_mse": 0.01274070329964161, "gradient_norm": 0.0031833259854465723, "validation_one_step": 3.058773882003152e-05, "validation_rollout": 0.0008699307800270617, "train_seconds": 4.384125262498856, "elapsed_seconds": 5.199033498764038}
{"cell": "midpoint-b4-L4-detached-s31415-B", "epoch": 400, "train_mse": 0.011679869145154953, "gradient_norm": 0.003478377591818571, "validation_one_step": 2.8631718654044864e-05, "validation_rollout": 0.0008020077948458493, "train_seconds": 5.818978141993284, "elapsed_seconds": 6.893941655755043}
{"cell": "midpoint-b4-L4-detached-s31415-B", "epoch": 500, "train_mse": 0.010140176862478256, "gradient_norm": 0.0038709547370672226, "validation_one_step": 2.5048895016273793e-05, "validation_rollout": 0.0006941076135262847, "train_seconds": 7.253906212747097, "elapsed_seconds": 8.587937332689762}
{"cell": "midpoint-b4-L4-detached-s31415-B", "epoch": 600, "train_mse": 0.00793556496500969, "gradient_norm": 0.004270460922271013, "validation_one_step": 1.9705436291890994e-05, "validation_rollout": 0.0005384694086387753, "train_seconds": 8.689214538782835, "elapsed_seconds": 10.28194510564208}
{"cell": "midpoint-b4-L4-detached-s31415-B", "epoch": 700, "train_mse": 0.005055231042206287, "gradient_norm": 0.004391179885715246, "validation_one_step": 1.2665843617772529e-05, "validation_rollout": 0.00033811802859418094, "train_seconds": 10.122057814151049, "elapsed_seconds": 11.974102653563023}
{"cell": "midpoint-b4-L4-detached-s31415-B", "epoch": 800, "train_mse": 0.002187055768445134, "gradient_norm": 0.0036643282510340214, "validation_one_step": 5.6002120534988835e-06, "validation_rollout": 0.00014396918413694948, "train_seconds": 11.55707523971796, "elapsed_seconds": 13.668116111308336}
{"cell": "midpoint-b4-L4-detached-s31415-B", "epoch": 900, "train_mse": 0.000547100673429668, "gradient_norm": 0.003722925903275609, "validation_one_step": 1.4871348431218696e-06, "validation_rollout": 3.609672421589494e-05, "train_seconds": 12.980490729212761, "elapsed_seconds": 15.350066628307104}
{"cell": "midpoint-b4-L4-detached-s31415-B", "epoch": 1000, "train_mse": 7.91911079431884e-05, "gradient_norm": 0.000832738121971488, "validation_one_step": 2.4467527796427174e-07, "validation_rollout": 5.416050953499507e-06, "train_seconds": 14.403109099715948, "elapsed_seconds": 17.032545115798712}
{"cell": "midpoint-b4-L4-detached-s31415-B", "epoch": 1100, "train_mse": 1.4505787476082332e-05, "gradient_norm": 0.005880282260477543, "validation_one_step": 4.943043552252391e-08, "validation_rollout": 1.0878475222853012e-06, "train_seconds": 15.828818570822477, "elapsed_seconds": 18.718535751104355}
{"cell": "midpoint-b4-L4-detached-s31415-B", "epoch": 1200, "train_mse": 2.801606797220302e-06, "gradient_norm": 7.68094978411682e-05, "validation_one_step": 9.617982188458996e-09, "validation_rollout": 1.9787219684985757e-07, "train_seconds": 17.25351397320628, "elapsed_seconds": 20.404065046459436}
{"cell": "midpoint-b4-L4-detached-s31415-B", "epoch": 1300, "train_mse": 3.4242962101416197e-06, "gradient_norm": 0.0036760198418051004, "validation_one_step": 1.3157276416523681e-08, "validation_rollout": 3.1489088314629043e-07, "train_seconds": 18.674718659371138, "elapsed_seconds": 22.08646620064974}
{"cell": "midpoint-b4-L4-detached-s31415-B", "epoch": 1400, "train_mse": 1.97186227524071e-06, "gradient_norm": 0.0009148244862444699, "validation_one_step": 4.341550285946738e-09, "validation_rollout": 1.0702070341039871e-07, "train_seconds": 20.102315943688154, "elapsed_seconds": 23.772705052047968}
{"cell": "midpoint-b4-L4-detached-s31415-B", "epoch": 1500, "train_mse": 1.8215919226349797e-06, "gradient_norm": 9.303005754190963e-06, "validation_one_step": 3.6456300570956537e-09, "validation_rollout": 9.722403149226011e-08, "train_seconds": 21.52729696035385, "elapsed_seconds": 25.460444156080484}
{"cell": "midpoint-b4-L4-detached-s31415-B", "epoch": 1600, "train_mse": 4.894556332146749e-05, "gradient_norm": 0.020760057494044304, "validation_one_step": 4.9464354982357385e-08, "validation_rollout": 1.290256591346406e-06, "train_seconds": 22.956430040299892, "elapsed_seconds": 27.150617640465498}
{"cell": "midpoint-b4-L4-detached-s31415-B", "epoch": 1700, "train_mse": 1.799060555640608e-06, "gradient_norm": 0.0001265942119061947, "validation_one_step": 3.4863691378284045e-09, "validation_rollout": 9.193279026931123e-08, "train_seconds": 24.39469927176833, "elapsed_seconds": 28.862122107297182}
{"cell": "midpoint-b4-L4-detached-s31415-B", "epoch": 1800, "train_mse": 1.7753632164385635e-06, "gradient_norm": 6.569335710082669e-06, "validation_one_step": 3.3023060952430683e-09, "validation_rollout": 8.818684449352077e-08, "train_seconds": 25.827730629593134, "elapsed_seconds": 30.57231118902564}
{"cell": "midpoint-b4-L4-detached-s31415-B", "epoch": 1900, "train_mse": 0.0003898249415215105, "gradient_norm": 0.05942849442362785, "validation_one_step": 7.294990638229137e-07, "validation_rollout": 2.0114268409088254e-05, "train_seconds": 27.257637944072485, "elapsed_seconds": 32.2659651003778}
{"cell": "midpoint-b4-L4-detached-s31415-B", "epoch": 2000, "train_mse": 1.7688411162453122e-06, "gradient_norm": 8.198560681194067e-05, "validation_one_step": 3.386628440645486e-09, "validation_rollout": 8.594587086463434e-08, "train_seconds": 28.684023685753345, "elapsed_seconds": 33.95462229847908}
CELL_COMPLETE midpoint-b4-L4-detached-s31415-B
{"cell": "midpoint-b4-L4-detached-s271828-A", "epoch": 1, "train_mse": 1.2622567415237427, "gradient_norm": 0.7267683148384094, "validation_one_step": 0.0026690019100594022, "validation_rollout": 0.06351503729820251, "train_seconds": 0.015133515000343323, "elapsed_seconds": 0.040777429938316345}
{"cell": "midpoint-b4-L4-detached-s271828-A", "epoch": 100, "train_mse": 0.015052077360451221, "gradient_norm": 0.007250014692544937, "validation_one_step": 3.307422305927806e-05, "validation_rollout": 0.0010513499146327376, "train_seconds": 1.4475584477186203, "elapsed_seconds": 1.7341812252998352}
{"cell": "midpoint-b4-L4-detached-s271828-A", "epoch": 200, "train_mse": 0.014533473178744316, "gradient_norm": 0.002418359275907278, "validation_one_step": 3.165945084523022e-05, "validation_rollout": 0.0010335714323446155, "train_seconds": 2.8942335918545723, "elapsed_seconds": 3.441159125417471}
{"cell": "midpoint-b4-L4-detached-s271828-A", "epoch": 300, "train_mse": 0.013855383731424809, "gradient_norm": 0.002618872793391347, "validation_one_step": 3.0217175056653407e-05, "validation_rollout": 0.0009938040748238564, "train_seconds": 4.350648444145918, "elapsed_seconds": 5.161788493394852}
{"cell": "midpoint-b4-L4-detached-s271828-A", "epoch": 400, "train_mse": 0.012874775566160679, "gradient_norm": 0.0028793220408260822, "validation_one_step": 2.8125896430234814e-05, "validation_rollout": 0.0009340466931462288, "train_seconds": 5.796889279037714, "elapsed_seconds": 6.871520210057497}
{"cell": "midpoint-b4-L4-detached-s271828-A", "epoch": 500, "train_mse": 0.011372224427759647, "gradient_norm": 0.003360037226229906, "validation_one_step": 2.4904504092167674e-05, "validation_rollout": 0.0008329034317284822, "train_seconds": 7.247162621468306, "elapsed_seconds": 8.58505716174841}
{"cell": "midpoint-b4-L4-detached-s271828-A", "epoch": 600, "train_mse": 0.008691594004631042, "gradient_norm": 0.0042547015473246574, "validation_one_step": 1.9110008906864095e-05, "validation_rollout": 0.0006343942368403077, "train_seconds": 8.68437983840704, "elapsed_seconds": 10.286114301532507}
{"cell": "midpoint-b4-L4-detached-s271828-A", "epoch": 700, "train_mse": 0.004217246081680059, "gradient_norm": 0.0046548014506697655, "validation_one_step": 9.302950426596604e-06, "validation_rollout": 0.0003026514605153352, "train_seconds": 10.120476633310318, "elapsed_seconds": 11.990306206047535}
{"cell": "midpoint-b4-L4-detached-s271828-A", "epoch": 800, "train_mse": 0.0006742478581145406, "gradient_norm": 0.002526523545384407, "validation_one_step": 1.4623338794687395e-06, "validation_rollout": 4.8582682211417705e-05, "train_seconds": 11.563998781144619, "elapsed_seconds": 13.698318876326084}
{"cell": "midpoint-b4-L4-detached-s271828-A", "epoch": 900, "train_mse": 5.1161438022973016e-05, "gradient_norm": 0.0005390580627135932, "validation_one_step": 9.284723212488188e-08, "validation_rollout": 3.656445869637537e-06, "train_seconds": 13.004733122885227, "elapsed_seconds": 15.404050908982754}
{"cell": "midpoint-b4-L4-detached-s271828-A", "epoch": 1000, "train_mse": 2.844767914211843e-05, "gradient_norm": 8.640238957013935e-05, "validation_one_step": 4.626520203980059e-08, "validation_rollout": 1.512755034127622e-06, "train_seconds": 14.447578456252813, "elapsed_seconds": 17.112641245126724}
{"cell": "midpoint-b4-L4-detached-s271828-A", "epoch": 1100, "train_mse": 2.7509822757565416e-05, "gradient_norm": 4.911878568236716e-05, "validation_one_step": 4.4933713638783956e-08, "validation_rollout": 1.3766461961495224e-06, "train_seconds": 15.892316807061434, "elapsed_seconds": 18.823850870132446}
{"cell": "midpoint-b4-L4-detached-s271828-A", "epoch": 1200, "train_mse": 2.6807287213159725e-05, "gradient_norm": 4.689881097874604e-05, "validation_one_step": 4.37703038258519e-08, "validation_rollout": 1.3272823480292573e-06, "train_seconds": 17.331802260130644, "elapsed_seconds": 20.533860336989164}
{"cell": "midpoint-b4-L4-detached-s271828-A", "epoch": 1300, "train_mse": 2.608868817333132e-05, "gradient_norm": 4.541108864941634e-05, "validation_one_step": 4.255333507785508e-08, "validation_rollout": 1.2836350151701481e-06, "train_seconds": 18.77339117228985, "elapsed_seconds": 22.242866273969412}
{"cell": "midpoint-b4-L4-detached-s271828-A", "epoch": 1400, "train_mse": 2.5361849111504853e-05, "gradient_norm": 4.5721659262198955e-05, "validation_one_step": 4.131457664868776e-08, "validation_rollout": 1.2397783848427935e-06, "train_seconds": 20.215298298746347, "elapsed_seconds": 23.952946476638317}
{"cell": "midpoint-b4-L4-detached-s271828-A", "epoch": 1500, "train_mse": 2.516869608371053e-05, "gradient_norm": 0.0017933544004336, "validation_one_step": 4.0117470826809644e-08, "validation_rollout": 1.1921850955332047e-06, "train_seconds": 21.656030479818583, "elapsed_seconds": 25.661145631223917}
{"cell": "midpoint-b4-L4-detached-s271828-A", "epoch": 1600, "train_mse": 2.3919474188005552e-05, "gradient_norm": 4.253808583598584e-05, "validation_one_step": 3.8837146831838254e-08, "validation_rollout": 1.1540771538420813e-06, "train_seconds": 23.099471889436245, "elapsed_seconds": 27.373977474868298}
{"cell": "midpoint-b4-L4-detached-s271828-A", "epoch": 1700, "train_mse": 3.2531395845580846e-05, "gradient_norm": 0.007775641977787018, "validation_one_step": 4.986433814006356e-08, "validation_rollout": 1.3877454421162838e-06, "train_seconds": 24.54556269571185, "elapsed_seconds": 29.091115318238735}
{"cell": "midpoint-b4-L4-detached-s271828-A", "epoch": 1800, "train_mse": 2.2470878320746124e-05, "gradient_norm": 4.1034571040654555e-05, "validation_one_step": 3.6329727818677306e-08, "validation_rollout": 1.0698887535909307e-06, "train_seconds": 26.02751101180911, "elapsed_seconds": 30.847027856856585}
{"cell": "midpoint-b4-L4-detached-s271828-A", "epoch": 1900, "train_mse": 2.237835360574536e-05, "gradient_norm": 0.0020624303724616766, "validation_one_step": 4.399081188211085e-08, "validation_rollout": 1.4024777783561149e-06, "train_seconds": 27.508762896060944, "elapsed_seconds": 32.60048705339432}
{"cell": "midpoint-b4-L4-detached-s271828-A", "epoch": 2000, "train_mse": 2.1034378733020276e-05, "gradient_norm": 5.02691364090424e-05, "validation_one_step": 3.381011855670598e-08, "validation_rollout": 9.868035704130307e-07, "train_seconds": 28.992924075573683, "elapsed_seconds": 34.364273488521576}
CELL_COMPLETE midpoint-b4-L4-detached-s271828-A
{"cell": "midpoint-b4-L4-detached-s271828-B", "epoch": 1, "train_mse": 1.246972918510437, "gradient_norm": 0.6757984161376953, "validation_one_step": 0.002867332242506867, "validation_rollout": 0.06806157529354095, "train_seconds": 0.015046343207359314, "elapsed_seconds": 0.04011833667755127}
{"cell": "midpoint-b4-L4-detached-s271828-B", "epoch": 100, "train_mse": 0.014324231073260307, "gradient_norm": 0.005905065219849348, "validation_one_step": 3.407895716615409e-05, "validation_rollout": 0.0010565611300989985, "train_seconds": 1.4553507640957832, "elapsed_seconds": 1.7357046119868755}
{"cell": "midpoint-b4-L4-detached-s271828-B", "epoch": 200, "train_mse": 0.013600584119558334, "gradient_norm": 0.002238297602161765, "validation_one_step": 3.34896910014019e-05, "validation_rollout": 0.0010434876894578338, "train_seconds": 2.9190332256257534, "elapsed_seconds": 3.4558425955474377}
{"cell": "midpoint-b4-L4-detached-s271828-B", "epoch": 300, "train_mse": 0.012903839349746704, "gradient_norm": 0.00211463519372046, "validation_one_step": 3.374550472775203e-05, "validation_rollout": 0.0010263740550726652, "train_seconds": 4.379155699163675, "elapsed_seconds": 5.1803154945373535}
{"cell": "midpoint-b4-L4-detached-s271828-B", "epoch": 400, "train_mse": 0.012239741161465645, "gradient_norm": 0.0021993606351315975, "validation_one_step": 3.303580706415232e-05, "validation_rollout": 0.000994552276097238, "train_seconds": 5.826668318361044, "elapsed_seconds": 6.890486788004637}
{"cell": "midpoint-b4-L4-detached-s271828-B", "epoch": 500, "train_mse": 0.011311197653412819, "gradient_norm": 0.0025366684421896935, "validation_one_step": 3.061466236431443e-05, "validation_rollout": 0.0009229305433109403, "train_seconds": 7.264862433075905, "elapsed_seconds": 8.591780841350555}
{"cell": "midpoint-b4-L4-detached-s271828-B", "epoch": 600, "train_mse": 0.009773250669240952, "gradient_norm": 0.0031206936109811068, "validation_one_step": 2.639840037469791e-05, "validation_rollout": 0.0007952020969241858, "train_seconds": 8.692246668040752, "elapsed_seconds": 10.277515970170498}
{"cell": "midpoint-b4-L4-detached-s271828-B", "epoch": 700, "train_mse": 0.00707625225186348, "gradient_norm": 0.003892401233315468, "validation_one_step": 1.9202516341465525e-05, "validation_rollout": 0.0005740231717936695, "train_seconds": 10.114463798701763, "elapsed_seconds": 11.95886368304491}
{"cell": "midpoint-b4-L4-detached-s271828-B", "epoch": 800, "train_mse": 0.00314472708851099, "gradient_norm": 0.0038520151283591986, "validation_one_step": 8.768984571361216e-06, "validation_rollout": 0.00025573326274752617, "train_seconds": 11.53772323206067, "elapsed_seconds": 13.646219152957201}
{"cell": "midpoint-b4-L4-detached-s271828-B", "epoch": 900, "train_mse": 0.000528337259311229, "gradient_norm": 0.0019590314477682114, "validation_one_step": 1.6360027833191755e-06, "validation_rollout": 4.519116191659123e-05, "train_seconds": 12.959296252578497, "elapsed_seconds": 15.327802404761314}
{"cell": "midpoint-b4-L4-detached-s271828-B", "epoch": 1000, "train_mse": 6.912135722814128e-05, "gradient_norm": 0.009067397564649582, "validation_one_step": 3.9048031474919753e-07, "validation_rollout": 8.427542525168974e-06, "train_seconds": 14.397034045308828, "elapsed_seconds": 17.039876226335764}
{"cell": "midpoint-b4-L4-detached-s271828-B", "epoch": 1100, "train_mse": 2.8158581699244678e-05, "gradient_norm": 0.00011425709817558527, "validation_one_step": 1.060906432333771e-07, "validation_rollout": 2.654194986462244e-06, "train_seconds": 15.821731224656105, "elapsed_seconds": 18.726117935031652}
{"cell": "midpoint-b4-L4-detached-s271828-B", "epoch": 1200, "train_mse": 2.4910568754421547e-05, "gradient_norm": 5.576406329055317e-05, "validation_one_step": 7.619748447022327e-08, "validation_rollout": 2.1004557311243843e-06, "train_seconds": 17.2502221763134, "elapsed_seconds": 20.416434705257416}
{"cell": "midpoint-b4-L4-detached-s271828-B", "epoch": 1300, "train_mse": 2.585012225608807e-05, "gradient_norm": 0.0038196214009076357, "validation_one_step": 6.267570284990143e-08, "validation_rollout": 2.4418677639914677e-06, "train_seconds": 18.675006229430437, "elapsed_seconds": 22.101711560040712}
{"cell": "midpoint-b4-L4-detached-s271828-B", "epoch": 1400, "train_mse": 2.290460906806402e-05, "gradient_norm": 6.220668728929013e-05, "validation_one_step": 5.8629872512483416e-08, "validation_rollout": 1.7626383623792208e-06, "train_seconds": 20.09903360903263, "elapsed_seconds": 23.79182179644704}
{"cell": "midpoint-b4-L4-detached-s271828-B", "epoch": 1500, "train_mse": 2.243613198515959e-05, "gradient_norm": 0.0014299649046733975, "validation_one_step": 9.654142107962116e-08, "validation_rollout": 2.110939476551721e-06, "train_seconds": 21.524527367204428, "elapsed_seconds": 25.478210546076298}
{"cell": "midpoint-b4-L4-detached-s271828-B", "epoch": 1600, "train_mse": 2.1481668227352202e-05, "gradient_norm": 6.024490357958712e-05, "validation_one_step": 5.192938049939736e-08, "validation_rollout": 1.5762785778861144e-06, "train_seconds": 22.954327132552862, "elapsed_seconds": 27.17077286913991}
{"cell": "midpoint-b4-L4-detached-s271828-B", "epoch": 1700, "train_mse": 2.0830117136938497e-05, "gradient_norm": 0.0005046670557931066, "validation_one_step": 5.1010224784893886e-08, "validation_rollout": 1.4853286529614707e-06, "train_seconds": 24.381818514317274, "elapsed_seconds": 28.863631322979927}
{"cell": "midpoint-b4-L4-detached-s271828-B", "epoch": 1800, "train_mse": 2.026406400545966e-05, "gradient_norm": 0.0007419360335916281, "validation_one_step": 4.792387405435269e-08, "validation_rollout": 1.421210185981181e-06, "train_seconds": 25.83165116235614, "elapsed_seconds": 30.606362752616405}
{"cell": "midpoint-b4-L4-detached-s271828-B", "epoch": 1900, "train_mse": 1.9577682905946858e-05, "gradient_norm": 3.499336162349209e-05, "validation_one_step": 4.5340536362440766e-08, "validation_rollout": 1.363028445666714e-06, "train_seconds": 27.271331906318665, "elapsed_seconds": 32.32591675966978}
{"cell": "midpoint-b4-L4-detached-s271828-B", "epoch": 2000, "train_mse": 5.0694176024990156e-05, "gradient_norm": 0.015035315416753292, "validation_one_step": 5.595338485875345e-07, "validation_rollout": 1.8655597159522586e-05, "train_seconds": 28.68805655837059, "elapsed_seconds": 34.01093227043748}
CELL_COMPLETE midpoint-b4-L4-detached-s271828-B
{"cell": "midpoint-b4-L4-detached-s161803-A", "epoch": 1, "train_mse": 1.6299641132354736, "gradient_norm": 0.6802218556404114, "validation_one_step": 0.003699210472404957, "validation_rollout": 0.0837351381778717, "train_seconds": 0.015039544552564621, "elapsed_seconds": 0.040672652423381805}
{"cell": "midpoint-b4-L4-detached-s161803-A", "epoch": 100, "train_mse": 0.01464702095836401, "gradient_norm": 0.01055577490478754, "validation_one_step": 2.8811263746320037e-05, "validation_rollout": 0.00100344093516469, "train_seconds": 1.436613418161869, "elapsed_seconds": 1.7221581526100636}
{"cell": "midpoint-b4-L4-detached-s161803-A", "epoch": 200, "train_mse": 0.013938885182142258, "gradient_norm": 0.003456361824646592, "validation_one_step": 2.7568124020641942e-05, "validation_rollout": 0.0009411612409166992, "train_seconds": 2.877018764615059, "elapsed_seconds": 3.4240896478295326}
{"cell": "midpoint-b4-L4-detached-s161803-A", "epoch": 300, "train_mse": 0.013012390583753586, "gradient_norm": 0.0036736694164574146, "validation_one_step": 2.581314705215239e-05, "validation_rollout": 0.0008882719557732344, "train_seconds": 4.317567124962807, "elapsed_seconds": 5.12791895866394}
{"cell": "midpoint-b4-L4-detached-s161803-A", "epoch": 400, "train_mse": 0.011738467961549759, "gradient_norm": 0.0040445574559271336, "validation_one_step": 2.340094132099087e-05, "validation_rollout": 0.0008038191590458155, "train_seconds": 5.764815613627434, "elapsed_seconds": 6.839775066822767}
{"cell": "midpoint-b4-L4-detached-s161803-A", "epoch": 500, "train_mse": 0.009937575086951256, "gradient_norm": 0.004462985321879387, "validation_one_step": 1.995776127235634e-05, "validation_rollout": 0.0006793907377868891, "train_seconds": 7.2083352617919445, "elapsed_seconds": 8.547026466578245}
{"cell": "midpoint-b4-L4-detached-s161803-A", "epoch": 600, "train_mse": 0.007494127377867699, "gradient_norm": 0.004760965704917908, "validation_one_step": 1.5213220725248297e-05, "validation_rollout": 0.000510119367390871, "train_seconds": 8.64550257101655, "elapsed_seconds": 10.248058207333088}
{"cell": "midpoint-b4-L4-detached-s161803-A", "epoch": 700, "train_mse": 0.004539471119642258, "gradient_norm": 0.0046325186267495155, "validation_one_step": 9.354588238844977e-06, "validation_rollout": 0.00030651295674033463, "train_seconds": 10.084089901298285, "elapsed_seconds": 11.952414005994797}
{"cell": "midpoint-b4-L4-detached-s161803-A", "epoch": 800, "train_mse": 0.0019068469991907477, "gradient_norm": 0.021166756749153137, "validation_one_step": 3.915959761494984e-06, "validation_rollout": 0.00012387457536533475, "train_seconds": 11.520334593951702, "elapsed_seconds": 13.653371598571539}
{"cell": "midpoint-b4-L4-detached-s161803-A", "epoch": 900, "train_mse": 0.0004079834616277367, "gradient_norm": 0.001995630329474807, "validation_one_step": 8.826190220171762e-07, "validation_rollout": 2.7085996407549828e-05, "train_seconds": 12.95907074585557, "elapsed_seconds": 15.358862061053514}
{"cell": "midpoint-b4-L4-detached-s161803-A", "epoch": 1000, "train_mse": 5.460566535475664e-05, "gradient_norm": 0.005748653318732977, "validation_one_step": 1.1710539915554818e-07, "validation_rollout": 3.4843590128730284e-06, "train_seconds": 14.40083485469222, "elapsed_seconds": 17.066165078431368}
{"cell": "midpoint-b4-L4-detached-s161803-A", "epoch": 1100, "train_mse": 5.063873231847538e-06, "gradient_norm": 0.00020625533943530172, "validation_one_step": 1.3575631729878523e-08, "validation_rollout": 3.4864621056840406e-07, "train_seconds": 15.856122858822346, "elapsed_seconds": 18.787740536034107}
{"cell": "midpoint-b4-L4-detached-s161803-A", "epoch": 1200, "train_mse": 0.0001450291892979294, "gradient_norm": 0.03200393170118332, "validation_one_step": 1.6248074293419754e-07, "validation_rollout": 4.880088908976177e-06, "train_seconds": 17.29351244866848, "elapsed_seconds": 20.490779399871826}
{"cell": "midpoint-b4-L4-detached-s161803-A", "epoch": 1300, "train_mse": 1.5408368199132383e-06, "gradient_norm": 0.00011568424088181928, "validation_one_step": 3.322509970852631e-09, "validation_rollout": 8.100195714177971e-08, "train_seconds": 18.732441272586584, "elapsed_seconds": 22.19620767235756}
{"cell": "midpoint-b4-L4-detached-s161803-A", "epoch": 1400, "train_mse": 1.5004395663709147e-06, "gradient_norm": 7.134432962629944e-06, "validation_one_step": 3.0785502295553138e-09, "validation_rollout": 7.56430154069676e-08, "train_seconds": 20.172849722206593, "elapsed_seconds": 23.90493194386363}
{"cell": "midpoint-b4-L4-detached-s161803-A", "epoch": 1500, "train_mse": 4.143392288824543e-06, "gradient_norm": 0.004354336764663458, "validation_one_step": 1.0652523278290953e-07, "validation_rollout": 3.1872048111836193e-06, "train_seconds": 21.61563066765666, "elapsed_seconds": 25.614174161106348}
{"cell": "midpoint-b4-L4-detached-s161803-A", "epoch": 1600, "train_mse": 1.465082959839492e-06, "gradient_norm": 0.0001941279915627092, "validation_one_step": 2.9352128875596386e-09, "validation_rollout": 7.25957889358142e-08, "train_seconds": 23.060783807188272, "elapsed_seconds": 27.32542836293578}
{"cell": "midpoint-b4-L4-detached-s161803-A", "epoch": 1700, "train_mse": 1.4377469597093295e-06, "gradient_norm": 6.879010015836684e-06, "validation_one_step": 2.8322259537638672e-09, "validation_rollout": 6.842837763088028e-08, "train_seconds": 24.508376199752092, "elapsed_seconds": 29.042538538575172}
{"cell": "midpoint-b4-L4-detached-s161803-A", "epoch": 1800, "train_mse": 1.4175325304677244e-06, "gradient_norm": 6.660126382485032e-05, "validation_one_step": 2.766498123178233e-09, "validation_rollout": 6.569641897158363e-08, "train_seconds": 25.95060032606125, "elapsed_seconds": 30.754757426679134}
{"cell": "midpoint-b4-L4-detached-s161803-A", "epoch": 1900, "train_mse": 1.4373397334566107e-06, "gradient_norm": 0.00045593804679811, "validation_one_step": 3.095296093510077e-09, "validation_rollout": 8.534850337582611e-08, "train_seconds": 27.424943815916777, "elapsed_seconds": 32.50426875054836}
{"cell": "midpoint-b4-L4-detached-s161803-A", "epoch": 2000, "train_mse": 1.390597503814206e-06, "gradient_norm": 1.5508032447542064e-05, "validation_one_step": 2.6640701126604918e-09, "validation_rollout": 6.30023464509577e-08, "train_seconds": 28.90933882817626, "elapsed_seconds": 34.26444408297539}
CELL_COMPLETE midpoint-b4-L4-detached-s161803-A
{"cell": "midpoint-b4-L4-detached-s161803-B", "epoch": 1, "train_mse": 1.625975251197815, "gradient_norm": 0.7162100672721863, "validation_one_step": 0.003637729755913218, "validation_rollout": 0.08230829983949661, "train_seconds": 0.015106946229934692, "elapsed_seconds": 0.04038921743631363}
{"cell": "midpoint-b4-L4-detached-s161803-B", "epoch": 100, "train_mse": 0.01442703790962696, "gradient_norm": 0.010080241598188877, "validation_one_step": 2.8943660557464074e-05, "validation_rollout": 0.0009939380688592792, "train_seconds": 1.4572670087218285, "elapsed_seconds": 1.7411650009453297}
{"cell": "midpoint-b4-L4-detached-s161803-B", "epoch": 200, "train_mse": 0.013606536202132702, "gradient_norm": 0.0034634757321327925, "validation_one_step": 2.7764058965355314e-05, "validation_rollout": 0.0009305134299211204, "train_seconds": 2.9208741448819637, "elapsed_seconds": 3.478369779884815}
{"cell": "midpoint-b4-L4-detached-s161803-B", "epoch": 300, "train_mse": 0.012604938820004463, "gradient_norm": 0.0035843048244714737, "validation_one_step": 2.605211238915217e-05, "validation_rollout": 0.0008774527814239264, "train_seconds": 4.378257051110268, "elapsed_seconds": 5.199097435921431}
{"cell": "midpoint-b4-L4-detached-s161803-B", "epoch": 400, "train_mse": 0.01126010064035654, "gradient_norm": 0.00394474808126688, "validation_one_step": 2.3499743141049596e-05, "validation_rollout": 0.0007891848217695951, "train_seconds": 5.8286558128893375, "elapsed_seconds": 6.909298777580261}
{"cell": "midpoint-b4-L4-detached-s161803-B", "epoch": 500, "train_mse": 0.009368756785988808, "gradient_norm": 0.004357404541224241, "validation_one_step": 1.9778168431609327e-05, "validation_rollout": 0.0006593079888261855, "train_seconds": 7.283124282956123, "elapsed_seconds": 8.625021450221539}
{"cell": "midpoint-b4-L4-detached-s161803-B", "epoch": 600, "train_mse": 0.006855636835098267, "gradient_norm": 0.004590214230120182, "validation_one_step": 1.4760584842103222e-05, "validation_rollout": 0.00048709241673350334, "train_seconds": 8.730701141059399, "elapsed_seconds": 10.330821923911572}
{"cell": "midpoint-b4-L4-detached-s161803-B", "epoch": 700, "train_mse": 0.003988934215158224, "gradient_norm": 0.0042999982833862305, "validation_one_step": 8.902112805723542e-06, "validation_rollout": 0.0002887308073695749, "train_seconds": 10.152618404477835, "elapsed_seconds": 12.01667844131589}
{"cell": "midpoint-b4-L4-detached-s161803-B", "epoch": 800, "train_mse": 0.0016154330223798752, "gradient_norm": 0.009148103184998035, "validation_one_step": 4.5639605256534805e-06, "validation_rollout": 0.00014523000572808087, "train_seconds": 11.576034013181925, "elapsed_seconds": 13.699476569890976}
{"cell": "midpoint-b4-L4-detached-s161803-B", "epoch": 900, "train_mse": 0.00041839113691821694, "gradient_norm": 0.0017657896969467402, "validation_one_step": 1.0655178025823868e-06, "validation_rollout": 3.2255473342956975e-05, "train_seconds": 12.999081276357174, "elapsed_seconds": 15.382676735520363}
{"cell": "midpoint-b4-L4-detached-s161803-B", "epoch": 1000, "train_mse": 7.998455839697272e-05, "gradient_norm": 0.001737652812153101, "validation_one_step": 2.2450645076332876e-07, "validation_rollout": 6.411525646399241e-06, "train_seconds": 14.434716582298279, "elapsed_seconds": 17.082976169884205}
{"cell": "midpoint-b4-L4-detached-s161803-B", "epoch": 1100, "train_mse": 1.9262824935140088e-05, "gradient_norm": 0.0007653457578271627, "validation_one_step": 5.8679087959016364e-08, "validation_rollout": 1.5456610071851173e-06, "train_seconds": 15.880528334528208, "elapsed_seconds": 18.790996596217155}
{"cell": "midpoint-b4-L4-detached-s161803-B", "epoch": 1200, "train_mse": 7.789038136252202e-06, "gradient_norm": 9.70924666034989e-05, "validation_one_step": 2.3583100361435072e-08, "validation_rollout": 5.721527713831165e-07, "train_seconds": 17.31805995851755, "elapsed_seconds": 20.49022376909852}
{"cell": "midpoint-b4-L4-detached-s161803-B", "epoch": 1300, "train_mse": 0.00022999041539151222, "gradient_norm": 0.047933198511600494, "validation_one_step": 6.053491781917349e-08, "validation_rollout": 1.6542927596674417e-06, "train_seconds": 18.744294684380293, "elapsed_seconds": 22.17736892774701}
{"cell": "midpoint-b4-L4-detached-s161803-B", "epoch": 1400, "train_mse": 3.798159013967961e-06, "gradient_norm": 0.0003291668544989079, "validation_one_step": 9.518671110579172e-09, "validation_rollout": 2.2486543116428948e-07, "train_seconds": 20.17446891218424, "elapsed_seconds": 23.868896309286356}
{"cell": "midpoint-b4-L4-detached-s161803-B", "epoch": 1500, "train_mse": 3.1392714845424052e-06, "gradient_norm": 2.5750547138159163e-05, "validation_one_step": 7.04996409398954e-09, "validation_rollout": 1.7055191392501e-07, "train_seconds": 21.603201039135456, "elapsed_seconds": 25.562176909297705}
{"cell": "midpoint-b4-L4-detached-s161803-B", "epoch": 1600, "train_mse": 4.815285501535982e-05, "gradient_norm": 0.021246012300252914, "validation_one_step": 2.51568415728561e-08, "validation_rollout": 6.597349511139328e-07, "train_seconds": 23.034812968224287, "elapsed_seconds": 27.255319103598595}
{"cell": "midpoint-b4-L4-detached-s161803-B", "epoch": 1700, "train_mse": 2.643876314323279e-06, "gradient_norm": 0.00012716463243123144, "validation_one_step": 5.106280953626197e-09, "validation_rollout": 1.2804575533209572e-07, "train_seconds": 24.461841128766537, "elapsed_seconds": 28.946740429848433}
{"cell": "midpoint-b4-L4-detached-s161803-B", "epoch": 1800, "train_mse": 2.490699444024358e-06, "gradient_norm": 1.3429369573714212e-05, "validation_one_step": 4.502753133313793e-09, "validation_rollout": 1.1440666014550516e-07, "train_seconds": 25.895302549004555, "elapsed_seconds": 30.644561886787415}
{"cell": "midpoint-b4-L4-detached-s161803-B", "epoch": 1900, "train_mse": 5.160273303772556e-06, "gradient_norm": 0.0051830122247338295, "validation_one_step": 7.669281247106122e-09, "validation_rollout": 1.9392524563954794e-07, "train_seconds": 27.32371359691024, "elapsed_seconds": 32.33406186848879}
{"cell": "midpoint-b4-L4-detached-s161803-B", "epoch": 2000, "train_mse": 2.362504801567411e-06, "gradient_norm": 4.153216286795214e-05, "validation_one_step": 4.040720054850529e-09, "validation_rollout": 1.0384990645206926e-07, "train_seconds": 28.749425418674946, "elapsed_seconds": 34.02242071181536}
CELL_COMPLETE midpoint-b4-L4-detached-s161803-B
{"cell": "midpoint-b4-L4-unroll-s31415-A", "epoch": 1, "train_mse": 1.7195128202438354, "gradient_norm": 1.6823787689208984, "validation_one_step": 0.0037758160033263266, "validation_rollout": 0.08431015908718109, "train_seconds": 0.01577623188495636, "elapsed_seconds": 0.04152997210621834}
{"cell": "midpoint-b4-L4-unroll-s31415-A", "epoch": 100, "train_mse": 0.014881766401231289, "gradient_norm": 0.007085103541612625, "validation_one_step": 2.9523184518135775e-05, "validation_rollout": 0.0009481082088313997, "train_seconds": 1.5145795531570911, "elapsed_seconds": 1.8012009896337986}
{"cell": "midpoint-b4-L4-unroll-s31415-A", "epoch": 200, "train_mse": 0.014496633782982826, "gradient_norm": 0.007026358041912317, "validation_one_step": 2.8998009990270173e-05, "validation_rollout": 0.000919600366614759, "train_seconds": 3.0363429188728333, "elapsed_seconds": 3.584627117961645}
{"cell": "midpoint-b4-L4-unroll-s31415-A", "epoch": 300, "train_mse": 0.013902487233281136, "gradient_norm": 0.0076350197196006775, "validation_one_step": 2.7841249144936835e-05, "validation_rollout": 0.0008801888907328248, "train_seconds": 4.551875323057175, "elapsed_seconds": 5.363175451755524}
{"cell": "midpoint-b4-L4-unroll-s31415-A", "epoch": 400, "train_mse": 0.013017995283007622, "gradient_norm": 0.016424939036369324, "validation_one_step": 2.5976209068782435e-05, "validation_rollout": 0.0008185504120774567, "train_seconds": 6.0671849101781845, "elapsed_seconds": 7.142129708081484}
{"cell": "midpoint-b4-L4-unroll-s31415-A", "epoch": 500, "train_mse": 0.011681804433465004, "gradient_norm": 0.009669000282883644, "validation_one_step": 2.347487027994551e-05, "validation_rollout": 0.0007333404500968754, "train_seconds": 7.584671322256327, "elapsed_seconds": 8.924819696694613}
{"cell": "midpoint-b4-L4-unroll-s31415-A", "epoch": 600, "train_mse": 0.009789161384105682, "gradient_norm": 0.09941709041595459, "validation_one_step": 1.9730473923118552e-05, "validation_rollout": 0.0006076052086427808, "train_seconds": 9.100284233689308, "elapsed_seconds": 10.705156717449427}
{"cell": "midpoint-b4-L4-unroll-s31415-A", "epoch": 700, "train_mse": 0.006742878817021847, "gradient_norm": 0.012329122982919216, "validation_one_step": 1.3662067355350397e-05, "validation_rollout": 0.0004138893564231694, "train_seconds": 10.61767190694809, "elapsed_seconds": 12.488346111029387}
{"cell": "midpoint-b4-L4-unroll-s31415-A", "epoch": 800, "train_mse": 0.0033049271441996098, "gradient_norm": 0.01217289175838232, "validation_one_step": 6.733409217455725e-06, "validation_rollout": 0.0001983244001166895, "train_seconds": 12.132228128612041, "elapsed_seconds": 14.268862277269363}
{"cell": "midpoint-b4-L4-unroll-s31415-A", "epoch": 900, "train_mse": 0.0008695983560755849, "gradient_norm": 0.017881404608488083, "validation_one_step": 1.8069803502385184e-06, "validation_rollout": 5.110732308821753e-05, "train_seconds": 13.64264801889658, "elapsed_seconds": 16.045226491987705}
{"cell": "midpoint-b4-L4-unroll-s31415-A", "epoch": 1000, "train_mse": 0.00028573861345648766, "gradient_norm": 0.131702721118927, "validation_one_step": 2.655568588731209e-07, "validation_rollout": 7.5215330070932396e-06, "train_seconds": 15.15567534416914, "elapsed_seconds": 17.82546017691493}
{"cell": "midpoint-b4-L4-unroll-s31415-A", "epoch": 1100, "train_mse": 8.482002158416435e-06, "gradient_norm": 0.0013079100754112005, "validation_one_step": 2.147582200962006e-08, "validation_rollout": 4.667942903324729e-07, "train_seconds": 16.665571581572294, "elapsed_seconds": 19.602892506867647}
{"cell": "midpoint-b4-L4-unroll-s31415-A", "epoch": 1200, "train_mse": 5.721202978747897e-05, "gradient_norm": 0.07377306371927261, "validation_one_step": 4.614036264172228e-09, "validation_rollout": 8.057926237370339e-08, "train_seconds": 18.185562644153833, "elapsed_seconds": 21.39199461787939}
{"cell": "midpoint-b4-L4-unroll-s31415-A", "epoch": 1300, "train_mse": 1.7071702131943312e-06, "gradient_norm": 0.00024460922577418387, "validation_one_step": 2.856102243598002e-09, "validation_rollout": 5.04795565348104e-08, "train_seconds": 19.695559535175562, "elapsed_seconds": 23.169048756361008}
{"cell": "midpoint-b4-L4-unroll-s31415-A", "epoch": 1400, "train_mse": 1.6862312577359262e-06, "gradient_norm": 1.7646449123276398e-05, "validation_one_step": 2.6150650903981423e-09, "validation_rollout": 4.834682698628967e-08, "train_seconds": 21.205160938203335, "elapsed_seconds": 24.948680143803358}
{"cell": "midpoint-b4-L4-unroll-s31415-A", "epoch": 1500, "train_mse": 2.9860839276807383e-06, "gradient_norm": 0.011215702630579472, "validation_one_step": 3.2957945631887733e-09, "validation_rollout": 6.136983188298473e-08, "train_seconds": 22.726438891142607, "elapsed_seconds": 26.748225267976522}
{"cell": "midpoint-b4-L4-unroll-s31415-A", "epoch": 1600, "train_mse": 1.690498947937158e-06, "gradient_norm": 9.813594078877941e-05, "validation_one_step": 2.6090906842431614e-09, "validation_rollout": 4.842395640025643e-08, "train_seconds": 24.26803670451045, "elapsed_seconds": 28.556966211646795}
{"cell": "midpoint-b4-L4-unroll-s31415-A", "epoch": 1700, "train_mse": 1.6842875538713997e-06, "gradient_norm": 0.00023512556799687445, "validation_one_step": 2.5933127682324178e-09, "validation_rollout": 4.834754463445279e-08, "train_seconds": 25.785770498216152, "elapsed_seconds": 30.344467468559742}
{"cell": "midpoint-b4-L4-unroll-s31415-A", "epoch": 1800, "train_mse": 2.1463274606503546e-06, "gradient_norm": 0.006623583845794201, "validation_one_step": 3.4812082660984345e-09, "validation_rollout": 7.975823024253259e-08, "train_seconds": 27.308830615133047, "elapsed_seconds": 32.13486247882247}
{"cell": "midpoint-b4-L4-unroll-s31415-A", "epoch": 1900, "train_mse": 1.6878620954230428e-06, "gradient_norm": 4.1337014408782125e-05, "validation_one_step": 2.6016054125814017e-09, "validation_rollout": 4.8743256542138624e-08, "train_seconds": 28.842444736510515, "elapsed_seconds": 33.937431909143925}
{"cell": "midpoint-b4-L4-unroll-s31415-A", "epoch": 2000, "train_mse": 9.400385897606611e-05, "gradient_norm": 0.09500518441200256, "validation_one_step": 6.03463857847449e-07, "validation_rollout": 1.9361315935384482e-05, "train_seconds": 30.400010127574205, "elapsed_seconds": 35.768220987170935}
CELL_COMPLETE midpoint-b4-L4-unroll-s31415-A
{"cell": "midpoint-b4-L4-unroll-s31415-B", "epoch": 1, "train_mse": 1.7811589241027832, "gradient_norm": 2.0693039894104004, "validation_one_step": 0.003955926532701899, "validation_rollout": 0.08667657524347305, "train_seconds": 0.01588756963610649, "elapsed_seconds": 0.0417456217110157}
{"cell": "midpoint-b4-L4-unroll-s31415-B", "epoch": 100, "train_mse": 0.014095820486545563, "gradient_norm": 0.013294012285768986, "validation_one_step": 3.014538303129181e-05, "validation_rollout": 0.0009262329549528658, "train_seconds": 1.5306263491511345, "elapsed_seconds": 1.811407770961523}
{"cell": "midpoint-b4-L4-unroll-s31415-B", "epoch": 200, "train_mse": 0.013581020757555962, "gradient_norm": 0.007398668210953474, "validation_one_step": 3.0080265029634273e-05, "validation_rollout": 0.0009065064368769526, "train_seconds": 3.0518176704645157, "elapsed_seconds": 3.591762587428093}
{"cell": "midpoint-b4-L4-unroll-s31415-B", "epoch": 300, "train_mse": 0.01290965173393488, "gradient_norm": 0.007777029648423195, "validation_one_step": 2.9502560134157346e-05, "validation_rollout": 0.0008722777129150927, "train_seconds": 4.572957415133715, "elapsed_seconds": 5.373211745172739}
{"cell": "midpoint-b4-L4-unroll-s31415-B", "epoch": 400, "train_mse": 0.012027231976389885, "gradient_norm": 0.008412627503275871, "validation_one_step": 2.807056883587696e-05, "validation_rollout": 0.0008176625706255436, "train_seconds": 6.094768092036247, "elapsed_seconds": 7.154798235744238}
{"cell": "midpoint-b4-L4-unroll-s31415-B", "epoch": 500, "train_mse": 0.010801227763295174, "gradient_norm": 0.009283510968089104, "validation_one_step": 2.546507660857363e-05, "validation_rollout": 0.0007338664145208895, "train_seconds": 7.630761660635471, "elapsed_seconds": 8.954574689269066}
{"cell": "midpoint-b4-L4-unroll-s31415-B", "epoch": 600, "train_mse": 0.009069829247891903, "gradient_norm": 0.010308575816452503, "validation_one_step": 2.151012298175677e-05, "validation_rollout": 0.0006129236426204443, "train_seconds": 9.154697228223085, "elapsed_seconds": 10.737245060503483}
{"cell": "midpoint-b4-L4-unroll-s31415-B", "epoch": 700, "train_mse": 0.006695869378745556, "gradient_norm": 0.011206535622477531, "validation_one_step": 1.5997815088060936e-05, "validation_rollout": 0.00044810143299400806, "train_seconds": 10.656616311520338, "elapsed_seconds": 12.499137185513973}
{"cell": "midpoint-b4-L4-unroll-s31415-B", "epoch": 800, "train_mse": 0.0038430599961429834, "gradient_norm": 0.011015722528100014, "validation_one_step": 9.306763956828945e-06, "validation_rollout": 0.00025354864192195237, "train_seconds": 12.153093796223402, "elapsed_seconds": 14.255268212407827}
{"cell": "midpoint-b4-L4-unroll-s31415-B", "epoch": 900, "train_mse": 0.001439587096683681, "gradient_norm": 0.022075196728110313, "validation_one_step": 3.5231062724960793e-06, "validation_rollout": 9.225365647580475e-05, "train_seconds": 13.65654032677412, "elapsed_seconds": 16.018474243581295}
{"cell": "midpoint-b4-L4-unroll-s31415-B", "epoch": 1000, "train_mse": 0.00029419249040074646, "gradient_norm": 0.0043791732750833035, "validation_one_step": 7.934267406047487e-07, "validation_rollout": 1.9414719645283185e-05, "train_seconds": 15.151026461273432, "elapsed_seconds": 17.774115439504385}
{"cell": "midpoint-b4-L4-unroll-s31415-B", "epoch": 1100, "train_mse": 4.149296000832692e-05, "gradient_norm": 0.014083581045269966, "validation_one_step": 1.3788011769359324e-07, "validation_rollout": 3.048124199267477e-06, "train_seconds": 16.645008709281683, "elapsed_seconds": 19.52811460569501}
{"cell": "midpoint-b4-L4-unroll-s31415-B", "epoch": 1200, "train_mse": 5.707774107577279e-06, "gradient_norm": 0.0004835030122194439, "validation_one_step": 2.220420114440458e-08, "validation_rollout": 4.297078532999876e-07, "train_seconds": 18.139428984373808, "elapsed_seconds": 21.284026585519314}
{"cell": "midpoint-b4-L4-unroll-s31415-B", "epoch": 1300, "train_mse": 0.000301038206089288, "gradient_norm": 0.184901624917984, "validation_one_step": 9.305286393275955e-09, "validation_rollout": 1.8521564015827607e-07, "train_seconds": 19.63630897551775, "elapsed_seconds": 23.04280861094594}
{"cell": "midpoint-b4-L4-unroll-s31415-B", "epoch": 1400, "train_mse": 2.2811489088780945e-06, "gradient_norm": 0.0014998085098341107, "validation_one_step": 5.39480711954828e-09, "validation_rollout": 1.2540499483293388e-07, "train_seconds": 21.13479033485055, "elapsed_seconds": 24.802466865628958}
{"cell": "midpoint-b4-L4-unroll-s31415-B", "epoch": 1500, "train_mse": 2.151204625988612e-06, "gradient_norm": 2.7362819309928454e-05, "validation_one_step": 4.349580473572701e-09, "validation_rollout": 1.0584844289951434e-07, "train_seconds": 22.633374728262424, "elapsed_seconds": 26.564954087138176}
{"cell": "midpoint-b4-L4-unroll-s31415-B", "epoch": 1600, "train_mse": 3.7801830330863595e-05, "gradient_norm": 0.0633188784122467, "validation_one_step": 1.1542993316737693e-07, "validation_rollout": 3.3860496841953136e-06, "train_seconds": 24.130529884248972, "elapsed_seconds": 28.32382119819522}
{"cell": "midpoint-b4-L4-unroll-s31415-B", "epoch": 1700, "train_mse": 2.1393416318460368e-06, "gradient_norm": 0.000347587134456262, "validation_one_step": 4.108877478999536e-09, "validation_rollout": 1.0068556832720787e-07, "train_seconds": 25.626550063490868, "elapsed_seconds": 30.081151887774467}
{"cell": "midpoint-b4-L4-unroll-s31415-B", "epoch": 1800, "train_mse": 2.1136427221790655e-06, "gradient_norm": 0.00048199426964856684, "validation_one_step": 3.904287929993681e-09, "validation_rollout": 9.552417878921915e-08, "train_seconds": 27.123222708702087, "elapsed_seconds": 31.84326073899865}
{"cell": "midpoint-b4-L4-unroll-s31415-B", "epoch": 1900, "train_mse": 2.1649202608386986e-06, "gradient_norm": 0.0007185868453234434, "validation_one_step": 4.8316186607166856e-09, "validation_rollout": 1.2803160132079938e-07, "train_seconds": 28.618310667574406, "elapsed_seconds": 33.5998914912343}
{"cell": "midpoint-b4-L4-unroll-s31415-B", "epoch": 2000, "train_mse": 2.114471044478705e-06, "gradient_norm": 6.518147711176425e-05, "validation_one_step": 3.826187366939848e-09, "validation_rollout": 9.340361373233463e-08, "train_seconds": 30.11189717426896, "elapsed_seconds": 35.35813174769282}
CELL_COMPLETE midpoint-b4-L4-unroll-s31415-B
{"cell": "midpoint-b4-L4-unroll-s271828-A", "epoch": 1, "train_mse": 1.2622567415237427, "gradient_norm": 2.0656325817108154, "validation_one_step": 0.00266900194886451, "validation_rollout": 0.06351504474878311, "train_seconds": 0.01576254516839981, "elapsed_seconds": 0.04145064204931259}
{"cell": "midpoint-b4-L4-unroll-s271828-A", "epoch": 100, "train_mse": 0.015010284259915352, "gradient_norm": 0.017823491245508194, "validation_one_step": 3.2669567493333794e-05, "validation_rollout": 0.0010627566371113062, "train_seconds": 1.5067195519804955, "elapsed_seconds": 1.7926996238529682}
{"cell": "midpoint-b4-L4-unroll-s271828-A", "epoch": 200, "train_mse": 0.014639308676123619, "gradient_norm": 0.005610744934529066, "validation_one_step": 3.1609835483929295e-05, "validation_rollout": 0.001053241197951138, "train_seconds": 3.0139436572790146, "elapsed_seconds": 3.5598581321537495}
{"cell": "midpoint-b4-L4-unroll-s271828-A", "epoch": 300, "train_mse": 0.01410890743136406, "gradient_norm": 0.0060219839215278625, "validation_one_step": 3.048896815016633e-05, "validation_rollout": 0.0010212219785898924, "train_seconds": 4.529072340577841, "elapsed_seconds": 5.337610714137554}
{"cell": "midpoint-b4-L4-unroll-s271828-A", "epoch": 400, "train_mse": 0.01335618644952774, "gradient_norm": 0.006551715545356274, "validation_one_step": 2.8897515373197773e-05, "validation_rollout": 0.0009746475261636078, "train_seconds": 6.044967606663704, "elapsed_seconds": 7.120975010097027}
{"cell": "midpoint-b4-L4-unroll-s271828-A", "epoch": 500, "train_mse": 0.012274970300495625, "gradient_norm": 0.007379329763352871, "validation_one_step": 2.6605041360501975e-05, "validation_rollout": 0.0009034633985720575, "train_seconds": 7.553861625492573, "elapsed_seconds": 8.894553951919079}
{"cell": "midpoint-b4-L4-unroll-s271828-A", "epoch": 600, "train_mse": 0.01054970733821392, "gradient_norm": 0.00898694433271885, "validation_one_step": 2.2932112642592983e-05, "validation_rollout": 0.0007788989460095763, "train_seconds": 9.075479850172997, "elapsed_seconds": 10.68985202908516}
{"cell": "midpoint-b4-L4-unroll-s271828-A", "epoch": 700, "train_mse": 0.007482395973056555, "gradient_norm": 0.01138399913907051, "validation_one_step": 1.6336119112262775e-05, "validation_rollout": 0.000547252013348043, "train_seconds": 10.595916889607906, "elapsed_seconds": 12.481147591024637}
{"cell": "midpoint-b4-L4-unroll-s271828-A", "epoch": 800, "train_mse": 0.003010357730090618, "gradient_norm": 0.011154023930430412, "validation_one_step": 6.5810102872395264e-06, "validation_rollout": 0.0002168047649320215, "train_seconds": 12.107164539396763, "elapsed_seconds": 14.258645512163639}
{"cell": "midpoint-b4-L4-unroll-s271828-A", "epoch": 900, "train_mse": 0.00037863440229557455, "gradient_norm": 0.005006861872971058, "validation_one_step": 8.015198981562813e-07, "validation_rollout": 2.7947320631938055e-05, "train_seconds": 13.617384783923626, "elapsed_seconds": 16.035039726644754}
{"cell": "midpoint-b4-L4-unroll-s271828-A", "epoch": 1000, "train_mse": 4.199720933684148e-05, "gradient_norm": 0.0009761466644704342, "validation_one_step": 7.293035982532577e-08, "validation_rollout": 2.845702965714736e-06, "train_seconds": 15.138216622173786, "elapsed_seconds": 17.825778156518936}
{"cell": "midpoint-b4-L4-unroll-s271828-A", "epoch": 1100, "train_mse": 3.093729537795298e-05, "gradient_norm": 0.00018446124158799648, "validation_one_step": 5.163581266269072e-08, "validation_rollout": 1.6266118336716318e-06, "train_seconds": 16.65009754523635, "elapsed_seconds": 19.605534933507442}
{"cell": "midpoint-b4-L4-unroll-s271828-A", "epoch": 1200, "train_mse": 3.0109475119388662e-05, "gradient_norm": 0.0001336944696959108, "validation_one_step": 5.045208399205118e-08, "validation_rollout": 1.5171866607488482e-06, "train_seconds": 18.159417297691107, "elapsed_seconds": 21.38234279677272}
{"cell": "midpoint-b4-L4-unroll-s271828-A", "epoch": 1300, "train_mse": 4.640168117475696e-05, "gradient_norm": 0.035437677055597305, "validation_one_step": 5.1645628810585244e-08, "validation_rollout": 1.6077104874057113e-06, "train_seconds": 19.666589476168156, "elapsed_seconds": 23.155903849750757}
{"cell": "midpoint-b4-L4-unroll-s271828-A", "epoch": 1400, "train_mse": 2.8705848308163695e-05, "gradient_norm": 0.0002763441880233586, "validation_one_step": 4.805081369833412e-08, "validation_rollout": 1.4279112292570062e-06, "train_seconds": 21.17552661523223, "elapsed_seconds": 24.931451927870512}
{"cell": "midpoint-b4-L4-unroll-s271828-A", "epoch": 1500, "train_mse": 2.9147926397854462e-05, "gradient_norm": 0.00932711735367775, "validation_one_step": 5.140437349856105e-08, "validation_rollout": 1.609631226529018e-06, "train_seconds": 22.681268196552992, "elapsed_seconds": 26.70769003033638}
{"cell": "midpoint-b4-L4-unroll-s271828-A", "epoch": 1600, "train_mse": 2.7271795261185616e-05, "gradient_norm": 0.0004568758886307478, "validation_one_step": 4.5541623213315084e-08, "validation_rollout": 1.3448971003526822e-06, "train_seconds": 24.19539688900113, "elapsed_seconds": 28.489851631224155}
{"cell": "midpoint-b4-L4-unroll-s271828-A", "epoch": 1700, "train_mse": 2.6516816433286294e-05, "gradient_norm": 0.00013599492376670241, "validation_one_step": 4.4212026632332403e-08, "validation_rollout": 1.3003041203774046e-06, "train_seconds": 25.7048614397645, "elapsed_seconds": 30.27112889662385}
{"cell": "midpoint-b4-L4-unroll-s271828-A", "epoch": 1800, "train_mse": 2.581150329206139e-05, "gradient_norm": 0.0006005865288898349, "validation_one_step": 4.2984895642916854e-08, "validation_rollout": 1.2653148360186606e-06, "train_seconds": 27.211925722658634, "elapsed_seconds": 32.04916514828801}
{"cell": "midpoint-b4-L4-unroll-s271828-A", "epoch": 1900, "train_mse": 2.5041410481208004e-05, "gradient_norm": 0.00011285985237918794, "validation_one_step": 4.158783421341165e-08, "validation_rollout": 1.2147228289904888e-06, "train_seconds": 28.73881048709154, "elapsed_seconds": 33.84956716746092}
{"cell": "midpoint-b4-L4-unroll-s271828-A", "epoch": 2000, "train_mse": 2.475965447956696e-05, "gradient_norm": 0.005627461243420839, "validation_one_step": 4.0441594073570286e-08, "validation_rollout": 1.1691198551488924e-06, "train_seconds": 30.269134249538183, "elapsed_seconds": 35.65487213432789}
CELL_COMPLETE midpoint-b4-L4-unroll-s271828-A
{"cell": "midpoint-b4-L4-unroll-s271828-B", "epoch": 1, "train_mse": 1.246972918510437, "gradient_norm": 1.9100059270858765, "validation_one_step": 0.0028673322328055897, "validation_rollout": 0.06806157529354095, "train_seconds": 0.017082076519727707, "elapsed_seconds": 0.042375847697257996}
{"cell": "midpoint-b4-L4-unroll-s271828-B", "epoch": 100, "train_mse": 0.01433027908205986, "gradient_norm": 0.017861349508166313, "validation_one_step": 3.353589545440627e-05, "validation_rollout": 0.001062712399289012, "train_seconds": 1.5560326501727104, "elapsed_seconds": 1.841162908822298}
{"cell": "midpoint-b4-L4-unroll-s271828-B", "epoch": 200, "train_mse": 0.013728922232985497, "gradient_norm": 0.005517321638762951, "validation_one_step": 3.297895182186039e-05, "validation_rollout": 0.0010526948608458042, "train_seconds": 3.0815675370395184, "elapsed_seconds": 3.6225122213363647}
{"cell": "midpoint-b4-L4-unroll-s271828-B", "epoch": 300, "train_mse": 0.01309786457568407, "gradient_norm": 0.005265235435217619, "validation_one_step": 3.317698065075092e-05, "validation_rollout": 0.0010356190614402294, "train_seconds": 4.6074246391654015, "elapsed_seconds": 5.409331049770117}
{"cell": "midpoint-b4-L4-unroll-s271828-B", "epoch": 400, "train_mse": 0.012514686211943626, "gradient_norm": 0.005367832724004984, "validation_one_step": 3.2753397590568056e-05, "validation_rollout": 0.00101051467936486, "train_seconds": 6.1465281881392, "elapsed_seconds": 7.2068245857954025}
{"cell": "midpoint-b4-L4-unroll-s271828-B", "epoch": 500, "train_mse": 0.011791094206273556, "gradient_norm": 0.005989681929349899, "validation_one_step": 3.102162114979971e-05, "validation_rollout": 0.0009586492087692022, "train_seconds": 7.65777238458395, "elapsed_seconds": 8.975604023784399}
{"cell": "midpoint-b4-L4-unroll-s271828-B", "epoch": 600, "train_mse": 0.010687493719160557, "gradient_norm": 0.007101029623299837, "validation_one_step": 2.802851895467029e-05, "validation_rollout": 0.0008685257635079324, "train_seconds": 9.160307426005602, "elapsed_seconds": 10.736082702875137}
{"cell": "midpoint-b4-L4-unroll-s271828-B", "epoch": 700, "train_mse": 0.008846089243888855, "gradient_norm": 0.008848907425999641, "validation_one_step": 2.3184990899001907e-05, "validation_rollout": 0.0007174417260102928, "train_seconds": 10.653480689972639, "elapsed_seconds": 12.486763592809439}
{"cell": "midpoint-b4-L4-unroll-s271828-B", "epoch": 800, "train_mse": 0.005745667964220047, "gradient_norm": 0.010640248656272888, "validation_one_step": 1.51926392391033e-05, "validation_rollout": 0.00046579045010730624, "train_seconds": 12.144093289971352, "elapsed_seconds": 14.235417187213898}
{"cell": "midpoint-b4-L4-unroll-s271828-B", "epoch": 900, "train_mse": 0.001999171217903495, "gradient_norm": 0.009059269912540913, "validation_one_step": 5.469777268748051e-06, "validation_rollout": 0.00016333239909727126, "train_seconds": 13.63553099706769, "elapsed_seconds": 15.98557260259986}
{"cell": "midpoint-b4-L4-unroll-s271828-B", "epoch": 1000, "train_mse": 0.00025665792054496706, "gradient_norm": 0.006276629865169525, "validation_one_step": 7.999913952024448e-07, "validation_rollout": 2.2885635189595632e-05, "train_seconds": 15.1280213072896, "elapsed_seconds": 17.73709750920534}
{"cell": "midpoint-b4-L4-unroll-s271828-B", "epoch": 1100, "train_mse": 4.078787605976686e-05, "gradient_norm": 0.000843325920868665, "validation_one_step": 1.7180157267186283e-07, "validation_rollout": 4.032893684779992e-06, "train_seconds": 16.619760237634182, "elapsed_seconds": 19.488878451287746}
{"cell": "midpoint-b4-L4-unroll-s271828-B", "epoch": 1200, "train_mse": 2.832680729625281e-05, "gradient_norm": 0.00023626034089829773, "validation_one_step": 1.0433309653260873e-07, "validation_rollout": 2.399361164862057e-06, "train_seconds": 18.11625673994422, "elapsed_seconds": 21.246942028403282}
{"cell": "midpoint-b4-L4-unroll-s271828-B", "epoch": 1300, "train_mse": 2.6400239221402444e-05, "gradient_norm": 0.004156718961894512, "validation_one_step": 8.12794829959292e-08, "validation_rollout": 2.030703853961313e-06, "train_seconds": 19.61150625348091, "elapsed_seconds": 23.003064934164286}
{"cell": "midpoint-b4-L4-unroll-s271828-B", "epoch": 1400, "train_mse": 2.506919736333657e-05, "gradient_norm": 0.000123483085189946, "validation_one_step": 6.989964932794616e-08, "validation_rollout": 1.851084675763559e-06, "train_seconds": 21.10653129220009, "elapsed_seconds": 24.760878041386604}
{"cell": "midpoint-b4-L4-unroll-s271828-B", "epoch": 1500, "train_mse": 8.751026325626299e-05, "gradient_norm": 0.07269752770662308, "validation_one_step": 1.6264175902354813e-07, "validation_rollout": 6.143585778772831e-06, "train_seconds": 22.608867190778255, "elapsed_seconds": 26.52497185766697}
{"cell": "midpoint-b4-L4-unroll-s271828-B", "epoch": 1600, "train_mse": 2.365086584177334e-05, "gradient_norm": 0.0001745824993122369, "validation_one_step": 5.869761091995921e-08, "validation_rollout": 1.6576402686041547e-06, "train_seconds": 24.109257586300373, "elapsed_seconds": 28.288130454719067}
{"cell": "midpoint-b4-L4-unroll-s271828-B", "epoch": 1700, "train_mse": 2.3015863916953094e-05, "gradient_norm": 0.00010934648162219673, "validation_one_step": 5.550967833537849e-08, "validation_rollout": 1.5863711269048508e-06, "train_seconds": 25.615912117064, "elapsed_seconds": 30.060224447399378}
{"cell": "midpoint-b4-L4-unroll-s271828-B", "epoch": 1800, "train_mse": 2.4374461645493284e-05, "gradient_norm": 0.01259466540068388, "validation_one_step": 5.415026057183544e-08, "validation_rollout": 1.8975872535520466e-06, "train_seconds": 27.10891519114375, "elapsed_seconds": 31.815275497734547}
{"cell": "midpoint-b4-L4-unroll-s271828-B", "epoch": 1900, "train_mse": 2.186696838180069e-05, "gradient_norm": 0.00014497328083962202, "validation_one_step": 5.073524119344105e-08, "validation_rollout": 1.466291791984986e-06, "train_seconds": 28.612640228122473, "elapsed_seconds": 33.6034850589931}
{"cell": "midpoint-b4-L4-unroll-s271828-B", "epoch": 2000, "train_mse": 3.852618465316482e-05, "gradient_norm": 0.03771228343248367, "validation_one_step": 2.901712943999731e-07, "validation_rollout": 6.636800662818132e-06, "train_seconds": 30.112681686878204, "elapsed_seconds": 35.36804507300258}
CELL_COMPLETE midpoint-b4-L4-unroll-s271828-B
{"cell": "midpoint-b4-L4-unroll-s161803-A", "epoch": 1, "train_mse": 1.6299641132354736, "gradient_norm": 1.9276553392410278, "validation_one_step": 0.0036992101231589913, "validation_rollout": 0.0837351381778717, "train_seconds": 0.015756893903017044, "elapsed_seconds": 0.041521210223436356}
{"cell": "midpoint-b4-L4-unroll-s161803-A", "epoch": 100, "train_mse": 0.014775444753468037, "gradient_norm": 0.03015761822462082, "validation_one_step": 2.901691292815182e-05, "validation_rollout": 0.0010356499115005136, "train_seconds": 1.535354558378458, "elapsed_seconds": 1.822245080024004}
{"cell": "midpoint-b4-L4-unroll-s161803-A", "epoch": 200, "train_mse": 0.014069883152842522, "gradient_norm": 0.008283266797661781, "validation_one_step": 2.775233573023191e-05, "validation_rollout": 0.0009722636896185577, "train_seconds": 3.051401510834694, "elapsed_seconds": 3.5992136038839817}
{"cell": "midpoint-b4-L4-unroll-s161803-A", "epoch": 300, "train_mse": 0.01330808736383915, "gradient_norm": 0.008563969284296036, "validation_one_step": 2.6305304951771784e-05, "validation_rollout": 0.0009315575007349253, "train_seconds": 4.570650260895491, "elapsed_seconds": 5.381573855876923}
{"cell": "midpoint-b4-L4-unroll-s161803-A", "epoch": 400, "train_mse": 0.012325318530201912, "gradient_norm": 0.009195339865982533, "validation_one_step": 2.445585300847597e-05, "validation_rollout": 0.0008687127847224474, "train_seconds": 6.099200449883938, "elapsed_seconds": 7.174662094563246}
{"cell": "midpoint-b4-L4-unroll-s161803-A", "epoch": 500, "train_mse": 0.010976514779031277, "gradient_norm": 0.010095122270286083, "validation_one_step": 2.1908231246925425e-05, "validation_rollout": 0.0007742095040157437, "train_seconds": 7.62313961610198, "elapsed_seconds": 8.96534639596939}
{"cell": "midpoint-b4-L4-unroll-s161803-A", "epoch": 600, "train_mse": 0.00914115272462368, "gradient_norm": 0.011009288020431995, "validation_one_step": 1.8399185364614823e-05, "validation_rollout": 0.0006431075744330883, "train_seconds": 9.147952701896429, "elapsed_seconds": 10.75706747919321}
{"cell": "midpoint-b4-L4-unroll-s161803-A", "epoch": 700, "train_mse": 0.006764482706785202, "gradient_norm": 0.01155891828238964, "validation_one_step": 1.3775625689049775e-05, "validation_rollout": 0.00047360037569887936, "train_seconds": 10.659824188798666, "elapsed_seconds": 12.53581565245986}
{"cell": "midpoint-b4-L4-unroll-s161803-A", "epoch": 800, "train_mse": 0.004556234460324049, "gradient_norm": 0.2026076465845108, "validation_one_step": 8.604273565045636e-06, "validation_rollout": 0.00029348244424909353, "train_seconds": 12.185166366398335, "elapsed_seconds": 14.329353254288435}
{"cell": "midpoint-b4-L4-unroll-s161803-A", "epoch": 900, "train_mse": 0.0016518546035513282, "gradient_norm": 0.008690187707543373, "validation_one_step": 3.482606066048296e-06, "validation_rollout": 0.00011378137423889711, "train_seconds": 13.698566433042288, "elapsed_seconds": 16.110451504588127}
{"cell": "midpoint-b4-L4-unroll-s161803-A", "epoch": 1000, "train_mse": 0.00039754045428708196, "gradient_norm": 0.012621440924704075, "validation_one_step": 8.556910084204598e-07, "validation_rollout": 2.724707155721262e-05, "train_seconds": 15.214286252856255, "elapsed_seconds": 17.893096782267094}
{"cell": "midpoint-b4-L4-unroll-s161803-A", "epoch": 1100, "train_mse": 5.967233664705418e-05, "gradient_norm": 0.019657332450151443, "validation_one_step": 1.4582859009237836e-07, "validation_rollout": 4.352382347860839e-06, "train_seconds": 16.731629446148872, "elapsed_seconds": 19.678356409072876}
{"cell": "midpoint-b4-L4-unroll-s161803-A", "epoch": 1200, "train_mse": 6.813002073613461e-06, "gradient_norm": 0.0006104927742853761, "validation_one_step": 1.7066042912183832e-08, "validation_rollout": 4.998211124984664e-07, "train_seconds": 18.247134037315845, "elapsed_seconds": 21.46081245318055}
{"cell": "midpoint-b4-L4-unroll-s161803-A", "epoch": 1300, "train_mse": 2.26327665586723e-06, "gradient_norm": 0.00015445657481905073, "validation_one_step": 5.217094016056005e-09, "validation_rollout": 1.407345422421713e-07, "train_seconds": 19.759476713836193, "elapsed_seconds": 23.241722028702497}
{"cell": "midpoint-b4-L4-unroll-s161803-A", "epoch": 1400, "train_mse": 2.1797882254759315e-06, "gradient_norm": 0.004354377742856741, "validation_one_step": 4.07168021521187e-09, "validation_rollout": 1.1384171472172966e-07, "train_seconds": 21.273855172097683, "elapsed_seconds": 25.023207154124975}
{"cell": "midpoint-b4-L4-unroll-s161803-A", "epoch": 1500, "train_mse": 1.9010087726201164e-06, "gradient_norm": 8.440558303846046e-05, "validation_one_step": 3.676888571391146e-09, "validation_rollout": 9.793981803341012e-08, "train_seconds": 22.790616139769554, "elapsed_seconds": 26.809138976037502}
{"cell": "midpoint-b4-L4-unroll-s161803-A", "epoch": 1600, "train_mse": 0.0003745145513676107, "gradient_norm": 0.18231439590454102, "validation_one_step": 8.892941896950409e-07, "validation_rollout": 2.901992411352694e-05, "train_seconds": 24.3082970418036, "elapsed_seconds": 28.595728434622288}
{"cell": "midpoint-b4-L4-unroll-s161803-A", "epoch": 1700, "train_mse": 1.8530483885115245e-06, "gradient_norm": 0.0004504392563831061, "validation_one_step": 3.5244110222857708e-09, "validation_rollout": 9.019566959977965e-08, "train_seconds": 25.824749171733856, "elapsed_seconds": 30.379377774894238}
{"cell": "midpoint-b4-L4-unroll-s161803-A", "epoch": 1800, "train_mse": 1.8201691318608937e-06, "gradient_norm": 1.9025879737455398e-05, "validation_one_step": 3.3897721296582972e-09, "validation_rollout": 8.903138848381786e-08, "train_seconds": 27.345105223357677, "elapsed_seconds": 32.170099295675755}
{"cell": "midpoint-b4-L4-unroll-s161803-A", "epoch": 1900, "train_mse": 1.155582594947191e-05, "gradient_norm": 0.02935951203107834, "validation_one_step": 4.431147856050662e-09, "validation_rollout": 1.4124100289336639e-07, "train_seconds": 28.8862844966352, "elapsed_seconds": 33.98156464844942}
{"cell": "midpoint-b4-L4-unroll-s161803-A", "epoch": 2000, "train_mse": 1.7871677755465498e-06, "gradient_norm": 0.0001887051184894517, "validation_one_step": 3.2781763599961287e-09, "validation_rollout": 8.483429780881124e-08, "train_seconds": 30.42865537852049, "elapsed_seconds": 35.79918887093663}
CELL_COMPLETE midpoint-b4-L4-unroll-s161803-A
{"cell": "midpoint-b4-L4-unroll-s161803-B", "epoch": 1, "train_mse": 1.625975251197815, "gradient_norm": 2.0337636470794678, "validation_one_step": 0.0036377299887438617, "validation_rollout": 0.08230829983949661, "train_seconds": 0.018073145300149918, "elapsed_seconds": 0.043296653777360916}
{"cell": "midpoint-b4-L4-unroll-s161803-B", "epoch": 100, "train_mse": 0.014574084430932999, "gradient_norm": 0.028655044734477997, "validation_one_step": 2.9113864002283663e-05, "validation_rollout": 0.001024951576255262, "train_seconds": 1.5281279981136322, "elapsed_seconds": 1.8116495050489902}
{"cell": "midpoint-b4-L4-unroll-s161803-B", "epoch": 200, "train_mse": 0.013761000707745552, "gradient_norm": 0.008468438871204853, "validation_one_step": 2.7774534525330335e-05, "validation_rollout": 0.0009592126007191837, "train_seconds": 3.0482669435441494, "elapsed_seconds": 3.591590788215399}
{"cell": "midpoint-b4-L4-unroll-s161803-B", "epoch": 300, "train_mse": 0.012931792996823788, "gradient_norm": 0.008509406819939613, "validation_one_step": 2.63131361559014e-05, "validation_rollout": 0.000917359720915556, "train_seconds": 4.586510889232159, "elapsed_seconds": 5.396224610507488}
{"cell": "midpoint-b4-L4-unroll-s161803-B", "epoch": 400, "train_mse": 0.011886350810527802, "gradient_norm": 0.00912309531122446, "validation_one_step": 2.4360288913764332e-05, "validation_rollout": 0.0008508497849106789, "train_seconds": 6.103572137653828, "elapsed_seconds": 7.175800271332264}
{"cell": "midpoint-b4-L4-unroll-s161803-B", "epoch": 500, "train_mse": 0.01044347696006298, "gradient_norm": 0.010082528926432133, "validation_one_step": 2.1582530128701666e-05, "validation_rollout": 0.0007499319617636502, "train_seconds": 7.611296456307173, "elapsed_seconds": 8.948090448975563}
{"cell": "midpoint-b4-L4-unroll-s161803-B", "epoch": 600, "train_mse": 0.008495002053678036, "gradient_norm": 0.010959981009364128, "validation_one_step": 1.780901751165705e-05, "validation_rollout": 0.0006132465205155313, "train_seconds": 9.112578112632036, "elapsed_seconds": 10.711757868528366}
{"cell": "midpoint-b4-L4-unroll-s161803-B", "epoch": 700, "train_mse": 0.006050185300409794, "gradient_norm": 0.01234458014369011, "validation_one_step": 1.3019429919343869e-05, "validation_rollout": 0.00044176948722451925, "train_seconds": 10.613466873764992, "elapsed_seconds": 12.4724279679358}
{"cell": "midpoint-b4-L4-unroll-s161803-B", "epoch": 800, "train_mse": 0.0034525354858487844, "gradient_norm": 0.010614181868731976, "validation_one_step": 7.732441342038024e-06, "validation_rollout": 0.00025666618603281677, "train_seconds": 12.114264771342278, "elapsed_seconds": 14.23639190196991}
{"cell": "midpoint-b4-L4-unroll-s161803-B", "epoch": 900, "train_mse": 0.0014377745101228356, "gradient_norm": 0.05629129335284233, "validation_one_step": 3.3812298549188804e-06, "validation_rollout": 0.00010976292833220214, "train_seconds": 13.617607828229666, "elapsed_seconds": 16.001338362693787}
{"cell": "midpoint-b4-L4-unroll-s161803-B", "epoch": 1000, "train_mse": 0.0003922619507648051, "gradient_norm": 0.004777532536536455, "validation_one_step": 1.017943427920424e-06, "validation_rollout": 3.0960076401242986e-05, "train_seconds": 15.131279792636633, "elapsed_seconds": 17.783275492489338}
{"cell": "midpoint-b4-L4-unroll-s161803-B", "epoch": 1100, "train_mse": 8.818042988423258e-05, "gradient_norm": 0.005837932229042053, "validation_one_step": 2.5385761877790475e-07, "validation_rollout": 7.21794549463084e-06, "train_seconds": 16.639783076941967, "elapsed_seconds": 19.554781891405582}
{"cell": "midpoint-b4-L4-unroll-s161803-B", "epoch": 1200, "train_mse": 2.0600382413249463e-05, "gradient_norm": 0.0028197148349136114, "validation_one_step": 6.264612532428752e-08, "validation_rollout": 1.710024889689521e-06, "train_seconds": 18.164259903132915, "elapsed_seconds": 21.34727719053626}
{"cell": "midpoint-b4-L4-unroll-s161803-B", "epoch": 1300, "train_mse": 8.280150723294355e-06, "gradient_norm": 0.004569503478705883, "validation_one_step": 2.4278173249570045e-08, "validation_rollout": 6.291894578680512e-07, "train_seconds": 19.665674313902855, "elapsed_seconds": 23.111812699586153}
{"cell": "midpoint-b4-L4-unroll-s161803-B", "epoch": 1400, "train_mse": 4.969770998286549e-06, "gradient_norm": 0.0001571355969645083, "validation_one_step": 1.3423459085023145e-08, "validation_rollout": 3.289589471933141e-07, "train_seconds": 21.17519859224558, "elapsed_seconds": 24.885769221931696}
{"cell": "midpoint-b4-L4-unroll-s161803-B", "epoch": 1500, "train_mse": 3.2543168345000595e-05, "gradient_norm": 0.05912464112043381, "validation_one_step": 1.264751130491959e-07, "validation_rollout": 3.7075913041917374e-06, "train_seconds": 22.67947741597891, "elapsed_seconds": 26.651368979364634}
{"cell": "midpoint-b4-L4-unroll-s161803-B", "epoch": 1600, "train_mse": 3.6936266951670405e-06, "gradient_norm": 8.820621587801725e-05, "validation_one_step": 8.273759677379644e-09, "validation_rollout": 2.03307067181413e-07, "train_seconds": 24.1849905513227, "elapsed_seconds": 28.42325248941779}
{"cell": "midpoint-b4-L4-unroll-s161803-B", "epoch": 1700, "train_mse": 3.4305371627851855e-06, "gradient_norm": 0.00010412702977191657, "validation_one_step": 7.069459240227616e-09, "validation_rollout": 1.7594680912225158e-07, "train_seconds": 25.695153541862965, "elapsed_seconds": 30.19866282120347}
{"cell": "midpoint-b4-L4-unroll-s161803-B", "epoch": 1800, "train_mse": 3.6286364775151014e-06, "gradient_norm": 0.005722245201468468, "validation_one_step": 7.638054781248608e-09, "validation_rollout": 1.8458800354892446e-07, "train_seconds": 27.196920465677977, "elapsed_seconds": 31.961913112550974}
{"cell": "midpoint-b4-L4-unroll-s161803-B", "epoch": 1900, "train_mse": 3.2149982871487737e-06, "gradient_norm": 4.39420691691339e-05, "validation_one_step": 6.042985223331243e-09, "validation_rollout": 1.55516843847181e-07, "train_seconds": 28.699307970702648, "elapsed_seconds": 33.73182826116681}
{"cell": "midpoint-b4-L4-unroll-s161803-B", "epoch": 2000, "train_mse": 3.122943326161476e-06, "gradient_norm": 0.0009207026450894773, "validation_one_step": 5.6292014753249004e-09, "validation_rollout": 1.4845018370124308e-07, "train_seconds": 30.20363162457943, "elapsed_seconds": 35.50719850882888}
CELL_COMPLETE midpoint-b4-L4-unroll-s161803-B
STAGE_COMPLETE rate-L4
STAGE_START long-L8
{"cell": "midpoint-b4-L8-teacher-s31415-A", "epoch": 1, "train_mse": 0.006221071816980839, "gradient_norm": 0.007994943298399448, "validation_one_step": 0.0037758177301536002, "validation_rollout": 0.08431020379066467, "train_seconds": 0.005948606878519058, "elapsed_seconds": 0.0319715291261673}
{"cell": "midpoint-b4-L8-teacher-s31415-A", "epoch": 100, "train_mse": 7.52697087591514e-05, "gradient_norm": 4.593885751091875e-05, "validation_one_step": 9.274027070205193e-05, "validation_rollout": 0.002236346248537302, "train_seconds": 0.42296383529901505, "elapsed_seconds": 0.7127848416566849}
{"cell": "midpoint-b4-L8-teacher-s31415-A", "epoch": 200, "train_mse": 7.17530056135729e-05, "gradient_norm": 3.82402358809486e-05, "validation_one_step": 8.832346399382611e-05, "validation_rollout": 0.0021255670581012964, "train_seconds": 0.8441556803882122, "elapsed_seconds": 1.3930920884013176}
{"cell": "midpoint-b4-L8-teacher-s31415-A", "epoch": 300, "train_mse": 6.647152622463182e-05, "gradient_norm": 4.219992479193024e-05, "validation_one_step": 8.182521984660222e-05, "validation_rollout": 0.001966651761904359, "train_seconds": 1.2649504095315933, "elapsed_seconds": 2.073006745427847}
{"cell": "midpoint-b4-L8-teacher-s31415-A", "epoch": 400, "train_mse": 5.818613135488704e-05, "gradient_norm": 4.897550024907105e-05, "validation_one_step": 7.176274387650967e-05, "validation_rollout": 0.0017209536163136363, "train_seconds": 1.6881897374987602, "elapsed_seconds": 2.7564219385385513}
{"cell": "midpoint-b4-L8-teacher-s31415-A", "epoch": 500, "train_mse": 4.4542495743371546e-05, "gradient_norm": 5.810656875837594e-05, "validation_one_step": 5.533363673748681e-05, "validation_rollout": 0.0013188386801630259, "train_seconds": 2.1101605966687202, "elapsed_seconds": 3.439868561923504}
{"cell": "midpoint-b4-L8-teacher-s31415-A", "epoch": 600, "train_mse": 2.4679433408891782e-05, "gradient_norm": 6.152853893581778e-05, "validation_one_step": 3.1114106604945846e-05, "validation_rollout": 0.0007321928860619664, "train_seconds": 2.53168710693717, "elapsed_seconds": 4.127252209931612}
{"cell": "midpoint-b4-L8-teacher-s31415-A", "epoch": 700, "train_mse": 6.903485882503446e-06, "gradient_norm": 4.3587846448644996e-05, "validation_one_step": 8.989543478795289e-06, "validation_rollout": 0.00020686131028924137, "train_seconds": 2.9523064643144608, "elapsed_seconds": 4.814122088253498}
{"cell": "midpoint-b4-L8-teacher-s31415-A", "epoch": 800, "train_mse": 7.507306349907594e-07, "gradient_norm": 1.6393265468650497e-05, "validation_one_step": 1.0769219519109659e-06, "validation_rollout": 2.3923414119053632e-05, "train_seconds": 3.373470298945904, "elapsed_seconds": 5.502985332161188}
{"cell": "midpoint-b4-L8-teacher-s31415-A", "epoch": 900, "train_mse": 6.33883274758773e-08, "gradient_norm": 3.656669150586822e-06, "validation_one_step": 9.555062400560625e-08, "validation_rollout": 1.971441179193789e-06, "train_seconds": 3.794580988585949, "elapsed_seconds": 6.19362548738718}
{"cell": "midpoint-b4-L8-teacher-s31415-A", "epoch": 1000, "train_mse": 3.04820311214371e-08, "gradient_norm": 6.551655360453879e-07, "validation_one_step": 2.4622597294410298e-08, "validation_rollout": 4.7914818424033e-07, "train_seconds": 4.227877963334322, "elapsed_seconds": 6.895383536815643}
{"cell": "midpoint-b4-L8-teacher-s31415-A", "epoch": 1100, "train_mse": 2.839356127992687e-08, "gradient_norm": 2.75774453939448e-07, "validation_one_step": 1.7360712793272153e-08, "validation_rollout": 3.3349988370900974e-07, "train_seconds": 4.653027411550283, "elapsed_seconds": 7.589799754321575}
{"cell": "midpoint-b4-L8-teacher-s31415-A", "epoch": 1200, "train_mse": 2.7271340741208405e-08, "gradient_norm": 2.4927419417508645e-07, "validation_one_step": 1.5662091327565502e-08, "validation_rollout": 2.967273076137644e-07, "train_seconds": 5.078259509056807, "elapsed_seconds": 8.285404108464718}
{"cell": "midpoint-b4-L8-teacher-s31415-A", "epoch": 1300, "train_mse": 2.631420947807328e-08, "gradient_norm": 2.3319857689330092e-07, "validation_one_step": 1.4726425264418216e-08, "validation_rollout": 2.7526897383722826e-07, "train_seconds": 5.504514053463936, "elapsed_seconds": 8.98277511447668}
{"cell": "midpoint-b4-L8-teacher-s31415-A", "epoch": 1400, "train_mse": 2.5483467780418323e-08, "gradient_norm": 2.111671165039297e-06, "validation_one_step": 1.388328918494608e-08, "validation_rollout": 2.588024017313728e-07, "train_seconds": 5.934512384235859, "elapsed_seconds": 9.681255593895912}
{"cell": "midpoint-b4-L8-teacher-s31415-A", "epoch": 1500, "train_mse": 2.472996030178365e-08, "gradient_norm": 2.888454275762342e-07, "validation_one_step": 1.3329671144646227e-08, "validation_rollout": 2.436557053897559e-07, "train_seconds": 6.367575995624065, "elapsed_seconds": 10.386768598109484}
{"cell": "midpoint-b4-L8-teacher-s31415-A", "epoch": 1600, "train_mse": 2.6630608829236735e-08, "gradient_norm": 1.8441362044541165e-05, "validation_one_step": 1.4537400024513166e-08, "validation_rollout": 2.7480734843265964e-07, "train_seconds": 6.790584791451693, "elapsed_seconds": 11.078966092318296}
{"cell": "midpoint-b4-L8-teacher-s31415-A", "epoch": 1700, "train_mse": 2.3454990838445156e-08, "gradient_norm": 2.112796977371545e-07, "validation_one_step": 1.228571755440555e-08, "validation_rollout": 2.2128766374862607e-07, "train_seconds": 7.214097239077091, "elapsed_seconds": 11.773990906774998}
{"cell": "midpoint-b4-L8-teacher-s31415-A", "epoch": 1800, "train_mse": 2.3739803012290395e-08, "gradient_norm": 1.0860922884603497e-05, "validation_one_step": 2.7309669636821354e-08, "validation_rollout": 7.662134748898097e-07, "train_seconds": 7.6372334733605385, "elapsed_seconds": 12.475860677659512}
{"cell": "midpoint-b4-L8-teacher-s31415-A", "epoch": 1900, "train_mse": 2.2304377012005716e-08, "gradient_norm": 4.201720287255739e-07, "validation_one_step": 1.1364193216086468e-08, "validation_rollout": 2.0286495328036835e-07, "train_seconds": 8.026696767657995, "elapsed_seconds": 13.142963420599699}
{"cell": "midpoint-b4-L8-teacher-s31415-A", "epoch": 2000, "train_mse": 2.179582381245382e-08, "gradient_norm": 1.8719667593813938e-07, "validation_one_step": 1.099382277806408e-08, "validation_rollout": 1.9545058194125886e-07, "train_seconds": 8.419976949691772, "elapsed_seconds": 13.818742901086807}
CELL_COMPLETE midpoint-b4-L8-teacher-s31415-A
{"cell": "midpoint-b4-L8-teacher-s31415-B", "epoch": 1, "train_mse": 0.006090809591114521, "gradient_norm": 0.006981042679399252, "validation_one_step": 0.003977783994438748, "validation_rollout": 0.08691643178462982, "train_seconds": 0.004826121032238007, "elapsed_seconds": 0.030021119862794876}
{"cell": "midpoint-b4-L8-teacher-s31415-B", "epoch": 100, "train_mse": 7.549856672994792e-05, "gradient_norm": 4.3015748815378174e-05, "validation_one_step": 9.247275981275986e-05, "validation_rollout": 0.0022290730848908424, "train_seconds": 0.3917301669716835, "elapsed_seconds": 0.6728913858532906}
{"cell": "midpoint-b4-L8-teacher-s31415-B", "epoch": 200, "train_mse": 6.905118061695248e-05, "gradient_norm": 3.471922900644131e-05, "validation_one_step": 8.968206930148881e-05, "validation_rollout": 0.002056591212749481, "train_seconds": 0.7856926918029785, "elapsed_seconds": 1.3209891244769096}
{"cell": "midpoint-b4-L8-teacher-s31415-B", "epoch": 300, "train_mse": 6.216260953806341e-05, "gradient_norm": 3.462954191491008e-05, "validation_one_step": 8.599253987995326e-05, "validation_rollout": 0.001853621331974864, "train_seconds": 1.1763761527836323, "elapsed_seconds": 1.9680713750422}
{"cell": "midpoint-b4-L8-teacher-s31415-B", "epoch": 400, "train_mse": 5.3951236623106524e-05, "gradient_norm": 4.047356196679175e-05, "validation_one_step": 7.70550726277482e-05, "validation_rollout": 0.0016183607513085008, "train_seconds": 1.5655799768865108, "elapsed_seconds": 2.61645944416523}
{"cell": "midpoint-b4-L8-teacher-s31415-B", "epoch": 500, "train_mse": 4.298691055737436e-05, "gradient_norm": 4.733694004244171e-05, "validation_one_step": 6.248538268967725e-05, "validation_rollout": 0.0013043913058936596, "train_seconds": 1.9551710784435272, "elapsed_seconds": 3.2629531919956207}
{"cell": "midpoint-b4-L8-teacher-s31415-B", "epoch": 600, "train_mse": 2.773205233097542e-05, "gradient_norm": 6.157886673463508e-05, "validation_one_step": 4.114721749222857e-05, "validation_rollout": 0.0008556152461096644, "train_seconds": 2.345455501228571, "elapsed_seconds": 3.9151360355317593}
{"cell": "midpoint-b4-L8-teacher-s31415-B", "epoch": 700, "train_mse": 1.1280151738901623e-05, "gradient_norm": 6.305827992036939e-05, "validation_one_step": 1.7767257759260247e-05, "validation_rollout": 0.00035272049717605114, "train_seconds": 2.737122341990471, "elapsed_seconds": 4.5703139789402485}
{"cell": "midpoint-b4-L8-teacher-s31415-B", "epoch": 800, "train_mse": 4.992465619579889e-06, "gradient_norm": 0.0008368603885173798, "validation_one_step": 7.546788348615034e-06, "validation_rollout": 0.00015090385568328202, "train_seconds": 3.1306862346827984, "elapsed_seconds": 5.225395385175943}
{"cell": "midpoint-b4-L8-teacher-s31415-B", "epoch": 900, "train_mse": 5.399053861765424e-07, "gradient_norm": 8.458262527710758e-06, "validation_one_step": 7.151288485829355e-07, "validation_rollout": 1.618351052457001e-05, "train_seconds": 3.5113846734166145, "elapsed_seconds": 5.869494929909706}
{"cell": "midpoint-b4-L8-teacher-s31415-B", "epoch": 1000, "train_mse": 1.747312978750415e-07, "gradient_norm": 3.431302684475668e-05, "validation_one_step": 1.760541626557218e-07, "validation_rollout": 3.910890427505365e-06, "train_seconds": 3.892253804951906, "elapsed_seconds": 6.512065105140209}
{"cell": "midpoint-b4-L8-teacher-s31415-B", "epoch": 1100, "train_mse": 9.335157358236756e-08, "gradient_norm": 1.2219442169225658e-06, "validation_one_step": 7.061825021044872e-08, "validation_rollout": 1.9124315713270335e-06, "train_seconds": 4.279144924134016, "elapsed_seconds": 7.16662073880434}
{"cell": "midpoint-b4-L8-teacher-s31415-B", "epoch": 1200, "train_mse": 1.1187341186769117e-07, "gradient_norm": 0.00010636110528139398, "validation_one_step": 1.5074505768097879e-06, "validation_rollout": 3.654385363915935e-05, "train_seconds": 4.668511964380741, "elapsed_seconds": 7.8237404972314835}
{"cell": "midpoint-b4-L8-teacher-s31415-B", "epoch": 1300, "train_mse": 6.694886423019852e-08, "gradient_norm": 1.9453937056823634e-06, "validation_one_step": 4.4869902164161125e-08, "validation_rollout": 1.1850727332785027e-06, "train_seconds": 5.063416484743357, "elapsed_seconds": 8.486436489969492}
{"cell": "midpoint-b4-L8-teacher-s31415-B", "epoch": 1400, "train_mse": 6.163695331906638e-08, "gradient_norm": 3.7806842101417715e-07, "validation_one_step": 4.038307406991256e-08, "validation_rollout": 1.0940036645479267e-06, "train_seconds": 5.448031365871429, "elapsed_seconds": 9.143746010959148}
{"cell": "midpoint-b4-L8-teacher-s31415-B", "epoch": 1500, "train_mse": 1.2660777315431915e-07, "gradient_norm": 0.00014430982992053032, "validation_one_step": 7.799929354253739e-08, "validation_rollout": 3.024622628799989e-06, "train_seconds": 5.8408744521439075, "elapsed_seconds": 9.801757074892521}
{"cell": "midpoint-b4-L8-teacher-s31415-B", "epoch": 1600, "train_mse": 5.268217151410681e-08, "gradient_norm": 9.11673907921795e-07, "validation_one_step": 3.3345979015090656e-08, "validation_rollout": 8.941603937273612e-07, "train_seconds": 6.229559022933245, "elapsed_seconds": 10.460458047688007}
{"cell": "midpoint-b4-L8-teacher-s31415-B", "epoch": 1700, "train_mse": 4.8945366870611906e-08, "gradient_norm": 3.346131052239798e-07, "validation_one_step": 3.0431973385702804e-08, "validation_rollout": 8.000048410394811e-07, "train_seconds": 6.613340467214584, "elapsed_seconds": 11.119539093226194}
{"cell": "midpoint-b4-L8-teacher-s31415-B", "epoch": 1800, "train_mse": 4.7899781918658846e-08, "gradient_norm": 2.8149093850515783e-05, "validation_one_step": 2.792150214740256e-08, "validation_rollout": 7.527346497226972e-07, "train_seconds": 7.000441305339336, "elapsed_seconds": 11.782442349940538}
{"cell": "midpoint-b4-L8-teacher-s31415-B", "epoch": 1900, "train_mse": 4.219769067503876e-08, "gradient_norm": 3.6630945032811724e-07, "validation_one_step": 2.5272784161719148e-08, "validation_rollout": 6.429722247958125e-07, "train_seconds": 7.393807090818882, "elapsed_seconds": 12.456276662647724}
{"cell": "midpoint-b4-L8-teacher-s31415-B", "epoch": 2000, "train_mse": 3.939736004099359e-08, "gradient_norm": 1.0008661774918437e-06, "validation_one_step": 2.31170650029829e-08, "validation_rollout": 5.888358600714128e-07, "train_seconds": 7.783930946141481, "elapsed_seconds": 13.123258419334888}
CELL_COMPLETE midpoint-b4-L8-teacher-s31415-B
{"cell": "midpoint-b4-L8-teacher-s271828-A", "epoch": 1, "train_mse": 0.003318948205560446, "gradient_norm": 0.006591079756617546, "validation_one_step": 0.002669003161524112, "validation_rollout": 0.06351504474878311, "train_seconds": 0.006661809980869293, "elapsed_seconds": 0.03398284688591957}
{"cell": "midpoint-b4-L8-teacher-s271828-A", "epoch": 100, "train_mse": 6.341228436212987e-05, "gradient_norm": 5.504479486262426e-05, "validation_one_step": 0.0001070776094517593, "validation_rollout": 0.0025888513773679733, "train_seconds": 0.452697928994894, "elapsed_seconds": 0.7504102662205696}
{"cell": "midpoint-b4-L8-teacher-s271828-A", "epoch": 200, "train_mse": 6.0965801822021604e-05, "gradient_norm": 2.42991118284408e-05, "validation_one_step": 9.98115159139464e-05, "validation_rollout": 0.0024089256767183542, "train_seconds": 0.9204215854406357, "elapsed_seconds": 1.52212667837739}
{"cell": "midpoint-b4-L8-teacher-s271828-A", "epoch": 300, "train_mse": 5.695096115232445e-05, "gradient_norm": 2.7781978133134544e-05, "validation_one_step": 9.39510637181229e-05, "validation_rollout": 0.002269286196678877, "train_seconds": 1.3865724839270115, "elapsed_seconds": 2.3148647509515285}
{"cell": "midpoint-b4-L8-teacher-s271828-A", "epoch": 400, "train_mse": 5.0063885282725096e-05, "gradient_norm": 3.407291660550982e-05, "validation_one_step": 8.330156470037764e-05, "validation_rollout": 0.0020150276832282543, "train_seconds": 1.862077970057726, "elapsed_seconds": 3.1113434210419655}
{"cell": "midpoint-b4-L8-teacher-s271828-A", "epoch": 500, "train_mse": 3.613708395278081e-05, "gradient_norm": 4.6489112719427794e-05, "validation_one_step": 6.0217625408161744e-05, "validation_rollout": 0.00144938041921705, "train_seconds": 2.316146206110716, "elapsed_seconds": 3.881445989012718}
{"cell": "midpoint-b4-L8-teacher-s271828-A", "epoch": 600, "train_mse": 1.2270234037714545e-05, "gradient_norm": 4.67438148916699e-05, "validation_one_step": 1.9893672439745085e-05, "validation_rollout": 0.0004672239301726222, "train_seconds": 2.7629680782556534, "elapsed_seconds": 4.656172543764114}
{"cell": "midpoint-b4-L8-teacher-s271828-A", "epoch": 700, "train_mse": 7.234328336380713e-07, "gradient_norm": 1.4441525308939163e-05, "validation_one_step": 8.690983743046369e-07, "validation_rollout": 1.8526559870224446e-05, "train_seconds": 3.237470369786024, "elapsed_seconds": 5.462532073259354}
{"cell": "midpoint-b4-L8-teacher-s271828-A", "epoch": 800, "train_mse": 6.50280114200541e-08, "gradient_norm": 1.56496741965384e-06, "validation_one_step": 8.484604189599547e-08, "validation_rollout": 1.7807947187975515e-06, "train_seconds": 3.7186581268906593, "elapsed_seconds": 6.269675835967064}
{"cell": "midpoint-b4-L8-teacher-s271828-A", "epoch": 900, "train_mse": 5.680148973397081e-08, "gradient_norm": 4.1876901946125145e-07, "validation_one_step": 1.0742595613066896e-07, "validation_rollout": 2.4494352146575693e-06, "train_seconds": 4.176427699625492, "elapsed_seconds": 7.054119478911161}
{"cell": "midpoint-b4-L8-teacher-s271828-A", "epoch": 1000, "train_mse": 5.445131989745278e-08, "gradient_norm": 3.7847161138415686e-07, "validation_one_step": 1.054905733136972e-07, "validation_rollout": 2.4080425191641552e-06, "train_seconds": 4.638452436774969, "elapsed_seconds": 7.83473202586174}
{"cell": "midpoint-b4-L8-teacher-s271828-A", "epoch": 1100, "train_mse": 5.217288645553708e-08, "gradient_norm": 3.6363417166285217e-07, "validation_one_step": 1.0168533629932124e-07, "validation_rollout": 2.3159402644523652e-06, "train_seconds": 5.1283824518322945, "elapsed_seconds": 8.596213173121214}
{"cell": "midpoint-b4-L8-teacher-s271828-A", "epoch": 1200, "train_mse": 4.995811764274549e-08, "gradient_norm": 3.4971694162777567e-07, "validation_one_step": 9.78855076994023e-08, "validation_rollout": 2.2242732029553736e-06, "train_seconds": 5.597408164292574, "elapsed_seconds": 9.338295441120863}
{"cell": "midpoint-b4-L8-teacher-s271828-A", "epoch": 1300, "train_mse": 4.780701345907801e-08, "gradient_norm": 3.363231257935695e-07, "validation_one_step": 9.4156626791649e-08, "validation_rollout": 2.1348589598346734e-06, "train_seconds": 6.010816775262356, "elapsed_seconds": 10.02912613376975}
{"cell": "midpoint-b4-L8-teacher-s271828-A", "epoch": 1400, "train_mse": 4.572345346787188e-08, "gradient_norm": 3.229504272894701e-07, "validation_one_step": 9.050385922175035e-08, "validation_rollout": 2.0478441911109257e-06, "train_seconds": 6.484226997941732, "elapsed_seconds": 10.793820932507515}
{"cell": "midpoint-b4-L8-teacher-s271828-A", "epoch": 1500, "train_mse": 4.370084027982557e-08, "gradient_norm": 3.095114209372696e-07, "validation_one_step": 8.691884723077692e-08, "validation_rollout": 1.963084969247575e-06, "train_seconds": 6.985030442476273, "elapsed_seconds": 11.623773124068975}
{"cell": "midpoint-b4-L8-teacher-s271828-A", "epoch": 1600, "train_mse": 4.1736683442650246e-08, "gradient_norm": 2.992161967085849e-07, "validation_one_step": 8.340239550837698e-08, "validation_rollout": 1.8806106254487531e-06, "train_seconds": 7.468794129788876, "elapsed_seconds": 12.458383098244667}
{"cell": "midpoint-b4-L8-teacher-s271828-A", "epoch": 1700, "train_mse": 3.9826218767302635e-08, "gradient_norm": 2.886842480620544e-07, "validation_one_step": 7.994726776890578e-08, "validation_rollout": 1.8001337593887001e-06, "train_seconds": 7.9058059230446815, "elapsed_seconds": 13.191224850714207}
{"cell": "midpoint-b4-L8-teacher-s271828-A", "epoch": 1800, "train_mse": 3.796780134734945e-08, "gradient_norm": 2.781355590286694e-07, "validation_one_step": 7.655231411736925e-08, "validation_rollout": 1.7217300865013385e-06, "train_seconds": 8.350741114467382, "elapsed_seconds": 13.9227609410882}
{"cell": "midpoint-b4-L8-teacher-s271828-A", "epoch": 1900, "train_mse": 3.6161274863388826e-08, "gradient_norm": 2.6716872980614426e-07, "validation_one_step": 7.321273010063578e-08, "validation_rollout": 1.6450910607090918e-06, "train_seconds": 8.815146297216415, "elapsed_seconds": 14.670772232115269}
{"cell": "midpoint-b4-L8-teacher-s271828-A", "epoch": 2000, "train_mse": 3.439912887870378e-08, "gradient_norm": 2.587603944448347e-07, "validation_one_step": 6.992217353266976e-08, "validation_rollout": 1.5700773019489134e-06, "train_seconds": 9.282722938805819, "elapsed_seconds": 15.418265484273434}
CELL_COMPLETE midpoint-b4-L8-teacher-s271828-A
{"cell": "midpoint-b4-L8-teacher-s271828-B", "epoch": 1, "train_mse": 0.0032709473744034767, "gradient_norm": 0.006248165387660265, "validation_one_step": 0.0028673322134030363, "validation_rollout": 0.06806154549121857, "train_seconds": 0.006369143724441528, "elapsed_seconds": 0.03276354819536209}
{"cell": "midpoint-b4-L8-teacher-s271828-B", "epoch": 100, "train_mse": 6.14689924987033e-05, "gradient_norm": 5.024880010751076e-05, "validation_one_step": 0.00010637060192190499, "validation_rollout": 0.002514739753678441, "train_seconds": 0.46745025739073753, "elapsed_seconds": 0.7560549564659595}
{"cell": "midpoint-b4-L8-teacher-s271828-B", "epoch": 200, "train_mse": 5.758609404438175e-05, "gradient_norm": 2.4447213945677504e-05, "validation_one_step": 0.00010029018085333519, "validation_rollout": 0.0023112294729799032, "train_seconds": 0.9316542223095894, "elapsed_seconds": 1.4834433123469353}
{"cell": "midpoint-b4-L8-teacher-s271828-B", "epoch": 300, "train_mse": 5.234478885540739e-05, "gradient_norm": 2.4006772946449928e-05, "validation_one_step": 9.813538630017622e-05, "validation_rollout": 0.002170742955058813, "train_seconds": 1.405737228691578, "elapsed_seconds": 2.2179342545568943}
{"cell": "midpoint-b4-L8-teacher-s271828-B", "epoch": 400, "train_mse": 4.6572120481869206e-05, "gradient_norm": 2.6547217203187756e-05, "validation_one_step": 9.31190949510589e-05, "validation_rollout": 0.001978721469640732, "train_seconds": 1.8885914124548435, "elapsed_seconds": 2.962879069149494}
{"cell": "midpoint-b4-L8-teacher-s271828-B", "epoch": 500, "train_mse": 3.752348857233301e-05, "gradient_norm": 3.6110061046201736e-05, "validation_one_step": 7.716441056497085e-05, "validation_rollout": 0.0015945198247209191, "train_seconds": 2.359782889485359, "elapsed_seconds": 3.691561494022608}
{"cell": "midpoint-b4-L8-teacher-s271828-B", "epoch": 600, "train_mse": 2.0514458810794167e-05, "gradient_norm": 4.460342097445391e-05, "validation_one_step": 4.2800731155997106e-05, "validation_rollout": 0.000855366000905633, "train_seconds": 2.8323535434901714, "elapsed_seconds": 4.432146232575178}
{"cell": "midpoint-b4-L8-teacher-s271828-B", "epoch": 700, "train_mse": 4.269213604857214e-06, "gradient_norm": 2.7509384381119162e-05, "validation_one_step": 8.762991654975849e-06, "validation_rollout": 0.00015961582539603114, "train_seconds": 3.3060448355972767, "elapsed_seconds": 5.176492173224688}
{"cell": "midpoint-b4-L8-teacher-s271828-B", "epoch": 800, "train_mse": 6.937835905773682e-07, "gradient_norm": 8.179246833606157e-06, "validation_one_step": 1.0110840094057494e-06, "validation_rollout": 1.983055153687019e-05, "train_seconds": 3.766395077109337, "elapsed_seconds": 5.906383361667395}
{"cell": "midpoint-b4-L8-teacher-s271828-B", "epoch": 900, "train_mse": 2.1822077655997418e-07, "gradient_norm": 3.490771632641554e-06, "validation_one_step": 2.8056260722072085e-07, "validation_rollout": 6.6530760705063585e-06, "train_seconds": 4.228989347815514, "elapsed_seconds": 6.638614617288113}
{"cell": "midpoint-b4-L8-teacher-s271828-B", "epoch": 1000, "train_mse": 1.0018118246080121e-07, "gradient_norm": 1.4286927125795046e-06, "validation_one_step": 1.5709480057542655e-07, "validation_rollout": 3.661073151306482e-06, "train_seconds": 4.706095911562443, "elapsed_seconds": 7.393710985779762}
{"cell": "midpoint-b4-L8-teacher-s271828-B", "epoch": 1100, "train_mse": 7.73044348534313e-08, "gradient_norm": 7.000946879998082e-07, "validation_one_step": 1.347731502695145e-07, "validation_rollout": 3.155756758133066e-06, "train_seconds": 5.1826110780239105, "elapsed_seconds": 8.140561684966087}
{"cell": "midpoint-b4-L8-teacher-s271828-B", "epoch": 1200, "train_mse": 6.827561804811921e-08, "gradient_norm": 5.225874133429897e-07, "validation_one_step": 1.2076783188301002e-07, "validation_rollout": 2.8589906833076384e-06, "train_seconds": 5.682578761130571, "elapsed_seconds": 8.940612271428108}
{"cell": "midpoint-b4-L8-teacher-s271828-B", "epoch": 1300, "train_mse": 6.226187565516739e-08, "gradient_norm": 5.090617491987359e-07, "validation_one_step": 1.0940975059270386e-07, "validation_rollout": 2.6084048840857577e-06, "train_seconds": 6.198711674660444, "elapsed_seconds": 9.779390770941973}
{"cell": "midpoint-b4-L8-teacher-s271828-B", "epoch": 1400, "train_mse": 5.7895491067938565e-08, "gradient_norm": 5.932163276156643e-07, "validation_one_step": 1.0071316935977848e-07, "validation_rollout": 2.379137413299759e-06, "train_seconds": 6.697901792824268, "elapsed_seconds": 10.603170718997717}
{"cell": "midpoint-b4-L8-teacher-s271828-B", "epoch": 1500, "train_mse": 5.438660366507975e-08, "gradient_norm": 7.188200470409356e-07, "validation_one_step": 9.513637640642021e-08, "validation_rollout": 2.281016804772662e-06, "train_seconds": 7.188652537763119, "elapsed_seconds": 11.430242788046598}
{"cell": "midpoint-b4-L8-teacher-s271828-B", "epoch": 1600, "train_mse": 5.1729521999277495e-08, "gradient_norm": 5.571629571932135e-06, "validation_one_step": 9.145544410671391e-08, "validation_rollout": 2.2264630388235673e-06, "train_seconds": 7.7117156982421875, "elapsed_seconds": 12.264499306678772}
{"cell": "midpoint-b4-L8-teacher-s271828-B", "epoch": 1700, "train_mse": 4.8971788402241145e-08, "gradient_norm": 2.6182922283624066e-06, "validation_one_step": 8.581428308692314e-08, "validation_rollout": 2.0346196833997965e-06, "train_seconds": 8.205638717859983, "elapsed_seconds": 13.049987368285656}
{"cell": "midpoint-b4-L8-teacher-s271828-B", "epoch": 1800, "train_mse": 4.670959441455125e-08, "gradient_norm": 1.8210204189017531e-06, "validation_one_step": 8.30844347395517e-08, "validation_rollout": 1.991419594560284e-06, "train_seconds": 8.722363207489252, "elapsed_seconds": 13.879424393177032}
{"cell": "midpoint-b4-L8-teacher-s271828-B", "epoch": 1900, "train_mse": 4.443981538315711e-08, "gradient_norm": 1.1899481933141942e-06, "validation_one_step": 7.90652396887026e-08, "validation_rollout": 1.8757812085823389e-06, "train_seconds": 9.22270693257451, "elapsed_seconds": 14.721998870372772}
{"cell": "midpoint-b4-L8-teacher-s271828-B", "epoch": 2000, "train_mse": 4.25051851493663e-08, "gradient_norm": 2.0567722458508797e-06, "validation_one_step": 7.685495972964418e-08, "validation_rollout": 1.8344949239690322e-06, "train_seconds": 9.737544432282448, "elapsed_seconds": 15.570480670779943}
CELL_COMPLETE midpoint-b4-L8-teacher-s271828-B
{"cell": "midpoint-b4-L8-teacher-s161803-A", "epoch": 1, "train_mse": 0.004880797117948532, "gradient_norm": 0.007081510499119759, "validation_one_step": 0.003659684812494864, "validation_rollout": 0.08209086209535599, "train_seconds": 0.007433779537677765, "elapsed_seconds": 0.03372545167803764}
{"cell": "midpoint-b4-L8-teacher-s161803-A", "epoch": 100, "train_mse": 5.639663140755147e-05, "gradient_norm": 3.6847231967840344e-05, "validation_one_step": 5.818292690188779e-05, "validation_rollout": 0.001421511871740222, "train_seconds": 0.4829872325062752, "elapsed_seconds": 0.7824895121157169}
{"cell": "midpoint-b4-L8-teacher-s161803-A", "epoch": 200, "train_mse": 5.4294043366098776e-05, "gradient_norm": 2.9407350666588172e-05, "validation_one_step": 5.7948372462609164e-05, "validation_rollout": 0.0014099208638072014, "train_seconds": 0.9667346738278866, "elapsed_seconds": 1.5350591503083706}
{"cell": "midpoint-b4-L8-teacher-s161803-A", "epoch": 300, "train_mse": 5.096768290968612e-05, "gradient_norm": 3.28373207594268e-05, "validation_one_step": 5.4368764267564984e-05, "validation_rollout": 0.0013208261225372553, "train_seconds": 1.4582144767045975, "elapsed_seconds": 2.301021683961153}
{"cell": "midpoint-b4-L8-teacher-s161803-A", "epoch": 400, "train_mse": 4.586378418025561e-05, "gradient_norm": 3.721032408066094e-05, "validation_one_step": 4.8898093912915407e-05, "validation_rollout": 0.001184953493066132, "train_seconds": 1.9282785654067993, "elapsed_seconds": 3.0468710251152515}
{"cell": "midpoint-b4-L8-teacher-s161803-A", "epoch": 500, "train_mse": 3.8191486964933574e-05, "gradient_norm": 4.210295082884841e-05, "validation_one_step": 4.072134606758482e-05, "validation_rollout": 0.0009825762826949358, "train_seconds": 2.411442305892706, "elapsed_seconds": 3.805751770734787}
{"cell": "midpoint-b4-L8-teacher-s161803-A", "epoch": 600, "train_mse": 2.7186479201191105e-05, "gradient_norm": 4.589494346873835e-05, "validation_one_step": 2.9063109802033676e-05, "validation_rollout": 0.0006958705489523709, "train_seconds": 2.9100264199078083, "elapsed_seconds": 4.5908638797700405}
{"cell": "midpoint-b4-L8-teacher-s161803-A", "epoch": 700, "train_mse": 1.3789695003652014e-05, "gradient_norm": 4.3447507778182626e-05, "validation_one_step": 1.4854371329420246e-05, "validation_rollout": 0.00035071614547632635, "train_seconds": 3.376692108809948, "elapsed_seconds": 5.346433706581593}
{"cell": "midpoint-b4-L8-teacher-s161803-A", "epoch": 800, "train_mse": 3.6691669720312348e-06, "gradient_norm": 2.8378215574775822e-05, "validation_one_step": 4.004482624016721e-06, "validation_rollout": 9.238571510650218e-05, "train_seconds": 3.8654889054596424, "elapsed_seconds": 6.123889714479446}
{"cell": "midpoint-b4-L8-teacher-s161803-A", "epoch": 900, "train_mse": 4.2744994743770803e-07, "gradient_norm": 1.1025493222405203e-05, "validation_one_step": 4.791703602791131e-07, "validation_rollout": 1.0586476491880603e-05, "train_seconds": 4.353870391845703, "elapsed_seconds": 6.8876712173223495}
{"cell": "midpoint-b4-L8-teacher-s161803-A", "epoch": 1000, "train_mse": 3.087294686565656e-08, "gradient_norm": 2.8181398192828055e-06, "validation_one_step": 3.41389959264878e-08, "validation_rollout": 6.575835413968889e-07, "train_seconds": 4.829769369214773, "elapsed_seconds": 7.651109468191862}
{"cell": "midpoint-b4-L8-teacher-s161803-A", "epoch": 1100, "train_mse": 8.00538657586003e-09, "gradient_norm": 3.469277316980879e-06, "validation_one_step": 4.591308685094238e-09, "validation_rollout": 7.981462601946987e-08, "train_seconds": 5.3179283849895, "elapsed_seconds": 8.421891916543245}
{"cell": "midpoint-b4-L8-teacher-s161803-A", "epoch": 1200, "train_mse": 7.014721248310707e-09, "gradient_norm": 9.14236721882844e-08, "validation_one_step": 2.5755794904232707e-09, "validation_rollout": 5.008989489851956e-08, "train_seconds": 5.8143624141812325, "elapsed_seconds": 9.20294289663434}
{"cell": "midpoint-b4-L8-teacher-s161803-A", "epoch": 1300, "train_mse": 5.6889707167329107e-08, "gradient_norm": 7.550865120720118e-05, "validation_one_step": 8.792383413928444e-08, "validation_rollout": 2.7025744202546775e-06, "train_seconds": 6.303496204316616, "elapsed_seconds": 9.968832548707724}
{"cell": "midpoint-b4-L8-teacher-s161803-A", "epoch": 1400, "train_mse": 6.91291290877416e-09, "gradient_norm": 9.456773852889455e-08, "validation_one_step": 2.3744815373187103e-09, "validation_rollout": 4.895954930361768e-08, "train_seconds": 6.802065327763557, "elapsed_seconds": 10.746898021548986}
{"cell": "midpoint-b4-L8-teacher-s161803-A", "epoch": 1500, "train_mse": 6.883810854674266e-09, "gradient_norm": 4.7906560496358e-08, "validation_one_step": 2.3529225975001586e-09, "validation_rollout": 4.9244992084140904e-08, "train_seconds": 7.2940712086856365, "elapsed_seconds": 11.542076472193003}
{"cell": "midpoint-b4-L8-teacher-s161803-A", "epoch": 1600, "train_mse": 7.667456891624624e-09, "gradient_norm": 9.76707087829709e-06, "validation_one_step": 7.247578907391509e-09, "validation_rollout": 1.8577406990516465e-07, "train_seconds": 7.780659221112728, "elapsed_seconds": 12.325621977448463}
{"cell": "midpoint-b4-L8-teacher-s161803-A", "epoch": 1700, "train_mse": 6.793813511762892e-09, "gradient_norm": 5.529732405307186e-08, "validation_one_step": 2.339083667498206e-09, "validation_rollout": 4.926578611730292e-08, "train_seconds": 8.263786066323519, "elapsed_seconds": 13.083605460822582}
{"cell": "midpoint-b4-L8-teacher-s161803-A", "epoch": 1800, "train_mse": 9.014856416911243e-09, "gradient_norm": 1.6012943888199516e-05, "validation_one_step": 8.637940437002575e-09, "validation_rollout": 2.2999553550562268e-07, "train_seconds": 8.757638022303581, "elapsed_seconds": 13.870604682713747}
{"cell": "midpoint-b4-L8-teacher-s161803-A", "epoch": 1900, "train_mse": 6.7001550974055135e-09, "gradient_norm": 6.855337346678425e-07, "validation_one_step": 2.3433677776019124e-09, "validation_rollout": 5.032264382975882e-08, "train_seconds": 9.229043927043676, "elapsed_seconds": 14.633850425481796}
{"cell": "midpoint-b4-L8-teacher-s161803-A", "epoch": 2000, "train_mse": 6.661233342697415e-09, "gradient_norm": 4.2196663940785584e-08, "validation_one_step": 2.3150223589970173e-09, "validation_rollout": 4.959233024237619e-08, "train_seconds": 9.685701735317707, "elapsed_seconds": 15.374058343470097}
CELL_COMPLETE midpoint-b4-L8-teacher-s161803-A
{"cell": "midpoint-b4-L8-teacher-s161803-B", "epoch": 1, "train_mse": 0.004843542352318764, "gradient_norm": 0.006967194378376007, "validation_one_step": 0.003635426750406623, "validation_rollout": 0.08224435150623322, "train_seconds": 0.0059733763337135315, "elapsed_seconds": 0.03339193016290665}
{"cell": "midpoint-b4-L8-teacher-s161803-B", "epoch": 100, "train_mse": 5.559976489166729e-05, "gradient_norm": 2.7580177629715763e-05, "validation_one_step": 5.929324167179099e-05, "validation_rollout": 0.0014335224404931068, "train_seconds": 0.4698871448636055, "elapsed_seconds": 0.7615968696773052}
{"cell": "midpoint-b4-L8-teacher-s161803-B", "epoch": 200, "train_mse": 5.286463056108914e-05, "gradient_norm": 2.88895007543033e-05, "validation_one_step": 5.83234411048276e-05, "validation_rollout": 0.0013882636558264494, "train_seconds": 0.9755471982061863, "elapsed_seconds": 1.5699820294976234}
{"cell": "midpoint-b4-L8-teacher-s161803-B", "epoch": 300, "train_mse": 4.873651414527558e-05, "gradient_norm": 3.159514017170295e-05, "validation_one_step": 5.546448483073618e-05, "validation_rollout": 0.0012908384669572115, "train_seconds": 1.4624636247754097, "elapsed_seconds": 2.3457998745143414}
{"cell": "midpoint-b4-L8-teacher-s161803-B", "epoch": 400, "train_mse": 4.338592043495737e-05, "gradient_norm": 3.508717054501176e-05, "validation_one_step": 5.0725497506694715e-05, "validation_rollout": 0.0011567423352971673, "train_seconds": 1.9250283241271973, "elapsed_seconds": 3.069508135318756}
{"cell": "midpoint-b4-L8-teacher-s161803-B", "epoch": 500, "train_mse": 3.6278946936363354e-05, "gradient_norm": 3.9174505218397826e-05, "validation_one_step": 4.3270405891841314e-05, "validation_rollout": 0.0009717455832287669, "train_seconds": 2.4294977374374866, "elapsed_seconds": 3.8850927017629147}
{"cell": "midpoint-b4-L8-teacher-s161803-B", "epoch": 600, "train_mse": 2.6712716135079972e-05, "gradient_norm": 4.208921382087283e-05, "validation_one_step": 3.243995342927519e-05, "validation_rollout": 0.0007192514021880925, "train_seconds": 2.934408314526081, "elapsed_seconds": 4.702866420149803}
{"cell": "midpoint-b4-L8-teacher-s161803-B", "epoch": 700, "train_mse": 1.5387158782687038e-05, "gradient_norm": 4.014313890365884e-05, "validation_one_step": 1.9123657314897475e-05, "validation_rollout": 0.0004192161140963435, "train_seconds": 3.4398197643458843, "elapsed_seconds": 5.52209772542119}
{"cell": "midpoint-b4-L8-teacher-s161803-B", "epoch": 800, "train_mse": 5.921274350839667e-06, "gradient_norm": 0.00013608855078928173, "validation_one_step": 7.569039325971971e-06, "validation_rollout": 0.00016380971646867692, "train_seconds": 3.9463534206151962, "elapsed_seconds": 6.340887688100338}
{"cell": "midpoint-b4-L8-teacher-s161803-B", "epoch": 900, "train_mse": 1.3591242122856784e-06, "gradient_norm": 1.5237132174661383e-05, "validation_one_step": 1.84866357244573e-06, "validation_rollout": 4.000439366791397e-05, "train_seconds": 4.429153673350811, "elapsed_seconds": 7.12207093834877}
{"cell": "midpoint-b4-L8-teacher-s161803-B", "epoch": 1000, "train_mse": 3.196727220711182e-07, "gradient_norm": 0.00010244989243801683, "validation_one_step": 4.332499112062275e-07, "validation_rollout": 1.0946261681965552e-05, "train_seconds": 4.895329799503088, "elapsed_seconds": 7.859079904854298}
{"cell": "midpoint-b4-L8-teacher-s161803-B", "epoch": 1100, "train_mse": 8.373149995577478e-08, "gradient_norm": 2.252417061754386e-06, "validation_one_step": 9.730965662887077e-08, "validation_rollout": 2.2909925974090584e-06, "train_seconds": 5.348850406706333, "elapsed_seconds": 8.579406786710024}
{"cell": "midpoint-b4-L8-teacher-s161803-B", "epoch": 1200, "train_mse": 3.0331807465699967e-06, "gradient_norm": 0.0008693291456438601, "validation_one_step": 6.170500455482397e-06, "validation_rollout": 0.00017484041745774448, "train_seconds": 5.761290457099676, "elapsed_seconds": 9.254048015922308}
{"cell": "midpoint-b4-L8-teacher-s161803-B", "epoch": 1300, "train_mse": 1.899202928257182e-08, "gradient_norm": 7.979289762261033e-07, "validation_one_step": 1.9009280075958184e-08, "validation_rollout": 4.2911813125101617e-07, "train_seconds": 6.183400575071573, "elapsed_seconds": 9.95204446837306}
{"cell": "midpoint-b4-L8-teacher-s161803-B", "epoch": 1400, "train_mse": 1.1847783198959405e-08, "gradient_norm": 3.6722425988955365e-07, "validation_one_step": 1.2015470100360895e-08, "validation_rollout": 2.5564307293279853e-07, "train_seconds": 6.626995291560888, "elapsed_seconds": 10.696016732603312}
{"cell": "midpoint-b4-L8-teacher-s161803-B", "epoch": 1500, "train_mse": 3.320614951007883e-06, "gradient_norm": 0.0009166763629764318, "validation_one_step": 6.453985122334416e-06, "validation_rollout": 0.00018380429537501186, "train_seconds": 7.040555045008659, "elapsed_seconds": 11.372103206813335}
{"cell": "midpoint-b4-L8-teacher-s161803-B", "epoch": 1600, "train_mse": 8.31080981811283e-09, "gradient_norm": 1.6231839481406496e-06, "validation_one_step": 8.511294928107796e-09, "validation_rollout": 1.696470235401648e-07, "train_seconds": 7.45021765679121, "elapsed_seconds": 12.04044919833541}
{"cell": "midpoint-b4-L8-teacher-s161803-B", "epoch": 1700, "train_mse": 7.596378637231282e-09, "gradient_norm": 1.1858330850600396e-07, "validation_one_step": 7.884389585655072e-09, "validation_rollout": 1.5799150787643157e-07, "train_seconds": 7.860070690512657, "elapsed_seconds": 12.71441499888897}
{"cell": "midpoint-b4-L8-teacher-s161803-B", "epoch": 1800, "train_mse": 8.13227085671997e-09, "gradient_norm": 1.499269092164468e-05, "validation_one_step": 9.793645598203208e-09, "validation_rollout": 2.0784153775821324e-07, "train_seconds": 8.27040534093976, "elapsed_seconds": 13.387308236211538}
{"cell": "midpoint-b4-L8-teacher-s161803-B", "epoch": 1900, "train_mse": 7.760158737823986e-09, "gradient_norm": 1.1045064638892654e-05, "validation_one_step": 7.85172504791376e-09, "validation_rollout": 1.5669053254896426e-07, "train_seconds": 8.680927615612745, "elapsed_seconds": 14.060627661645412}
{"cell": "midpoint-b4-L8-teacher-s161803-B", "epoch": 2000, "train_mse": 7.053041706228669e-09, "gradient_norm": 1.0101604885903726e-07, "validation_one_step": 7.286367213292048e-09, "validation_rollout": 1.4625749145125155e-07, "train_seconds": 9.091903895139694, "elapsed_seconds": 14.73874905332923}
CELL_COMPLETE midpoint-b4-L8-teacher-s161803-B
{"cell": "midpoint-b4-L8-detached-s31415-A", "epoch": 1, "train_mse": 0.07377798110246658, "gradient_norm": 0.016593901440501213, "validation_one_step": 0.0037758174391152957, "validation_rollout": 0.08431018143892288, "train_seconds": 0.03265484794974327, "elapsed_seconds": 0.058564119040966034}
{"cell": "midpoint-b4-L8-detached-s31415-A", "epoch": 100, "train_mse": 0.0008859618101269007, "gradient_norm": 0.00038873846642673016, "validation_one_step": 4.494089231836066e-05, "validation_rollout": 0.0011407651472836733, "train_seconds": 2.8050033189356327, "elapsed_seconds": 3.090863276273012}
{"cell": "midpoint-b4-L8-detached-s31415-A", "epoch": 200, "train_mse": 0.0008446894935332239, "gradient_norm": 0.000146070757182315, "validation_one_step": 4.4788627140709046e-05, "validation_rollout": 0.0011205963091924787, "train_seconds": 5.650422006845474, "elapsed_seconds": 6.202988710254431}
{"cell": "midpoint-b4-L8-detached-s31415-A", "epoch": 300, "train_mse": 0.0007436398882418871, "gradient_norm": 0.00016800992307253182, "validation_one_step": 3.958294625287332e-05, "validation_rollout": 0.0009882530430331826, "train_seconds": 8.50567464530468, "elapsed_seconds": 9.326798789203167}
{"cell": "midpoint-b4-L8-detached-s31415-A", "epoch": 400, "train_mse": 0.0005667695659212768, "gradient_norm": 0.00019762384181376547, "validation_one_step": 3.0490335120703094e-05, "validation_rollout": 0.0007565730484202504, "train_seconds": 11.373264137655497, "elapsed_seconds": 12.46040739864111}
{"cell": "midpoint-b4-L8-detached-s31415-A", "epoch": 500, "train_mse": 0.0003022790187969804, "gradient_norm": 0.00020400260109454393, "validation_one_step": 1.665189529376221e-05, "validation_rollout": 0.0004074850585311651, "train_seconds": 14.211476095020771, "elapsed_seconds": 15.572120152413845}
{"cell": "midpoint-b4-L8-detached-s31415-A", "epoch": 600, "train_mse": 7.718717097304761e-05, "gradient_norm": 0.000134402493131347, "validation_one_step": 4.451465429156087e-06, "validation_rollout": 0.00010628670861478895, "train_seconds": 17.064934726804495, "elapsed_seconds": 18.69424122199416}
{"cell": "midpoint-b4-L8-detached-s31415-A", "epoch": 700, "train_mse": 7.6248584264249075e-06, "gradient_norm": 4.687831096816808e-05, "validation_one_step": 4.953299850285475e-07, "validation_rollout": 1.1318930773995817e-05, "train_seconds": 19.866548374295235, "elapsed_seconds": 21.764934197068214}
{"cell": "midpoint-b4-L8-detached-s31415-A", "epoch": 800, "train_mse": 8.274467290902976e-06, "gradient_norm": 0.0007975122425705194, "validation_one_step": 5.261442055370935e-07, "validation_rollout": 1.6360385416192003e-05, "train_seconds": 22.66522489488125, "elapsed_seconds": 24.83109423518181}
{"cell": "midpoint-b4-L8-detached-s31415-A", "epoch": 900, "train_mse": 2.163755965511882e-07, "gradient_norm": 1.834346790019481e-06, "validation_one_step": 1.6069100272630976e-08, "validation_rollout": 3.0361636049747176e-07, "train_seconds": 25.477010365575552, "elapsed_seconds": 27.911305252462626}
{"cell": "midpoint-b4-L8-detached-s31415-A", "epoch": 1000, "train_mse": 1.9800928896529513e-07, "gradient_norm": 6.314287475106539e-07, "validation_one_step": 1.2891042566742783e-08, "validation_rollout": 2.4280771526719036e-07, "train_seconds": 28.27440943196416, "elapsed_seconds": 30.97933118417859}
{"cell": "midpoint-b4-L8-detached-s31415-A", "epoch": 1100, "train_mse": 2.8848844522144645e-06, "gradient_norm": 0.0004651425697375089, "validation_one_step": 9.833113523427528e-08, "validation_rollout": 2.926199840658228e-06, "train_seconds": 31.081573132425547, "elapsed_seconds": 34.05557397007942}
{"cell": "midpoint-b4-L8-detached-s31415-A", "epoch": 1200, "train_mse": 1.8503968135519244e-07, "gradient_norm": 1.6791382222436368e-06, "validation_one_step": 1.1903314537745994e-08, "validation_rollout": 2.2351993322899943e-07, "train_seconds": 33.88436548411846, "elapsed_seconds": 37.128103122115135}
{"cell": "midpoint-b4-L8-detached-s31415-A", "epoch": 1300, "train_mse": 1.7988274692015693e-07, "gradient_norm": 6.304448447735922e-07, "validation_one_step": 1.156783642948985e-08, "validation_rollout": 2.1684155626644497e-07, "train_seconds": 36.68771243840456, "elapsed_seconds": 40.203802328556776}
{"cell": "midpoint-b4-L8-detached-s31415-A", "epoch": 1400, "train_mse": 1.9056629696478922e-07, "gradient_norm": 3.7850502849323675e-05, "validation_one_step": 1.1441475637289736e-08, "validation_rollout": 2.145401936104463e-07, "train_seconds": 39.497114319354296, "elapsed_seconds": 43.28123715519905}
{"cell": "midpoint-b4-L8-detached-s31415-A", "epoch": 1500, "train_mse": 1.6958517790044425e-07, "gradient_norm": 4.792075856130396e-07, "validation_one_step": 1.0963462434195511e-08, "validation_rollout": 2.0490216456892085e-07, "train_seconds": 42.3153690546751, "elapsed_seconds": 46.37457565590739}
{"cell": "midpoint-b4-L8-detached-s31415-A", "epoch": 1600, "train_mse": 2.8778632099601964e-07, "gradient_norm": 9.521196625428274e-05, "validation_one_step": 9.715210798807068e-08, "validation_rollout": 2.855467755580321e-06, "train_seconds": 45.13732676580548, "elapsed_seconds": 49.47056731209159}
{"cell": "midpoint-b4-L8-detached-s31415-A", "epoch": 1700, "train_mse": 1.600639052412589e-07, "gradient_norm": 4.001181423518574e-06, "validation_one_step": 1.0357451526073666e-08, "validation_rollout": 1.93717966112672e-07, "train_seconds": 47.94061617180705, "elapsed_seconds": 52.55159668251872}
{"cell": "midpoint-b4-L8-detached-s31415-A", "epoch": 1800, "train_mse": 1.5664471675336245e-07, "gradient_norm": 2.0103548195038456e-06, "validation_one_step": 1.0179398509298684e-08, "validation_rollout": 1.8951523372834345e-07, "train_seconds": 50.74316559359431, "elapsed_seconds": 55.63766157627106}
{"cell": "midpoint-b4-L8-detached-s31415-A", "epoch": 1900, "train_mse": 1.8101518151070195e-07, "gradient_norm": 4.5208715164335445e-05, "validation_one_step": 1.1189363842885788e-08, "validation_rollout": 2.133690912842212e-07, "train_seconds": 53.55536936223507, "elapsed_seconds": 58.72220327705145}
{"cell": "midpoint-b4-L8-detached-s31415-A", "epoch": 2000, "train_mse": 1.478213533800954e-07, "gradient_norm": 4.2398531263643235e-07, "validation_one_step": 9.591136459115765e-09, "validation_rollout": 1.787372951866928e-07, "train_seconds": 56.3855867870152, "elapsed_seconds": 61.83040099218488}
CELL_COMPLETE midpoint-b4-L8-detached-s31415-A
{"cell": "midpoint-b4-L8-detached-s31415-B", "epoch": 1, "train_mse": 0.07529252767562866, "gradient_norm": 0.015326178632676601, "validation_one_step": 0.003950307863609244, "validation_rollout": 0.08663778752088547, "train_seconds": 0.02836509421467781, "elapsed_seconds": 0.05409793555736542}
{"cell": "midpoint-b4-L8-detached-s31415-B", "epoch": 100, "train_mse": 0.0008473729249089956, "gradient_norm": 0.0003894698456861079, "validation_one_step": 4.3893222330855984e-05, "validation_rollout": 0.0010982234962284565, "train_seconds": 2.78740856051445, "elapsed_seconds": 3.0716410912573338}
{"cell": "midpoint-b4-L8-detached-s31415-B", "epoch": 200, "train_mse": 0.0007787628564983606, "gradient_norm": 0.00014864947297610343, "validation_one_step": 4.387651461001951e-05, "validation_rollout": 0.0010585086420178413, "train_seconds": 5.554047740995884, "elapsed_seconds": 6.095418907701969}
{"cell": "midpoint-b4-L8-detached-s31415-B", "epoch": 300, "train_mse": 0.0006621911888942122, "gradient_norm": 0.00015907692431937903, "validation_one_step": 3.9583242975519774e-05, "validation_rollout": 0.0009256443008780479, "train_seconds": 8.326214872300625, "elapsed_seconds": 9.126720260828733}
{"cell": "midpoint-b4-L8-detached-s31415-B", "epoch": 400, "train_mse": 0.0005009687738493085, "gradient_norm": 0.00017552905774209648, "validation_one_step": 3.176831698207631e-05, "validation_rollout": 0.000723799632396549, "train_seconds": 11.097052302211523, "elapsed_seconds": 12.15987553074956}
{"cell": "midpoint-b4-L8-detached-s31415-B", "epoch": 500, "train_mse": 0.0002948045148514211, "gradient_norm": 0.00017565861344337463, "validation_one_step": 1.9696783624567615e-05, "validation_rollout": 0.00044050131691619754, "train_seconds": 13.88141506165266, "elapsed_seconds": 15.20707294344902}
{"cell": "midpoint-b4-L8-detached-s31415-B", "epoch": 600, "train_mse": 0.0002226597280241549, "gradient_norm": 0.0036587812937796116, "validation_one_step": 8.766173399029261e-06, "validation_rollout": 0.00019475119188427925, "train_seconds": 16.711503714323044, "elapsed_seconds": 18.30459815263748}
{"cell": "midpoint-b4-L8-detached-s31415-B", "epoch": 700, "train_mse": 2.872106597351376e-05, "gradient_norm": 6.388407200574875e-05, "validation_one_step": 2.0403290553379825e-06, "validation_rollout": 4.641369014279917e-05, "train_seconds": 19.516308531165123, "elapsed_seconds": 21.379781678318977}
{"cell": "midpoint-b4-L8-detached-s31415-B", "epoch": 800, "train_mse": 7.160605491662864e-06, "gradient_norm": 2.4775506972218864e-05, "validation_one_step": 4.692669837898696e-07, "validation_rollout": 1.1542407264641952e-05, "train_seconds": 22.322445418685675, "elapsed_seconds": 24.45275914669037}
{"cell": "midpoint-b4-L8-detached-s31415-B", "epoch": 900, "train_mse": 2.2672802515444346e-06, "gradient_norm": 1.238209915754851e-05, "validation_one_step": 1.3638765494761174e-07, "validation_rollout": 3.5455125271255383e-06, "train_seconds": 25.15868277847767, "elapsed_seconds": 27.559432547539473}
{"cell": "midpoint-b4-L8-detached-s31415-B", "epoch": 1000, "train_mse": 8.264299822258181e-07, "gradient_norm": 5.222415438765893e-06, "validation_one_step": 4.7418624878522074e-08, "validation_rollout": 1.3039546047366457e-06, "train_seconds": 27.97015391290188, "elapsed_seconds": 30.63720190897584}
{"cell": "midpoint-b4-L8-detached-s31415-B", "epoch": 1100, "train_mse": 9.97536972136004e-07, "gradient_norm": 0.00027952136588282883, "validation_one_step": 5.727334073668544e-08, "validation_rollout": 1.6184038713618065e-06, "train_seconds": 30.742401465773582, "elapsed_seconds": 33.675068970769644}
{"cell": "midpoint-b4-L8-detached-s31415-B", "epoch": 1200, "train_mse": 2.4774533358140616e-07, "gradient_norm": 3.305822974652983e-05, "validation_one_step": 1.504997859669288e-08, "validation_rollout": 3.6294176197770867e-07, "train_seconds": 33.531201768666506, "elapsed_seconds": 36.729625415056944}
{"cell": "midpoint-b4-L8-detached-s31415-B", "epoch": 1300, "train_mse": 1.755625333998978e-07, "gradient_norm": 9.01767805316922e-07, "validation_one_step": 1.1266329943045624e-08, "validation_rollout": 2.4806718101899605e-07, "train_seconds": 36.32259955257177, "elapsed_seconds": 39.789809092879295}
{"cell": "midpoint-b4-L8-detached-s31415-B", "epoch": 1400, "train_mse": 8.946562957135029e-06, "gradient_norm": 0.0009715589112602174, "validation_one_step": 8.223608268428013e-08, "validation_rollout": 2.1209934857324697e-06, "train_seconds": 39.093886978924274, "elapsed_seconds": 42.82699220255017}
{"cell": "midpoint-b4-L8-detached-s31415-B", "epoch": 1500, "train_mse": 1.458638081430763e-07, "gradient_norm": 9.933656656357925e-06, "validation_one_step": 9.510207806447587e-09, "validation_rollout": 1.9435910303400306e-07, "train_seconds": 41.883098378777504, "elapsed_seconds": 45.87933227792382}
{"cell": "midpoint-b4-L8-detached-s31415-B", "epoch": 1600, "train_mse": 1.391096589031804e-07, "gradient_norm": 4.0862886407921906e-07, "validation_one_step": 9.15637314117627e-09, "validation_rollout": 1.8059012063531554e-07, "train_seconds": 44.65118844807148, "elapsed_seconds": 48.918215066194534}
{"cell": "midpoint-b4-L8-detached-s31415-B", "epoch": 1700, "train_mse": 0.00013845902867615223, "gradient_norm": 0.0038701226003468037, "validation_one_step": 3.603980180362972e-06, "validation_rollout": 0.00010129642760148272, "train_seconds": 47.420004319399595, "elapsed_seconds": 51.96059553325176}
{"cell": "midpoint-b4-L8-detached-s31415-B", "epoch": 1800, "train_mse": 1.3001859144878836e-07, "gradient_norm": 2.5514166281936923e-06, "validation_one_step": 8.277604416721355e-09, "validation_rollout": 1.6561097027079086e-07, "train_seconds": 50.19565063714981, "elapsed_seconds": 54.99919617548585}
{"cell": "midpoint-b4-L8-detached-s31415-B", "epoch": 1900, "train_mse": 1.2594937004450912e-07, "gradient_norm": 3.834941537661507e-07, "validation_one_step": 8.093729723472146e-09, "validation_rollout": 1.5822629961803614e-07, "train_seconds": 52.959753930568695, "elapsed_seconds": 58.028313897550106}
{"cell": "midpoint-b4-L8-detached-s31415-B", "epoch": 2000, "train_mse": 6.357061920425622e-06, "gradient_norm": 0.0008075764053501189, "validation_one_step": 8.355800643992476e-09, "validation_rollout": 1.6058986318512325e-07, "train_seconds": 55.71997889876366, "elapsed_seconds": 61.05381001532078}
CELL_COMPLETE midpoint-b4-L8-detached-s31415-B
{"cell": "midpoint-b4-L8-detached-s271828-A", "epoch": 1, "train_mse": 0.0434395931661129, "gradient_norm": 0.015961071476340294, "validation_one_step": 0.0026690028704858073, "validation_rollout": 0.06351505219936371, "train_seconds": 0.02791937068104744, "elapsed_seconds": 0.053615178912878036}
{"cell": "midpoint-b4-L8-detached-s271828-A", "epoch": 100, "train_mse": 0.0007493113516829908, "gradient_norm": 0.00017554812075104564, "validation_one_step": 5.632535779416988e-05, "validation_rollout": 0.0013985043624415994, "train_seconds": 2.790242586284876, "elapsed_seconds": 3.075715199112892}
{"cell": "midpoint-b4-L8-detached-s271828-A", "epoch": 200, "train_mse": 0.0007008311804383993, "gradient_norm": 9.39774836297147e-05, "validation_one_step": 5.235087367812715e-05, "validation_rollout": 0.0013059423072263598, "train_seconds": 5.579329401254654, "elapsed_seconds": 6.123461756855249}
{"cell": "midpoint-b4-L8-detached-s271828-A", "epoch": 300, "train_mse": 0.0006306666182354093, "gradient_norm": 0.00010791489330586046, "validation_one_step": 4.7375729536724975e-05, "validation_rollout": 0.0011859108926728368, "train_seconds": 8.376304466277361, "elapsed_seconds": 9.179877642542124}
{"cell": "midpoint-b4-L8-detached-s271828-A", "epoch": 400, "train_mse": 0.0005079763941466808, "gradient_norm": 0.00013308468624018133, "validation_one_step": 3.8384571174295466e-05, "validation_rollout": 0.0009648140403442085, "train_seconds": 11.176230605691671, "elapsed_seconds": 12.24392620101571}
{"cell": "midpoint-b4-L8-detached-s271828-A", "epoch": 500, "train_mse": 0.0002775415196083486, "gradient_norm": 0.00015917002747301012, "validation_one_step": 2.123667225835864e-05, "validation_rollout": 0.0005294203874655068, "train_seconds": 13.966281417757273, "elapsed_seconds": 15.29927396401763}
{"cell": "midpoint-b4-L8-detached-s271828-A", "epoch": 600, "train_mse": 4.723083839053288e-05, "gradient_norm": 9.504015906713903e-05, "validation_one_step": 3.6070348604274236e-06, "validation_rollout": 8.721556514501572e-05, "train_seconds": 16.763092204928398, "elapsed_seconds": 18.36179306730628}
{"cell": "midpoint-b4-L8-detached-s271828-A", "epoch": 700, "train_mse": 1.99113537746598e-06, "gradient_norm": 1.9365794287296012e-05, "validation_one_step": 1.3601492672895196e-07, "validation_rollout": 2.786428467516089e-06, "train_seconds": 19.5551056265831, "elapsed_seconds": 21.420100916177034}
{"cell": "midpoint-b4-L8-detached-s271828-A", "epoch": 800, "train_mse": 5.863691967533669e-07, "gradient_norm": 2.435768010400352e-06, "validation_one_step": 5.5899314214495156e-08, "validation_rollout": 1.0217640920018312e-06, "train_seconds": 22.34806365519762, "elapsed_seconds": 24.47857639938593}
{"cell": "midpoint-b4-L8-detached-s271828-A", "epoch": 900, "train_mse": 5.657055339725048e-07, "gradient_norm": 1.0750716228358215e-06, "validation_one_step": 5.747675283866253e-08, "validation_rollout": 1.0848874580915435e-06, "train_seconds": 25.166052725166082, "elapsed_seconds": 27.560645543038845}
{"cell": "midpoint-b4-L8-detached-s271828-A", "epoch": 1000, "train_mse": 5.491947945301945e-07, "gradient_norm": 1.0089147508551832e-06, "validation_one_step": 5.603954870518161e-08, "validation_rollout": 1.0588441909931134e-06, "train_seconds": 28.03716989606619, "elapsed_seconds": 30.705478511750698}
{"cell": "midpoint-b4-L8-detached-s271828-A", "epoch": 1100, "train_mse": 5.319703859640867e-07, "gradient_norm": 9.732140142659773e-07, "validation_one_step": 5.429537175416499e-08, "validation_rollout": 1.02441822491528e-06, "train_seconds": 30.895362969487906, "elapsed_seconds": 33.835244197398424}
{"cell": "midpoint-b4-L8-detached-s271828-A", "epoch": 1200, "train_mse": 5.147246611159062e-07, "gradient_norm": 9.425374400962028e-07, "validation_one_step": 5.252925383558704e-08, "validation_rollout": 9.8958742000832e-07, "train_seconds": 33.73569596931338, "elapsed_seconds": 36.94980791211128}
{"cell": "midpoint-b4-L8-detached-s271828-A", "epoch": 1300, "train_mse": 4.975793217454338e-07, "gradient_norm": 9.127899147642893e-07, "validation_one_step": 5.0767620625909636e-08, "validation_rollout": 9.549473816150567e-07, "train_seconds": 36.57472504302859, "elapsed_seconds": 40.061592657119036}
{"cell": "midpoint-b4-L8-detached-s271828-A", "epoch": 1400, "train_mse": 4.805921776096511e-07, "gradient_norm": 8.8363447048323e-07, "validation_one_step": 4.900972339072496e-08, "validation_rollout": 9.205288051816751e-07, "train_seconds": 39.447449181228876, "elapsed_seconds": 43.20838261395693}
{"cell": "midpoint-b4-L8-detached-s271828-A", "epoch": 1500, "train_mse": 4.6380515072996786e-07, "gradient_norm": 8.465247560707212e-07, "validation_one_step": 4.725985321603806e-08, "validation_rollout": 8.865155223247712e-07, "train_seconds": 42.25675655901432, "elapsed_seconds": 46.29921546950936}
{"cell": "midpoint-b4-L8-detached-s271828-A", "epoch": 1600, "train_mse": 4.4719877223542426e-07, "gradient_norm": 8.310440193781687e-07, "validation_one_step": 4.552783631576555e-08, "validation_rollout": 8.529140131940949e-07, "train_seconds": 45.0613773688674, "elapsed_seconds": 49.37567275390029}
{"cell": "midpoint-b4-L8-detached-s271828-A", "epoch": 1700, "train_mse": 4.3082934553240193e-07, "gradient_norm": 7.959548042890674e-07, "validation_one_step": 4.380848158310376e-08, "validation_rollout": 8.197696388378972e-07, "train_seconds": 47.863649513572454, "elapsed_seconds": 52.45015712082386}
{"cell": "midpoint-b4-L8-detached-s271828-A", "epoch": 1800, "train_mse": 4.146857577325136e-07, "gradient_norm": 7.739720331301214e-07, "validation_one_step": 4.2107298092730616e-08, "validation_rollout": 7.871159368733061e-07, "train_seconds": 50.664415795356035, "elapsed_seconds": 55.524174712598324}
{"cell": "midpoint-b4-L8-detached-s271828-A", "epoch": 1900, "train_mse": 3.987725278875587e-07, "gradient_norm": 7.428977255585778e-07, "validation_one_step": 4.042165920499959e-08, "validation_rollout": 7.550137297585024e-07, "train_seconds": 53.47134206071496, "elapsed_seconds": 58.60563784837723}
{"cell": "midpoint-b4-L8-detached-s271828-A", "epoch": 2000, "train_mse": 3.965548103224137e-07, "gradient_norm": 2.574681639089249e-05, "validation_one_step": 4.017178116081747e-08, "validation_rollout": 7.525663363594504e-07, "train_seconds": 56.26815300807357, "elapsed_seconds": 61.676520712673664}
CELL_COMPLETE midpoint-b4-L8-detached-s271828-A
{"cell": "midpoint-b4-L8-detached-s271828-B", "epoch": 1, "train_mse": 0.042829595506191254, "gradient_norm": 0.014024341478943825, "validation_one_step": 0.0028776780042486885, "validation_rollout": 0.06828366219997406, "train_seconds": 0.027909178286790848, "elapsed_seconds": 0.053008101880550385}
{"cell": "midpoint-b4-L8-detached-s271828-B", "epoch": 100, "train_mse": 0.0007159628439694643, "gradient_norm": 0.0001952880120370537, "validation_one_step": 5.6732469753721183e-05, "validation_rollout": 0.0013761853333562613, "train_seconds": 2.7565182521939278, "elapsed_seconds": 3.035042282193899}
{"cell": "midpoint-b4-L8-detached-s271828-B", "epoch": 200, "train_mse": 0.0006433308590203524, "gradient_norm": 8.684218482812867e-05, "validation_one_step": 5.308021157664674e-05, "validation_rollout": 0.0012695575132966042, "train_seconds": 5.512381434440613, "elapsed_seconds": 6.044032506644726}
{"cell": "midpoint-b4-L8-detached-s271828-B", "epoch": 300, "train_mse": 0.0005710721015930176, "gradient_norm": 8.612890815129504e-05, "validation_one_step": 5.0823678975575604e-05, "validation_rollout": 0.0011869414011016488, "train_seconds": 8.279900059103966, "elapsed_seconds": 9.065517123788595}
{"cell": "midpoint-b4-L8-detached-s271828-B", "epoch": 400, "train_mse": 0.000486437464132905, "gradient_norm": 0.00010376053251093253, "validation_one_step": 4.57022641361012e-05, "validation_rollout": 0.001047849073074758, "train_seconds": 11.0372773706913, "elapsed_seconds": 12.079055618494749}
{"cell": "midpoint-b4-L8-detached-s271828-B", "epoch": 500, "train_mse": 0.0003411294019315392, "gradient_norm": 0.00013182098336983472, "validation_one_step": 3.326007875633271e-05, "validation_rollout": 0.0007528639398515224, "train_seconds": 13.793852299451828, "elapsed_seconds": 15.095019582659006}
{"cell": "midpoint-b4-L8-detached-s271828-B", "epoch": 600, "train_mse": 0.00013177984510548413, "gradient_norm": 0.00012155857984907925, "validation_one_step": 1.3719360083541687e-05, "validation_rollout": 0.0003012914094142616, "train_seconds": 16.57329011708498, "elapsed_seconds": 18.135919205844402}
{"cell": "midpoint-b4-L8-detached-s271828-B", "epoch": 700, "train_mse": 1.9967548723798245e-05, "gradient_norm": 5.1964379963465035e-05, "validation_one_step": 2.371857599806996e-06, "validation_rollout": 4.8431073082610965e-05, "train_seconds": 19.347063917666674, "elapsed_seconds": 21.17343632876873}
{"cell": "midpoint-b4-L8-detached-s271828-B", "epoch": 800, "train_mse": 3.983211627200944e-06, "gradient_norm": 1.5392082787002437e-05, "validation_one_step": 4.5535009126259257e-07, "validation_rollout": 9.273799150832929e-06, "train_seconds": 22.10284050926566, "elapsed_seconds": 24.19178793206811}
{"cell": "midpoint-b4-L8-detached-s271828-B", "epoch": 900, "train_mse": 1.5400848951685475e-06, "gradient_norm": 6.886267328809481e-06, "validation_one_step": 1.7487711604739312e-07, "validation_rollout": 3.545912932167994e-06, "train_seconds": 24.87077760696411, "elapsed_seconds": 27.2235123552382}
{"cell": "midpoint-b4-L8-detached-s271828-B", "epoch": 1000, "train_mse": 1.6302922176691936e-06, "gradient_norm": 0.0002511734201107174, "validation_one_step": 1.3661122662729971e-07, "validation_rollout": 2.3284173948923126e-06, "train_seconds": 27.632318150252104, "elapsed_seconds": 30.24711787328124}
{"cell": "midpoint-b4-L8-detached-s271828-B", "epoch": 1100, "train_mse": 7.05785168975126e-07, "gradient_norm": 3.183655280736275e-06, "validation_one_step": 7.93210963578872e-08, "validation_rollout": 1.5491567637582193e-06, "train_seconds": 30.388161417096853, "elapsed_seconds": 33.26594669371843}
{"cell": "midpoint-b4-L8-detached-s271828-B", "epoch": 1200, "train_mse": 7.643831168024917e-07, "gradient_norm": 9.559014142723754e-05, "validation_one_step": 8.202043251988773e-08, "validation_rollout": 1.413750283063564e-06, "train_seconds": 33.163076415658, "elapsed_seconds": 36.30421797558665}
{"cell": "midpoint-b4-L8-detached-s271828-B", "epoch": 1300, "train_mse": 6.134702061899588e-07, "gradient_norm": 1.2281782346690306e-06, "validation_one_step": 6.59193511628094e-08, "validation_rollout": 1.2815419268008554e-06, "train_seconds": 35.96324115246534, "elapsed_seconds": 39.37219686806202}
{"cell": "midpoint-b4-L8-detached-s271828-B", "epoch": 1400, "train_mse": 5.925630830461159e-07, "gradient_norm": 2.7698777557816356e-05, "validation_one_step": 6.223077993657473e-08, "validation_rollout": 1.1972801985393744e-06, "train_seconds": 38.80642219632864, "elapsed_seconds": 42.495658084750175}
{"cell": "midpoint-b4-L8-detached-s271828-B", "epoch": 1500, "train_mse": 5.592308411905833e-07, "gradient_norm": 9.329115755463135e-07, "validation_one_step": 5.897794489821232e-08, "validation_rollout": 1.1379232773833792e-06, "train_seconds": 41.63796528428793, "elapsed_seconds": 45.59875635430217}
{"cell": "midpoint-b4-L8-detached-s271828-B", "epoch": 1600, "train_mse": 6.924305466782243e-07, "gradient_norm": 0.00011465641728136688, "validation_one_step": 5.634887786006478e-08, "validation_rollout": 1.069019162969198e-06, "train_seconds": 44.44849406927824, "elapsed_seconds": 48.68089920282364}
{"cell": "midpoint-b4-L8-detached-s271828-B", "epoch": 1700, "train_mse": 5.156759925739607e-07, "gradient_norm": 9.567359029460931e-07, "validation_one_step": 5.389444771945288e-08, "validation_rollout": 1.0305730029358529e-06, "train_seconds": 47.27208721265197, "elapsed_seconds": 51.784836158156395}
{"cell": "midpoint-b4-L8-detached-s271828-B", "epoch": 1800, "train_mse": 3.099849664067733e-06, "gradient_norm": 0.00046675349585711956, "validation_one_step": 3.6670052357597643e-07, "validation_rollout": 8.664493179821875e-06, "train_seconds": 50.06158076226711, "elapsed_seconds": 54.84335259348154}
{"cell": "midpoint-b4-L8-detached-s271828-B", "epoch": 1900, "train_mse": 4.782002633874072e-07, "gradient_norm": 2.4805187877063872e-06, "validation_one_step": 5.0072742100818836e-08, "validation_rollout": 9.348063940706197e-07, "train_seconds": 52.81449566036463, "elapsed_seconds": 57.86090323701501}
{"cell": "midpoint-b4-L8-detached-s271828-B", "epoch": 2000, "train_mse": 4.6030862677071127e-07, "gradient_norm": 7.558076617897314e-07, "validation_one_step": 4.781271349211617e-08, "validation_rollout": 9.004330649986514e-07, "train_seconds": 55.594471737742424, "elapsed_seconds": 60.91001944243908}
CELL_COMPLETE midpoint-b4-L8-detached-s271828-B
{"cell": "midpoint-b4-L8-detached-s161803-A", "epoch": 1, "train_mse": 0.06588449329137802, "gradient_norm": 0.012665871530771255, "validation_one_step": 0.0036596900899894536, "validation_rollout": 0.08209089934825897, "train_seconds": 0.028151918202638626, "elapsed_seconds": 0.05441999062895775}
{"cell": "midpoint-b4-L8-detached-s161803-A", "epoch": 100, "train_mse": 0.0006148255197331309, "gradient_norm": 0.00010815342102432624, "validation_one_step": 3.117237974947784e-05, "validation_rollout": 0.0009396834066137671, "train_seconds": 2.806957636028528, "elapsed_seconds": 3.0960082300007343}
{"cell": "midpoint-b4-L8-detached-s161803-A", "epoch": 200, "train_mse": 0.0005785092944279313, "gradient_norm": 0.0001123599213315174, "validation_one_step": 2.9231566941234632e-05, "validation_rollout": 0.0008867559372447431, "train_seconds": 5.612158305943012, "elapsed_seconds": 6.164312820881605}
{"cell": "midpoint-b4-L8-detached-s161803-A", "epoch": 300, "train_mse": 0.0005213942495174706, "gradient_norm": 0.0001249813212780282, "validation_one_step": 2.6501058982830727e-05, "validation_rollout": 0.0008040990214794874, "train_seconds": 8.415889535099268, "elapsed_seconds": 9.232832569628954}
{"cell": "midpoint-b4-L8-detached-s161803-A", "epoch": 400, "train_mse": 0.0004369057423900813, "gradient_norm": 0.00013894644507672638, "validation_one_step": 2.2476682261185488e-05, "validation_rollout": 0.0006784143042750657, "train_seconds": 11.220223393291235, "elapsed_seconds": 12.302543643862009}
{"cell": "midpoint-b4-L8-detached-s161803-A", "epoch": 500, "train_mse": 0.00031884119380265474, "gradient_norm": 0.00014770096458960325, "validation_one_step": 1.6738068704095593e-05, "validation_rollout": 0.0004991700407117605, "train_seconds": 14.051472220569849, "elapsed_seconds": 15.400683343410492}
{"cell": "midpoint-b4-L8-detached-s161803-A", "epoch": 600, "train_mse": 0.00017885463603306562, "gradient_norm": 0.00013831490650773048, "validation_one_step": 9.679582224938107e-06, "validation_rollout": 0.00028282406856305897, "train_seconds": 16.874054316431284, "elapsed_seconds": 18.49108127132058}
{"cell": "midpoint-b4-L8-detached-s161803-A", "epoch": 700, "train_mse": 6.398971891030669e-05, "gradient_norm": 9.977572335628793e-05, "validation_one_step": 3.6099829022380923e-06, "validation_rollout": 0.00010242885764455423, "train_seconds": 19.7031850554049, "elapsed_seconds": 21.589294381439686}
{"cell": "midpoint-b4-L8-detached-s161803-A", "epoch": 800, "train_mse": 1.2696951671387069e-05, "gradient_norm": 4.9868769565364346e-05, "validation_one_step": 7.620101124909221e-07, "validation_rollout": 2.0774754375452176e-05, "train_seconds": 22.5203795209527, "elapsed_seconds": 24.675767704844475}
{"cell": "midpoint-b4-L8-detached-s161803-A", "epoch": 900, "train_mse": 1.4801898942096159e-06, "gradient_norm": 2.008968840527814e-05, "validation_one_step": 1.0244714795012062e-07, "validation_rollout": 2.593375029391609e-06, "train_seconds": 25.342595785856247, "elapsed_seconds": 27.767043098807335}
{"cell": "midpoint-b4-L8-detached-s161803-A", "epoch": 1000, "train_mse": 1.455029661201479e-07, "gradient_norm": 4.930259365210077e-06, "validation_one_step": 1.4152636026073159e-08, "validation_rollout": 2.981831244142086e-07, "train_seconds": 28.165895391255617, "elapsed_seconds": 30.860790334641933}
{"cell": "midpoint-b4-L8-detached-s161803-A", "epoch": 1100, "train_mse": 4.811135312365877e-08, "gradient_norm": 8.203429388231598e-06, "validation_one_step": 4.782848635661215e-09, "validation_rollout": 8.953716701398662e-08, "train_seconds": 30.982771068811417, "elapsed_seconds": 33.947702549397945}
{"cell": "midpoint-b4-L8-detached-s161803-A", "epoch": 1200, "train_mse": 4.522474128521026e-08, "gradient_norm": 1.3665286132891197e-05, "validation_one_step": 3.6508304157578664e-09, "validation_rollout": 7.036780402813747e-08, "train_seconds": 33.80369111150503, "elapsed_seconds": 37.03971780464053}
{"cell": "midpoint-b4-L8-detached-s161803-A", "epoch": 1300, "train_mse": 4.187073088246507e-08, "gradient_norm": 8.880072499550806e-08, "validation_one_step": 3.2761653205130394e-09, "validation_rollout": 6.667143281902099e-08, "train_seconds": 36.63361335918307, "elapsed_seconds": 40.158853247761726}
{"cell": "midpoint-b4-L8-detached-s161803-A", "epoch": 1400, "train_mse": 1.6374247024941724e-06, "gradient_norm": 0.0003423911111894995, "validation_one_step": 2.2179544867384493e-08, "validation_rollout": 6.197770971994032e-07, "train_seconds": 39.445441368967295, "elapsed_seconds": 43.241770815104246}
{"cell": "midpoint-b4-L8-detached-s161803-A", "epoch": 1500, "train_mse": 4.170373202327937e-08, "gradient_norm": 5.3103690333955456e-06, "validation_one_step": 3.221174114479789e-09, "validation_rollout": 6.719849920955312e-08, "train_seconds": 42.25750669464469, "elapsed_seconds": 46.32316440716386}
{"cell": "midpoint-b4-L8-detached-s161803-A", "epoch": 1600, "train_mse": 4.147072729665524e-08, "gradient_norm": 1.4787900681767496e-07, "validation_one_step": 3.172712981225345e-09, "validation_rollout": 6.494988014082992e-08, "train_seconds": 45.04504940286279, "elapsed_seconds": 49.381833884865046}
{"cell": "midpoint-b4-L8-detached-s161803-A", "epoch": 1700, "train_mse": 4.2063928162860975e-07, "gradient_norm": 0.0001641524868318811, "validation_one_step": 1.1431299573594345e-08, "validation_rollout": 2.9562593795162684e-07, "train_seconds": 47.869610875844955, "elapsed_seconds": 52.479993019253016}
{"cell": "midpoint-b4-L8-detached-s161803-A", "epoch": 1800, "train_mse": 4.111371865178626e-08, "gradient_norm": 3.418792289267003e-07, "validation_one_step": 3.1273553561620795e-09, "validation_rollout": 6.404412289384709e-08, "train_seconds": 50.7326363325119, "elapsed_seconds": 55.61592785269022}
{"cell": "midpoint-b4-L8-detached-s161803-A", "epoch": 1900, "train_mse": 5.0338435642061086e-08, "gradient_norm": 2.4499104256392457e-05, "validation_one_step": 3.599273101784206e-09, "validation_rollout": 7.196089057970312e-08, "train_seconds": 53.62247286736965, "elapsed_seconds": 58.7852799333632}
{"cell": "midpoint-b4-L8-detached-s161803-A", "epoch": 2000, "train_mse": 4.1335191269809e-08, "gradient_norm": 8.400617844017688e-06, "validation_one_step": 3.1725262417126032e-09, "validation_rollout": 6.894035919913222e-08, "train_seconds": 56.506057381629944, "elapsed_seconds": 61.943629056215286}
CELL_COMPLETE midpoint-b4-L8-detached-s161803-A
{"cell": "midpoint-b4-L8-detached-s161803-B", "epoch": 1, "train_mse": 0.06561219692230225, "gradient_norm": 0.01330451387912035, "validation_one_step": 0.0036440306964019933, "validation_rollout": 0.08247508108615875, "train_seconds": 0.028155602514743805, "elapsed_seconds": 0.05411871150135994}
{"cell": "midpoint-b4-L8-detached-s161803-B", "epoch": 100, "train_mse": 0.0006093184929341078, "gradient_norm": 0.0001438973704352975, "validation_one_step": 3.1275810063865116e-05, "validation_rollout": 0.0009371737251058221, "train_seconds": 2.7425420060753822, "elapsed_seconds": 3.0316955745220184}
{"cell": "midpoint-b4-L8-detached-s161803-B", "epoch": 200, "train_mse": 0.0005640577874146402, "gradient_norm": 0.00011228296352783218, "validation_one_step": 2.9047084353805985e-05, "validation_rollout": 0.0008769072592258453, "train_seconds": 5.3250046372413635, "elapsed_seconds": 5.872362907975912}
{"cell": "midpoint-b4-L8-detached-s161803-B", "epoch": 300, "train_mse": 0.0005032866611145437, "gradient_norm": 0.00012432785297278315, "validation_one_step": 2.619928242590201e-05, "validation_rollout": 0.0007898350595496595, "train_seconds": 7.915118291974068, "elapsed_seconds": 8.721996519714594}
{"cell": "midpoint-b4-L8-detached-s161803-B", "epoch": 400, "train_mse": 0.000414292881032452, "gradient_norm": 0.00013699497503694147, "validation_one_step": 2.1974105341845036e-05, "validation_rollout": 0.0006588552496396005, "train_seconds": 10.733956396579742, "elapsed_seconds": 11.817903321236372}
{"cell": "midpoint-b4-L8-detached-s161803-B", "epoch": 500, "train_mse": 0.0002941224374808371, "gradient_norm": 0.00014277327863965183, "validation_one_step": 1.608874231351365e-05, "validation_rollout": 0.0004782644973602146, "train_seconds": 13.400571413338184, "elapsed_seconds": 14.755356136709452}
{"cell": "midpoint-b4-L8-detached-s161803-B", "epoch": 600, "train_mse": 0.00016017428424675018, "gradient_norm": 0.00012903797323815525, "validation_one_step": 9.215999398293206e-06, "validation_rollout": 0.000270622520474717, "train_seconds": 16.14685097336769, "elapsed_seconds": 17.773825593292713}
{"cell": "midpoint-b4-L8-detached-s161803-B", "epoch": 700, "train_mse": 5.916893860558048e-05, "gradient_norm": 0.00010990627924911678, "validation_one_step": 3.639225004311205e-06, "validation_rollout": 0.00010542933887336403, "train_seconds": 18.909428622573614, "elapsed_seconds": 20.832902755588293}
{"cell": "midpoint-b4-L8-detached-s161803-B", "epoch": 800, "train_mse": 1.4647816897195298e-05, "gradient_norm": 4.539635847322643e-05, "validation_one_step": 9.568798020609393e-07, "validation_rollout": 2.767658224911429e-05, "train_seconds": 21.597879748791456, "elapsed_seconds": 23.790955021977425}
{"cell": "midpoint-b4-L8-detached-s161803-B", "epoch": 900, "train_mse": 3.0898281693225726e-06, "gradient_norm": 2.118512747983914e-05, "validation_one_step": 2.1325591840574512e-07, "validation_rollout": 6.2590888774138875e-06, "train_seconds": 24.221014715731144, "elapsed_seconds": 26.68349927291274}
{"cell": "midpoint-b4-L8-detached-s161803-B", "epoch": 1000, "train_mse": 7.456295065821905e-07, "gradient_norm": 6.713701168337138e-06, "validation_one_step": 5.075788204559709e-08, "validation_rollout": 1.5120402849788661e-06, "train_seconds": 26.857745695859194, "elapsed_seconds": 29.592304654419422}
{"cell": "midpoint-b4-L8-detached-s161803-B", "epoch": 1100, "train_mse": 2.406601424809196e-07, "gradient_norm": 1.2008868907287251e-05, "validation_one_step": 1.660209747456065e-08, "validation_rollout": 4.889092224402702e-07, "train_seconds": 29.672406371682882, "elapsed_seconds": 32.6838519051671}
{"cell": "midpoint-b4-L8-detached-s161803-B", "epoch": 1200, "train_mse": 1.3140505927822232e-07, "gradient_norm": 4.594550318870461e-06, "validation_one_step": 9.035026800792897e-09, "validation_rollout": 2.5747041831891693e-07, "train_seconds": 32.74755882844329, "elapsed_seconds": 36.049425326287746}
{"cell": "midpoint-b4-L8-detached-s161803-B", "epoch": 1300, "train_mse": 8.928608963287843e-08, "gradient_norm": 8.356655030183902e-07, "validation_one_step": 5.907538606445921e-09, "validation_rollout": 1.5836280908843037e-07, "train_seconds": 35.93126630783081, "elapsed_seconds": 39.51930845156312}
{"cell": "midpoint-b4-L8-detached-s161803-B", "epoch": 1400, "train_mse": 7.8886492701713e-05, "gradient_norm": 0.002894677920266986, "validation_one_step": 3.54133631693306e-06, "validation_rollout": 9.901175508275628e-05, "train_seconds": 39.14304282143712, "elapsed_seconds": 43.01551158353686}
{"cell": "midpoint-b4-L8-detached-s161803-B", "epoch": 1500, "train_mse": 6.204551539212844e-08, "gradient_norm": 1.657797838561237e-05, "validation_one_step": 4.189647221745456e-09, "validation_rollout": 1.0552212614811651e-07, "train_seconds": 42.16909147799015, "elapsed_seconds": 46.332605455070734}
{"cell": "midpoint-b4-L8-detached-s161803-B", "epoch": 1600, "train_mse": 5.2259601091009245e-08, "gradient_norm": 3.549441771610873e-07, "validation_one_step": 3.5892474918123676e-09, "validation_rollout": 8.563914377646142e-08, "train_seconds": 45.27258635312319, "elapsed_seconds": 49.723515041172504}
{"cell": "midpoint-b4-L8-detached-s161803-B", "epoch": 1700, "train_mse": 3.417875632294454e-05, "gradient_norm": 0.0018701587105169892, "validation_one_step": 5.008025857714907e-07, "validation_rollout": 1.3767112250206992e-05, "train_seconds": 48.0538128875196, "elapsed_seconds": 52.7898151576519}
{"cell": "midpoint-b4-L8-detached-s161803-B", "epoch": 1800, "train_mse": 4.474452452996047e-08, "gradient_norm": 5.082269126432948e-06, "validation_one_step": 3.1989302318180535e-09, "validation_rollout": 7.368882393166132e-08, "train_seconds": 50.78246310725808, "elapsed_seconds": 55.79269656911492}
{"cell": "midpoint-b4-L8-detached-s161803-B", "epoch": 1900, "train_mse": 4.171887013626474e-08, "gradient_norm": 2.2567553514818428e-07, "validation_one_step": 2.986266123272685e-09, "validation_rollout": 6.737728597272508e-08, "train_seconds": 53.55799302831292, "elapsed_seconds": 58.856222447007895}
{"cell": "midpoint-b4-L8-detached-s161803-B", "epoch": 2000, "train_mse": 3.951962668224951e-08, "gradient_norm": 2.437531350096833e-07, "validation_one_step": 2.856999969935714e-09, "validation_rollout": 6.299569577095099e-08, "train_seconds": 56.416179571300745, "elapsed_seconds": 62.02011224627495}
CELL_COMPLETE midpoint-b4-L8-detached-s161803-B
{"cell": "midpoint-b4-L8-unroll-s31415-A", "epoch": 1, "train_mse": 0.07377798110246658, "gradient_norm": 0.07864201813936234, "validation_one_step": 0.0037758164883901677, "validation_rollout": 0.08431018143892288, "train_seconds": 0.03140336275100708, "elapsed_seconds": 0.058135922998189926}
{"cell": "midpoint-b4-L8-unroll-s31415-A", "epoch": 100, "train_mse": 0.0008808888378553092, "gradient_norm": 0.0008286304073408246, "validation_one_step": 3.7984947994118556e-05, "validation_rollout": 0.0010159506928175688, "train_seconds": 3.3867719173431396, "elapsed_seconds": 3.7319714725017548}
{"cell": "midpoint-b4-L8-unroll-s31415-A", "epoch": 200, "train_mse": 0.0008389211725443602, "gradient_norm": 0.00048116923426277936, "validation_one_step": 3.78537220058206e-05, "validation_rollout": 0.0009973972337320447, "train_seconds": 6.5613108314573765, "elapsed_seconds": 7.18930059671402}
{"cell": "midpoint-b4-L8-unroll-s31415-A", "epoch": 300, "train_mse": 0.0007712506921961904, "gradient_norm": 0.0005390624282881618, "validation_one_step": 3.498042178762262e-05, "validation_rollout": 0.0009206616668961942, "train_seconds": 9.788131058216095, "elapsed_seconds": 10.715390268713236}
{"cell": "midpoint-b4-L8-unroll-s31415-A", "epoch": 400, "train_mse": 0.0006621888605877757, "gradient_norm": 0.0006219926290214062, "validation_one_step": 3.0292661146328708e-05, "validation_rollout": 0.0007949626306071877, "train_seconds": 13.112331926822662, "elapsed_seconds": 14.359405264258385}
{"cell": "midpoint-b4-L8-unroll-s31415-A", "epoch": 500, "train_mse": 0.0004898736951872706, "gradient_norm": 0.0007140066591091454, "validation_one_step": 2.2719233508420682e-05, "validation_rollout": 0.0005922643467783928, "train_seconds": 16.499528098851442, "elapsed_seconds": 18.06391203403473}
{"cell": "midpoint-b4-L8-unroll-s31415-A", "epoch": 600, "train_mse": 0.00026025110855698586, "gradient_norm": 0.0007150436867959797, "validation_one_step": 1.2374784015870924e-05, "validation_rollout": 0.0003183071967214346, "train_seconds": 19.607955891638994, "elapsed_seconds": 21.457613743841648}
{"cell": "midpoint-b4-L8-unroll-s31415-A", "epoch": 700, "train_mse": 7.695614476688206e-05, "gradient_norm": 0.0036973506212234497, "validation_one_step": 3.842144280952198e-06, "validation_rollout": 9.682897507445887e-05, "train_seconds": 22.733504075556993, "elapsed_seconds": 24.88321651145816}
{"cell": "midpoint-b4-L8-unroll-s31415-A", "epoch": 800, "train_mse": 9.576158845447935e-06, "gradient_norm": 0.00019973910821136087, "validation_one_step": 5.346647948082742e-07, "validation_rollout": 1.2879421774414368e-05, "train_seconds": 26.080110538750887, "elapsed_seconds": 28.5391458645463}
{"cell": "midpoint-b4-L8-unroll-s31415-A", "epoch": 900, "train_mse": 1.5267567050614161e-06, "gradient_norm": 0.0021615533623844385, "validation_one_step": 5.8839375297973597e-08, "validation_rollout": 1.3026469787291717e-06, "train_seconds": 29.21353619545698, "elapsed_seconds": 31.975713793188334}
{"cell": "midpoint-b4-L8-unroll-s31415-A", "epoch": 1000, "train_mse": 1.608113677775691e-07, "gradient_norm": 1.2794334907084703e-05, "validation_one_step": 1.2865476054872241e-08, "validation_rollout": 2.456219760915701e-07, "train_seconds": 32.12357487902045, "elapsed_seconds": 35.16420079395175}
{"cell": "midpoint-b4-L8-unroll-s31415-A", "epoch": 1100, "train_mse": 2.5130757421720773e-05, "gradient_norm": 0.012528753839433193, "validation_one_step": 3.1983838866267433e-07, "validation_rollout": 1.0142343853658531e-05, "train_seconds": 35.07615215331316, "elapsed_seconds": 38.39404387399554}
{"cell": "midpoint-b4-L8-unroll-s31415-A", "epoch": 1200, "train_mse": 1.2827548800942168e-07, "gradient_norm": 3.2498486689291894e-05, "validation_one_step": 7.564242528642259e-09, "validation_rollout": 1.429082345794086e-07, "train_seconds": 38.04967140778899, "elapsed_seconds": 41.643744733184576}
{"cell": "midpoint-b4-L8-unroll-s31415-A", "epoch": 1300, "train_mse": 1.2552169437185512e-07, "gradient_norm": 2.765494855339057e-06, "validation_one_step": 7.14256117214281e-09, "validation_rollout": 1.3465427173287026e-07, "train_seconds": 41.06134480983019, "elapsed_seconds": 44.93255493789911}
{"cell": "midpoint-b4-L8-unroll-s31415-A", "epoch": 1400, "train_mse": 1.4245340196339384e-07, "gradient_norm": 0.0003614482993725687, "validation_one_step": 7.592488915353357e-09, "validation_rollout": 1.4285839711192239e-07, "train_seconds": 44.04557176679373, "elapsed_seconds": 48.19080248475075}
{"cell": "midpoint-b4-L8-unroll-s31415-A", "epoch": 1500, "train_mse": 1.1875712857545295e-07, "gradient_norm": 3.6776348224520916e-06, "validation_one_step": 6.7861561185248815e-09, "validation_rollout": 1.2807467442144116e-07, "train_seconds": 47.022555992007256, "elapsed_seconds": 51.44428125023842}
{"cell": "midpoint-b4-L8-unroll-s31415-A", "epoch": 1600, "train_mse": 9.127374482886808e-07, "gradient_norm": 0.0022280518896877766, "validation_one_step": 3.20975450070667e-07, "validation_rollout": 1.0064500202133786e-05, "train_seconds": 49.99775942414999, "elapsed_seconds": 54.69529872760177}
{"cell": "midpoint-b4-L8-unroll-s31415-A", "epoch": 1700, "train_mse": 1.1226919127693691e-07, "gradient_norm": 4.714720489573665e-05, "validation_one_step": 6.505883128523256e-09, "validation_rollout": 1.226534322995576e-07, "train_seconds": 52.97342695295811, "elapsed_seconds": 57.944840889424086}
{"cell": "midpoint-b4-L8-unroll-s31415-A", "epoch": 1800, "train_mse": 1.0986640575083584e-07, "gradient_norm": 1.353784000457381e-06, "validation_one_step": 6.267620755728842e-09, "validation_rollout": 1.18559505324356e-07, "train_seconds": 55.95610640570521, "elapsed_seconds": 61.20660085976124}
{"cell": "midpoint-b4-L8-unroll-s31415-A", "epoch": 1900, "train_mse": 4.205058132811246e-07, "gradient_norm": 0.0013901161728426814, "validation_one_step": 1.3154556925224862e-08, "validation_rollout": 3.5099142792205384e-07, "train_seconds": 58.938701402395964, "elapsed_seconds": 64.46516872942448}
{"cell": "midpoint-b4-L8-unroll-s31415-A", "epoch": 2000, "train_mse": 1.0340134082298391e-07, "gradient_norm": 8.522240932506975e-06, "validation_one_step": 5.9183085099334676e-09, "validation_rollout": 1.1211012918010965e-07, "train_seconds": 61.92519408464432, "elapsed_seconds": 67.73309360072017}
CELL_COMPLETE midpoint-b4-L8-unroll-s31415-A
{"cell": "midpoint-b4-L8-unroll-s31415-B", "epoch": 1, "train_mse": 0.07529252767562866, "gradient_norm": 0.09469399601221085, "validation_one_step": 0.003953982959501445, "validation_rollout": 0.08681041747331619, "train_seconds": 0.02943362668156624, "elapsed_seconds": 0.05517423897981644}
{"cell": "midpoint-b4-L8-unroll-s31415-B", "epoch": 100, "train_mse": 0.0008130685891956091, "gradient_norm": 0.0008092508069239557, "validation_one_step": 3.766169841886343e-05, "validation_rollout": 0.000978595926426351, "train_seconds": 2.9390600733458996, "elapsed_seconds": 3.224061030894518}
{"cell": "midpoint-b4-L8-unroll-s31415-B", "epoch": 200, "train_mse": 0.0007582755060866475, "gradient_norm": 0.0005108766490593553, "validation_one_step": 3.707408465440191e-05, "validation_rollout": 0.0009427762124687433, "train_seconds": 5.935118373483419, "elapsed_seconds": 6.484292600303888}
{"cell": "midpoint-b4-L8-unroll-s31415-B", "epoch": 300, "train_mse": 0.0006830504862591624, "gradient_norm": 0.0005341627402231097, "validation_one_step": 3.48883950967623e-05, "validation_rollout": 0.0008727622916921973, "train_seconds": 8.954768661409616, "elapsed_seconds": 9.782160189002752}
{"cell": "midpoint-b4-L8-unroll-s31415-B", "epoch": 400, "train_mse": 0.0005820696242153645, "gradient_norm": 0.0005763316294178367, "validation_one_step": 3.104945547723522e-05, "validation_rollout": 0.0007639139075763524, "train_seconds": 11.9493373259902, "elapsed_seconds": 13.043946173042059}
{"cell": "midpoint-b4-L8-unroll-s31415-B", "epoch": 500, "train_mse": 0.000444446544861421, "gradient_norm": 0.0006256191991269588, "validation_one_step": 2.4732099897543474e-05, "validation_rollout": 0.0005991174839437008, "train_seconds": 14.916927848011255, "elapsed_seconds": 16.28066373988986}
{"cell": "midpoint-b4-L8-unroll-s31415-B", "epoch": 600, "train_mse": 0.00027246098034083843, "gradient_norm": 0.0006288447766564786, "validation_one_step": 1.5939109895649988e-05, "validation_rollout": 0.00037984043592587113, "train_seconds": 17.92440701648593, "elapsed_seconds": 19.566740687936544}
{"cell": "midpoint-b4-L8-unroll-s31415-B", "epoch": 700, "train_mse": 0.0001172216288978234, "gradient_norm": 0.0005303357029333711, "validation_one_step": 7.4745978129916084e-06, "validation_rollout": 0.00017502352420706302, "train_seconds": 20.85004012286663, "elapsed_seconds": 22.763802886009216}
{"cell": "midpoint-b4-L8-unroll-s31415-B", "epoch": 800, "train_mse": 3.326552905491553e-05, "gradient_norm": 0.00028887821827083826, "validation_one_step": 2.2742827070487692e-06, "validation_rollout": 5.2779854740947485e-05, "train_seconds": 23.781671218574047, "elapsed_seconds": 25.963138319551945}
{"cell": "midpoint-b4-L8-unroll-s31415-B", "epoch": 900, "train_mse": 9.029410648508929e-06, "gradient_norm": 0.00015175268345046788, "validation_one_step": 6.420520008987296e-07, "validation_rollout": 1.5534975318587385e-05, "train_seconds": 26.716989174485207, "elapsed_seconds": 29.164812695235014}
{"cell": "midpoint-b4-L8-unroll-s31415-B", "epoch": 1000, "train_mse": 3.206689143553376e-06, "gradient_norm": 6.0610669606830925e-05, "validation_one_step": 2.0049002102950908e-07, "validation_rollout": 5.2960103857913055e-06, "train_seconds": 29.646438732743263, "elapsed_seconds": 32.36361561715603}
{"cell": "midpoint-b4-L8-unroll-s31415-B", "epoch": 1100, "train_mse": 4.020578671770636e-06, "gradient_norm": 0.004631862509995699, "validation_one_step": 9.971326283183164e-07, "validation_rollout": 2.757517358986661e-05, "train_seconds": 32.61808257177472, "elapsed_seconds": 35.60563099756837}
{"cell": "midpoint-b4-L8-unroll-s31415-B", "epoch": 1200, "train_mse": 7.379277917607396e-07, "gradient_norm": 7.535490294685587e-05, "validation_one_step": 4.284736713581575e-08, "validation_rollout": 1.2304641359150992e-06, "train_seconds": 35.54866909980774, "elapsed_seconds": 38.80432351306081}
{"cell": "midpoint-b4-L8-unroll-s31415-B", "epoch": 1300, "train_mse": 3.9616327285330044e-07, "gradient_norm": 1.4967248716857284e-05, "validation_one_step": 2.3414371256672933e-08, "validation_rollout": 6.841133313173486e-07, "train_seconds": 38.47682501748204, "elapsed_seconds": 42.002527344971895}
{"cell": "midpoint-b4-L8-unroll-s31415-B", "epoch": 1400, "train_mse": 2.672450705176743e-07, "gradient_norm": 0.0002886598522309214, "validation_one_step": 4.229369476860256e-08, "validation_rollout": 1.0658251312634093e-06, "train_seconds": 41.406737934798, "elapsed_seconds": 45.199223306030035}
{"cell": "midpoint-b4-L8-unroll-s31415-B", "epoch": 1500, "train_mse": 1.7147836217645818e-07, "gradient_norm": 1.0086130714626051e-05, "validation_one_step": 1.0917458714843065e-08, "validation_rollout": 3.102984749148163e-07, "train_seconds": 44.33784445002675, "elapsed_seconds": 48.400140672922134}
{"cell": "midpoint-b4-L8-unroll-s31415-B", "epoch": 1600, "train_mse": 1.2977909591427306e-07, "gradient_norm": 1.2880683243565727e-05, "validation_one_step": 8.156893086900633e-09, "validation_rollout": 2.289382052822475e-07, "train_seconds": 47.27344775944948, "elapsed_seconds": 51.607804510742426}
{"cell": "midpoint-b4-L8-unroll-s31415-B", "epoch": 1700, "train_mse": 1.9306099829918821e-07, "gradient_norm": 0.0007904950762167573, "validation_one_step": 8.717740307417898e-09, "validation_rollout": 2.1898608792980667e-07, "train_seconds": 50.22300185635686, "elapsed_seconds": 54.82880265638232}
{"cell": "midpoint-b4-L8-unroll-s31415-B", "epoch": 1800, "train_mse": 9.803471101577088e-08, "gradient_norm": 4.08988580602454e-06, "validation_one_step": 6.192639105210655e-09, "validation_rollout": 1.6576238692778134e-07, "train_seconds": 53.16195712611079, "elapsed_seconds": 58.04147231578827}
{"cell": "midpoint-b4-L8-unroll-s31415-B", "epoch": 1900, "train_mse": 1.3669421605300158e-05, "gradient_norm": 0.010403051972389221, "validation_one_step": 8.898420761719686e-07, "validation_rollout": 2.4061719159362838e-05, "train_seconds": 56.096530605107546, "elapsed_seconds": 61.24921686574817}
{"cell": "midpoint-b4-L8-unroll-s31415-B", "epoch": 2000, "train_mse": 8.829076847405304e-08, "gradient_norm": 0.00014796628965996206, "validation_one_step": 5.474422359874609e-09, "validation_rollout": 1.426337661314392e-07, "train_seconds": 59.06348967552185, "elapsed_seconds": 64.49071475118399}
CELL_COMPLETE midpoint-b4-L8-unroll-s31415-B
{"cell": "midpoint-b4-L8-unroll-s271828-A", "epoch": 1, "train_mse": 0.0434395931661129, "gradient_norm": 0.07401268929243088, "validation_one_step": 0.0026690025406423956, "validation_rollout": 0.06351505219936371, "train_seconds": 0.02926834300160408, "elapsed_seconds": 0.055515941232442856}
{"cell": "midpoint-b4-L8-unroll-s271828-A", "epoch": 100, "train_mse": 0.0007282851729542017, "gradient_norm": 0.0008550699567422271, "validation_one_step": 4.893811577251957e-05, "validation_rollout": 0.001251926994882524, "train_seconds": 2.9757942743599415, "elapsed_seconds": 3.270075310021639}
{"cell": "midpoint-b4-L8-unroll-s271828-A", "epoch": 200, "train_mse": 0.0006983702769502997, "gradient_norm": 0.00031105420202948153, "validation_one_step": 4.5005541020752084e-05, "validation_rollout": 0.0011668375227600336, "train_seconds": 5.9611082673072815, "elapsed_seconds": 6.523014143109322}
{"cell": "midpoint-b4-L8-unroll-s271828-A", "epoch": 300, "train_mse": 0.0006512515828944743, "gradient_norm": 0.00034566823160275817, "validation_one_step": 4.2013571146526374e-05, "validation_rollout": 0.0010941121727228165, "train_seconds": 8.945070646703243, "elapsed_seconds": 9.77500569447875}
{"cell": "midpoint-b4-L8-unroll-s271828-A", "epoch": 400, "train_mse": 0.0005768067203462124, "gradient_norm": 0.0003962802584283054, "validation_one_step": 3.7234667615848593e-05, "validation_rollout": 0.0009769011521711946, "train_seconds": 11.933315761387348, "elapsed_seconds": 13.047491617500782}
{"cell": "midpoint-b4-L8-unroll-s271828-A", "epoch": 500, "train_mse": 0.0004489708808250725, "gradient_norm": 0.0004932422889396548, "validation_one_step": 2.9025794598661985e-05, "validation_rollout": 0.000766152108553797, "train_seconds": 14.958211857825518, "elapsed_seconds": 16.348543535917997}
{"cell": "midpoint-b4-L8-unroll-s271828-A", "epoch": 600, "train_mse": 0.0002288572140969336, "gradient_norm": 0.0005615143454633653, "validation_one_step": 1.4886659831366464e-05, "validation_rollout": 0.0003897889400832355, "train_seconds": 17.998821072280407, "elapsed_seconds": 19.665401495993137}
{"cell": "midpoint-b4-L8-unroll-s271828-A", "epoch": 700, "train_mse": 3.9398630178766325e-05, "gradient_norm": 0.0003245082625653595, "validation_one_step": 2.480640015771011e-06, "validation_rollout": 6.346857117023319e-05, "train_seconds": 21.039546489715576, "elapsed_seconds": 22.981713462620974}
{"cell": "midpoint-b4-L8-unroll-s271828-A", "epoch": 800, "train_mse": 2.3207439880934544e-06, "gradient_norm": 7.399531750706956e-05, "validation_one_step": 1.2416212058496967e-07, "validation_rollout": 2.721049440879142e-06, "train_seconds": 24.077369555830956, "elapsed_seconds": 26.296633832156658}
{"cell": "midpoint-b4-L8-unroll-s271828-A", "epoch": 900, "train_mse": 7.60997522775142e-07, "gradient_norm": 1.0796356036735233e-05, "validation_one_step": 6.595946011600518e-08, "validation_rollout": 1.1903791801159969e-06, "train_seconds": 27.06782614812255, "elapsed_seconds": 29.55925354361534}
{"cell": "midpoint-b4-L8-unroll-s271828-A", "epoch": 1000, "train_mse": 7.193657438619994e-07, "gradient_norm": 4.20788364863256e-06, "validation_one_step": 6.932817697702376e-08, "validation_rollout": 1.276585180676193e-06, "train_seconds": 30.042936373502016, "elapsed_seconds": 32.803878363221884}
{"cell": "midpoint-b4-L8-unroll-s271828-A", "epoch": 1100, "train_mse": 7.009847422523308e-07, "gradient_norm": 3.883414137817454e-06, "validation_one_step": 6.821940553199586e-08, "validation_rollout": 1.2578793757711537e-06, "train_seconds": 33.02179527282715, "elapsed_seconds": 36.051840249449015}
{"cell": "midpoint-b4-L8-unroll-s271828-A", "epoch": 1200, "train_mse": 6.824911906733178e-07, "gradient_norm": 3.761530024348758e-06, "validation_one_step": 6.651485081240101e-08, "validation_rollout": 1.2251239240868017e-06, "train_seconds": 36.01121815294027, "elapsed_seconds": 39.31116284430027}
{"cell": "midpoint-b4-L8-unroll-s271828-A", "epoch": 1300, "train_mse": 2.5013628146552946e-06, "gradient_norm": 0.002334300195798278, "validation_one_step": 1.7629528474098302e-07, "validation_rollout": 4.437700226844754e-06, "train_seconds": 38.99216567724943, "elapsed_seconds": 42.562878131866455}
{"cell": "midpoint-b4-L8-unroll-s271828-A", "epoch": 1400, "train_mse": 6.456368737417506e-07, "gradient_norm": 1.4200150872056838e-05, "validation_one_step": 6.306311917114726e-08, "validation_rollout": 1.1574916243262123e-06, "train_seconds": 41.9687958471477, "elapsed_seconds": 45.812769293785095}
{"cell": "midpoint-b4-L8-unroll-s271828-A", "epoch": 1500, "train_mse": 1.0022438345913542e-06, "gradient_norm": 0.0010565576376393437, "validation_one_step": 6.099803625166562e-08, "validation_rollout": 1.128178951148584e-06, "train_seconds": 44.98226622492075, "elapsed_seconds": 49.10342987254262}
{"cell": "midpoint-b4-L8-unroll-s271828-A", "epoch": 1600, "train_mse": 6.086321491238778e-07, "gradient_norm": 9.314507224189583e-06, "validation_one_step": 5.9441439622294943e-08, "validation_rollout": 1.0905743010880542e-06, "train_seconds": 48.13213036581874, "elapsed_seconds": 52.52956926450133}
{"cell": "midpoint-b4-L8-unroll-s271828-A", "epoch": 1700, "train_mse": 6.029348469382967e-07, "gradient_norm": 0.00019908825925085694, "validation_one_step": 5.824317502363859e-08, "validation_rollout": 1.1030607538486947e-06, "train_seconds": 51.0952361933887, "elapsed_seconds": 55.768351439386606}
{"cell": "midpoint-b4-L8-unroll-s271828-A", "epoch": 1800, "train_mse": 5.723452431993792e-07, "gradient_norm": 7.0135947680682875e-06, "validation_one_step": 5.598250189346269e-08, "validation_rollout": 1.023460981741664e-06, "train_seconds": 54.07860820367932, "elapsed_seconds": 59.02936803549528}
{"cell": "midpoint-b4-L8-unroll-s271828-A", "epoch": 1900, "train_mse": 5.534178626476205e-07, "gradient_norm": 3.1506563118455233e-06, "validation_one_step": 5.411118308984442e-08, "validation_rollout": 9.89441559795523e-07, "train_seconds": 57.04289449751377, "elapsed_seconds": 62.27341631799936}
{"cell": "midpoint-b4-L8-unroll-s271828-A", "epoch": 2000, "train_mse": 5.404323815128009e-07, "gradient_norm": 0.00010541887604631484, "validation_one_step": 5.514101471722673e-08, "validation_rollout": 1.0152236882277066e-06, "train_seconds": 60.01718861609697, "elapsed_seconds": 65.52459308132529}
CELL_COMPLETE midpoint-b4-L8-unroll-s271828-A
{"cell": "midpoint-b4-L8-unroll-s271828-B", "epoch": 1, "train_mse": 0.042829595506191254, "gradient_norm": 0.06223278492689133, "validation_one_step": 0.002853741287253797, "validation_rollout": 0.06776553392410278, "train_seconds": 0.02958787977695465, "elapsed_seconds": 0.05518271028995514}
{"cell": "midpoint-b4-L8-unroll-s271828-B", "epoch": 100, "train_mse": 0.0006962846964597702, "gradient_norm": 0.000830409349873662, "validation_one_step": 4.957977398589719e-05, "validation_rollout": 0.001238548313267529, "train_seconds": 2.9379792138934135, "elapsed_seconds": 3.222482442855835}
{"cell": "midpoint-b4-L8-unroll-s271828-B", "epoch": 200, "train_mse": 0.0006500088493339717, "gradient_norm": 0.0003179758496116847, "validation_one_step": 4.655024364789521e-05, "validation_rollout": 0.00116294389590621, "train_seconds": 5.882182236760855, "elapsed_seconds": 6.4384161457419395}
{"cell": "midpoint-b4-L8-unroll-s271828-B", "epoch": 300, "train_mse": 0.0005944096483290195, "gradient_norm": 0.0002947674074675888, "validation_one_step": 4.5641971155419014e-05, "validation_rollout": 0.0011217307765036821, "train_seconds": 8.829626645892859, "elapsed_seconds": 9.644910410046577}
{"cell": "midpoint-b4-L8-unroll-s271828-B", "epoch": 400, "train_mse": 0.0005402337992563844, "gradient_norm": 0.0002990006178151816, "validation_one_step": 4.410574805054542e-05, "validation_rollout": 0.0010689703049138188, "train_seconds": 11.77599512040615, "elapsed_seconds": 12.851365312933922}
{"cell": "midpoint-b4-L8-unroll-s271828-B", "epoch": 500, "train_mse": 0.00046588710392825305, "gradient_norm": 0.00036956259282305837, "validation_one_step": 3.949129700231424e-05, "validation_rollout": 0.0009464472532272339, "train_seconds": 14.73079563677311, "elapsed_seconds": 16.069757226854563}
{"cell": "midpoint-b4-L8-unroll-s271828-B", "epoch": 600, "train_mse": 0.00033302645897492766, "gradient_norm": 0.00047199157415889204, "validation_one_step": 2.906162111078932e-05, "validation_rollout": 0.0006892478559166193, "train_seconds": 17.67551850527525, "elapsed_seconds": 19.280792772769928}
{"cell": "midpoint-b4-L8-unroll-s271828-B", "epoch": 700, "train_mse": 0.00013971293810755014, "gradient_norm": 0.0004582152178045362, "validation_one_step": 1.3011191905813272e-05, "validation_rollout": 0.0002993511443492025, "train_seconds": 20.653734907507896, "elapsed_seconds": 22.528771199285984}
{"cell": "midpoint-b4-L8-unroll-s271828-B", "epoch": 800, "train_mse": 2.4313607354997657e-05, "gradient_norm": 0.00022308729239739478, "validation_one_step": 2.729276062041208e-06, "validation_rollout": 5.7235261920141056e-05, "train_seconds": 23.65900219231844, "elapsed_seconds": 25.7996487878263}
{"cell": "midpoint-b4-L8-unroll-s271828-B", "epoch": 900, "train_mse": 4.786950739799067e-06, "gradient_norm": 6.85519480612129e-05, "validation_one_step": 6.055542201011122e-07, "validation_rollout": 1.1467820513644256e-05, "train_seconds": 26.691120862960815, "elapsed_seconds": 29.101557910442352}
{"cell": "midpoint-b4-L8-unroll-s271828-B", "epoch": 1000, "train_mse": 2.334730879738345e-06, "gradient_norm": 6.268258584896103e-05, "validation_one_step": 2.896210655004931e-07, "validation_rollout": 5.4175393415789586e-06, "train_seconds": 29.716897409409285, "elapsed_seconds": 32.40296291932464}
{"cell": "midpoint-b4-L8-unroll-s271828-B", "epoch": 1100, "train_mse": 1.4995350738900015e-06, "gradient_norm": 0.0002178489521611482, "validation_one_step": 1.873501093522615e-07, "validation_rollout": 3.4958491141878767e-06, "train_seconds": 32.72288453951478, "elapsed_seconds": 35.68151605129242}
{"cell": "midpoint-b4-L8-unroll-s271828-B", "epoch": 1200, "train_mse": 1.0784942787722684e-06, "gradient_norm": 1.6348471035598777e-05, "validation_one_step": 1.388523423647333e-07, "validation_rollout": 2.5026702132890932e-06, "train_seconds": 35.669377107173204, "elapsed_seconds": 38.897752575576305}
{"cell": "midpoint-b4-L8-unroll-s271828-B", "epoch": 1300, "train_mse": 9.159127785096643e-07, "gradient_norm": 0.00044467454426921904, "validation_one_step": 1.0920252702106836e-07, "validation_rollout": 2.1146147446415853e-06, "train_seconds": 38.63045972213149, "elapsed_seconds": 42.128943864256144}
{"cell": "midpoint-b4-L8-unroll-s271828-B", "epoch": 1400, "train_mse": 7.667457566640223e-07, "gradient_norm": 7.369028480752604e-06, "validation_one_step": 9.529494763664086e-08, "validation_rollout": 1.6917042557906825e-06, "train_seconds": 41.57882599905133, "elapsed_seconds": 45.34804403036833}
{"cell": "midpoint-b4-L8-unroll-s271828-B", "epoch": 1500, "train_mse": 3.3124345009127865e-06, "gradient_norm": 0.003506148001179099, "validation_one_step": 1.6371792395849147e-07, "validation_rollout": 4.6834088607283775e-06, "train_seconds": 44.50639456510544, "elapsed_seconds": 48.54049789533019}
{"cell": "midpoint-b4-L8-unroll-s271828-B", "epoch": 1600, "train_mse": 6.664028546765621e-07, "gradient_norm": 2.0249804947525263e-05, "validation_one_step": 7.83246460282309e-08, "validation_rollout": 1.3965670859761303e-06, "train_seconds": 47.429504722356796, "elapsed_seconds": 51.730684481561184}
{"cell": "midpoint-b4-L8-unroll-s271828-B", "epoch": 1700, "train_mse": 6.3725303789397e-07, "gradient_norm": 2.5132123482762836e-05, "validation_one_step": 7.320634824263077e-08, "validation_rollout": 1.3109274732414633e-06, "train_seconds": 50.353858552873135, "elapsed_seconds": 54.92454770207405}
{"cell": "midpoint-b4-L8-unroll-s271828-B", "epoch": 1800, "train_mse": 6.448368594647036e-07, "gradient_norm": 0.0003702229296322912, "validation_one_step": 7.337250155596091e-08, "validation_rollout": 1.248387661689776e-06, "train_seconds": 53.277146607637405, "elapsed_seconds": 58.1139871776104}
{"cell": "midpoint-b4-L8-unroll-s271828-B", "epoch": 1900, "train_mse": 5.94945959164761e-07, "gradient_norm": 3.301874812677852e-06, "validation_one_step": 6.656293353538938e-08, "validation_rollout": 1.1867666671605548e-06, "train_seconds": 56.19502790272236, "elapsed_seconds": 61.301453839987516}
{"cell": "midpoint-b4-L8-unroll-s271828-B", "epoch": 2000, "train_mse": 7.209029263322009e-06, "gradient_norm": 0.005524657666683197, "validation_one_step": 2.32030481347086e-07, "validation_rollout": 6.796002708142623e-06, "train_seconds": 59.12896928191185, "elapsed_seconds": 64.50873154401779}
CELL_COMPLETE midpoint-b4-L8-unroll-s271828-B
{"cell": "midpoint-b4-L8-unroll-s161803-A", "epoch": 1, "train_mse": 0.06588449329137802, "gradient_norm": 0.06479915231466293, "validation_one_step": 0.0036596935242414474, "validation_rollout": 0.08209092915058136, "train_seconds": 0.029314547777175903, "elapsed_seconds": 0.05518919229507446}
{"cell": "midpoint-b4-L8-unroll-s161803-A", "epoch": 100, "train_mse": 0.0006155873415991664, "gradient_norm": 0.0011135678505524993, "validation_one_step": 2.949152447702848e-05, "validation_rollout": 0.0009639083291403949, "train_seconds": 2.945468697696924, "elapsed_seconds": 3.234319716691971}
{"cell": "midpoint-b4-L8-unroll-s161803-A", "epoch": 200, "train_mse": 0.0005893416819162667, "gradient_norm": 0.00035768855013884604, "validation_one_step": 2.8675191363921233e-05, "validation_rollout": 0.0009219314670190215, "train_seconds": 5.908585276454687, "elapsed_seconds": 6.463131099939346}
{"cell": "midpoint-b4-L8-unroll-s161803-A", "epoch": 300, "train_mse": 0.0005550335044972599, "gradient_norm": 0.00038308720104396343, "validation_one_step": 2.7050643135832313e-05, "validation_rollout": 0.0008731335983611643, "train_seconds": 8.86673778668046, "elapsed_seconds": 9.688409432768822}
{"cell": "midpoint-b4-L8-unroll-s161803-A", "epoch": 400, "train_mse": 0.000508033437654376, "gradient_norm": 0.0004152563924435526, "validation_one_step": 2.4876806719476008e-05, "validation_rollout": 0.0008040993707254529, "train_seconds": 11.8227958381176, "elapsed_seconds": 12.91242964565754}
{"cell": "midpoint-b4-L8-unroll-s161803-A", "epoch": 500, "train_mse": 0.000443565339082852, "gradient_norm": 0.00045332335866987705, "validation_one_step": 2.193298663163053e-05, "validation_rollout": 0.0007062709191814065, "train_seconds": 14.816273618489504, "elapsed_seconds": 16.17687203735113}
{"cell": "midpoint-b4-L8-unroll-s161803-A", "epoch": 600, "train_mse": 0.00035744078923016787, "gradient_norm": 0.0004867782408837229, "validation_one_step": 1.7956530882656807e-05, "validation_rollout": 0.0005726497038267553, "train_seconds": 17.78272096440196, "elapsed_seconds": 19.41466160863638}
{"cell": "midpoint-b4-L8-unroll-s161803-A", "epoch": 700, "train_mse": 0.000250859244260937, "gradient_norm": 0.0004949728609062731, "validation_one_step": 1.2890793035088185e-05, "validation_rollout": 0.0004047567490488291, "train_seconds": 20.74383333697915, "elapsed_seconds": 22.647473510354757}
{"cell": "midpoint-b4-L8-unroll-s161803-A", "epoch": 800, "train_mse": 0.00014832289889454842, "gradient_norm": 0.0065461029298603535, "validation_one_step": 7.814179222502085e-06, "validation_rollout": 0.000245729461312294, "train_seconds": 23.720104329288006, "elapsed_seconds": 25.895678218454123}
{"cell": "midpoint-b4-L8-unroll-s161803-A", "epoch": 900, "train_mse": 5.41587796760723e-05, "gradient_norm": 0.0003322920820210129, "validation_one_step": 2.977069158305312e-06, "validation_rollout": 8.900629472918808e-05, "train_seconds": 26.693396478891373, "elapsed_seconds": 29.143895402550697}
{"cell": "midpoint-b4-L8-unroll-s161803-A", "epoch": 1000, "train_mse": 1.403810892952606e-05, "gradient_norm": 0.0014226774219423532, "validation_one_step": 7.988308231195637e-07, "validation_rollout": 2.298631261510309e-05, "train_seconds": 29.708085544407368, "elapsed_seconds": 32.444297824054956}
{"cell": "midpoint-b4-L8-unroll-s161803-A", "epoch": 1100, "train_mse": 2.267005584144499e-06, "gradient_norm": 7.805593486409634e-05, "validation_one_step": 1.4495508378805275e-07, "validation_rollout": 3.972588274336886e-06, "train_seconds": 32.727439004927874, "elapsed_seconds": 35.7387036010623}
{"cell": "midpoint-b4-L8-unroll-s161803-A", "epoch": 1200, "train_mse": 4.6944282416916394e-07, "gradient_norm": 0.0008899917593225837, "validation_one_step": 2.690202490403711e-08, "validation_rollout": 7.079585202518501e-07, "train_seconds": 35.73368475586176, "elapsed_seconds": 39.02346172556281}
{"cell": "midpoint-b4-L8-unroll-s161803-A", "epoch": 1300, "train_mse": 6.495471893686044e-08, "gradient_norm": 8.553359293728136e-06, "validation_one_step": 6.585958408263555e-09, "validation_rollout": 1.396348352500354e-07, "train_seconds": 38.74879186600447, "elapsed_seconds": 42.314723044633865}
{"cell": "midpoint-b4-L8-unroll-s161803-A", "epoch": 1400, "train_mse": 2.039621676885872e-06, "gradient_norm": 0.003202602732926607, "validation_one_step": 1.2883817035458378e-07, "validation_rollout": 3.890093921654625e-06, "train_seconds": 41.75211079791188, "elapsed_seconds": 45.59414130449295}
{"cell": "midpoint-b4-L8-unroll-s161803-A", "epoch": 1500, "train_mse": 4.0241410204089334e-08, "gradient_norm": 2.1968025976093486e-05, "validation_one_step": 3.3382480113530733e-09, "validation_rollout": 7.034648774606467e-08, "train_seconds": 44.740978080779314, "elapsed_seconds": 48.85814310237765}
{"cell": "midpoint-b4-L8-unroll-s161803-A", "epoch": 1600, "train_mse": 3.972861151169127e-08, "gradient_norm": 1.797737809283717e-06, "validation_one_step": 3.1107476039515802e-09, "validation_rollout": 6.699546162280967e-08, "train_seconds": 47.73212383687496, "elapsed_seconds": 52.127953328192234}
{"cell": "midpoint-b4-L8-unroll-s161803-A", "epoch": 1700, "train_mse": 1.8479850893982075e-07, "gradient_norm": 0.000860693515278399, "validation_one_step": 7.056060735699532e-09, "validation_rollout": 1.6110999467855436e-07, "train_seconds": 50.73128958046436, "elapsed_seconds": 55.40031201019883}
{"cell": "midpoint-b4-L8-unroll-s161803-A", "epoch": 1800, "train_mse": 3.9344477897884644e-08, "gradient_norm": 5.657333076669602e-06, "validation_one_step": 3.0540832825683615e-09, "validation_rollout": 6.561486287637308e-08, "train_seconds": 53.71003633365035, "elapsed_seconds": 58.65942973643541}
{"cell": "midpoint-b4-L8-unroll-s161803-A", "epoch": 1900, "train_mse": 2.229900530892337e-07, "gradient_norm": 0.0009689235012046993, "validation_one_step": 1.3063961246118083e-08, "validation_rollout": 4.384602902973711e-07, "train_seconds": 56.6855642311275, "elapsed_seconds": 61.91339823231101}
{"cell": "midpoint-b4-L8-unroll-s161803-A", "epoch": 2000, "train_mse": 3.9933468087838264e-08, "gradient_norm": 6.842111179139465e-05, "validation_one_step": 3.0449195017231054e-09, "validation_rollout": 6.608055969081761e-08, "train_seconds": 59.64470138400793, "elapsed_seconds": 65.14841440320015}
CELL_COMPLETE midpoint-b4-L8-unroll-s161803-A
{"cell": "midpoint-b4-L8-unroll-s161803-B", "epoch": 1, "train_mse": 0.06561219692230225, "gradient_norm": 0.06826742738485336, "validation_one_step": 0.003644030347156028, "validation_rollout": 0.08247510343790054, "train_seconds": 0.02942487969994545, "elapsed_seconds": 0.05466155707836151}
{"cell": "midpoint-b4-L8-unroll-s161803-B", "epoch": 100, "train_mse": 0.0006074353004805744, "gradient_norm": 0.0011120253475382924, "validation_one_step": 2.9643644362901494e-05, "validation_rollout": 0.000962394115049392, "train_seconds": 2.9258899986743927, "elapsed_seconds": 3.2094675302505493}
{"cell": "midpoint-b4-L8-unroll-s161803-B", "epoch": 200, "train_mse": 0.0005774699966423213, "gradient_norm": 0.0003647609846666455, "validation_one_step": 2.863769782379677e-05, "validation_rollout": 0.0009145863587036729, "train_seconds": 5.866104867309332, "elapsed_seconds": 6.411123692989349}
{"cell": "midpoint-b4-L8-unroll-s161803-B", "epoch": 300, "train_mse": 0.0005411965539678931, "gradient_norm": 0.00043131472193636, "validation_one_step": 2.6883978080149973e-05, "validation_rollout": 0.0008633362594991922, "train_seconds": 8.810873210430145, "elapsed_seconds": 9.61734563857317}
{"cell": "midpoint-b4-L8-unroll-s161803-B", "epoch": 400, "train_mse": 0.0004919086350128055, "gradient_norm": 0.0004805872158613056, "validation_one_step": 2.4605550985749385e-05, "validation_rollout": 0.0007900871569290757, "train_seconds": 11.749364100396633, "elapsed_seconds": 12.818050753325224}
{"cell": "midpoint-b4-L8-unroll-s161803-B", "epoch": 500, "train_mse": 0.00042524427408352494, "gradient_norm": 0.00045302926446311176, "validation_one_step": 2.1547480325049644e-05, "validation_rollout": 0.0006888362695463002, "train_seconds": 14.691051110625267, "elapsed_seconds": 16.02295859903097}
{"cell": "midpoint-b4-L8-unroll-s161803-B", "epoch": 600, "train_mse": 0.00033826311118900776, "gradient_norm": 0.0004798708250746131, "validation_one_step": 1.7512039903522236e-05, "validation_rollout": 0.0005548481713049114, "train_seconds": 17.63090431690216, "elapsed_seconds": 19.226544626057148}
{"cell": "midpoint-b4-L8-unroll-s161803-B", "epoch": 700, "train_mse": 0.00026381007046438754, "gradient_norm": 0.014079838991165161, "validation_one_step": 1.3191308084969933e-05, "validation_rollout": 0.0004055082390550524, "train_seconds": 20.57558434829116, "elapsed_seconds": 22.436141535639763}
{"cell": "midpoint-b4-L8-unroll-s161803-B", "epoch": 800, "train_mse": 0.00013239179679658264, "gradient_norm": 0.0004197105881758034, "validation_one_step": 7.419218339540142e-06, "validation_rollout": 0.0002278864849358797, "train_seconds": 23.509539615362883, "elapsed_seconds": 25.63515591621399}
{"cell": "midpoint-b4-L8-unroll-s161803-B", "epoch": 900, "train_mse": 5.658668669639155e-05, "gradient_norm": 0.0003114175924565643, "validation_one_step": 3.3690603421140017e-06, "validation_rollout": 0.00010185033897869289, "train_seconds": 26.444098223000765, "elapsed_seconds": 28.838408641517162}
{"cell": "midpoint-b4-L8-unroll-s161803-B", "epoch": 1000, "train_mse": 1.860258271335624e-05, "gradient_norm": 0.00018031410581897944, "validation_one_step": 1.2023239766752643e-06, "validation_rollout": 3.490216477075592e-05, "train_seconds": 29.377110082656145, "elapsed_seconds": 32.0416252464056}
{"cell": "midpoint-b4-L8-unroll-s161803-B", "epoch": 1100, "train_mse": 5.812413746753009e-06, "gradient_norm": 0.0008493377827107906, "validation_one_step": 4.013654001748061e-07, "validation_rollout": 1.1074469512095675e-05, "train_seconds": 32.313471373170614, "elapsed_seconds": 35.24718941003084}
{"cell": "midpoint-b4-L8-unroll-s161803-B", "epoch": 1200, "train_mse": 1.95982238437864e-06, "gradient_norm": 4.501670991885476e-05, "validation_one_step": 1.4312753885784937e-07, "validation_rollout": 3.7671356949431356e-06, "train_seconds": 35.28373795747757, "elapsed_seconds": 38.48840568959713}
{"cell": "midpoint-b4-L8-unroll-s161803-B", "epoch": 1300, "train_mse": 1.0452163223817479e-06, "gradient_norm": 0.001244717394001782, "validation_one_step": 1.0424593810398619e-07, "validation_rollout": 2.4883518108254066e-06, "train_seconds": 38.25444507971406, "elapsed_seconds": 41.732601176947355}
{"cell": "midpoint-b4-L8-unroll-s161803-B", "epoch": 1400, "train_mse": 3.7482604398064723e-07, "gradient_norm": 2.4302229576278478e-05, "validation_one_step": 2.9593746120326614e-08, "validation_rollout": 7.203409495559754e-07, "train_seconds": 41.230136793106794, "elapsed_seconds": 44.98380842804909}
{"cell": "midpoint-b4-L8-unroll-s161803-B", "epoch": 1500, "train_mse": 1.8483009966985264e-07, "gradient_norm": 1.6205904103117064e-05, "validation_one_step": 1.5498530903101937e-08, "validation_rollout": 3.6604529896067106e-07, "train_seconds": 44.204884227365255, "elapsed_seconds": 48.2314023450017}
{"cell": "midpoint-b4-L8-unroll-s161803-B", "epoch": 1600, "train_mse": 1.1856748471927858e-07, "gradient_norm": 0.00012923854228574783, "validation_one_step": 1.0433632476510487e-08, "validation_rollout": 2.6714488399193215e-07, "train_seconds": 47.20392796397209, "elapsed_seconds": 51.509767178446054}
{"cell": "midpoint-b4-L8-unroll-s161803-B", "epoch": 1700, "train_mse": 7.929980228027489e-08, "gradient_norm": 5.518446414498612e-06, "validation_one_step": 7.165432913680547e-09, "validation_rollout": 1.6125130741784233e-07, "train_seconds": 50.137762781232595, "elapsed_seconds": 54.71459528431296}
{"cell": "midpoint-b4-L8-unroll-s161803-B", "epoch": 1800, "train_mse": 6.272360053571902e-08, "gradient_norm": 4.15141903431504e-06, "validation_one_step": 5.577149038889691e-09, "validation_rollout": 1.2311824093558243e-07, "train_seconds": 53.06930648908019, "elapsed_seconds": 57.91687713563442}
{"cell": "midpoint-b4-L8-unroll-s161803-B", "epoch": 1900, "train_mse": 1.6986223272397183e-07, "gradient_norm": 0.0008385904366150498, "validation_one_step": 5.635807080276815e-09, "validation_rollout": 1.4590216323995264e-07, "train_seconds": 55.99823400750756, "elapsed_seconds": 61.11266599223018}
{"cell": "midpoint-b4-L8-unroll-s161803-B", "epoch": 2000, "train_mse": 5.51606014198569e-08, "gradient_norm": 1.5827044990146533e-06, "validation_one_step": 4.637602154152394e-09, "validation_rollout": 1.0147736162480214e-07, "train_seconds": 58.93766327947378, "elapsed_seconds": 64.3260339461267}
CELL_COMPLETE midpoint-b4-L8-unroll-s161803-B
{"cell": "midpoint-b4-L8-initial_repeat-s31415-A", "epoch": 1, "train_mse": 0.0038979563396424055, "gradient_norm": 0.004768392536789179, "validation_one_step": 0.0037758186226710677, "validation_rollout": 0.08431021869182587, "train_seconds": 0.006605375558137894, "elapsed_seconds": 0.032308049499988556}
{"cell": "midpoint-b4-L8-initial_repeat-s31415-A", "epoch": 100, "train_mse": 3.505116546875797e-05, "gradient_norm": 4.505298420554027e-05, "validation_one_step": 3.120464619617754e-05, "validation_rollout": 0.0009311414323747158, "train_seconds": 0.4204244501888752, "elapsed_seconds": 0.706629816442728}
{"cell": "midpoint-b4-L8-initial_repeat-s31415-A", "epoch": 200, "train_mse": 3.357005334692076e-05, "gradient_norm": 1.8758353689918295e-05, "validation_one_step": 3.005645627733126e-05, "validation_rollout": 0.0009076335118152201, "train_seconds": 0.8382035903632641, "elapsed_seconds": 1.3856913931667805}
{"cell": "midpoint-b4-L8-initial_repeat-s31415-A", "epoch": 300, "train_mse": 3.1593332096235827e-05, "gradient_norm": 1.9408747903071344e-05, "validation_one_step": 2.914759996504775e-05, "validation_rollout": 0.0008759313495829701, "train_seconds": 1.2573655061423779, "elapsed_seconds": 2.068477425724268}
{"cell": "midpoint-b4-L8-initial_repeat-s31415-A", "epoch": 400, "train_mse": 2.9029477445874363e-05, "gradient_norm": 2.035263241850771e-05, "validation_one_step": 2.7696362243053347e-05, "validation_rollout": 0.0008273815619759262, "train_seconds": 1.6755921430885792, "elapsed_seconds": 2.7501080110669136}
{"cell": "midpoint-b4-L8-initial_repeat-s31415-A", "epoch": 500, "train_mse": 2.556438630563207e-05, "gradient_norm": 2.2398506189347245e-05, "validation_one_step": 2.501638027752051e-05, "validation_rollout": 0.0007408682722598314, "train_seconds": 2.0923136956989765, "elapsed_seconds": 3.431980647146702}
{"cell": "midpoint-b4-L8-initial_repeat-s31415-A", "epoch": 600, "train_mse": 2.0460825908230618e-05, "gradient_norm": 2.5679146347101778e-05, "validation_one_step": 2.0164225437232137e-05, "validation_rollout": 0.0005886721191927791, "train_seconds": 2.511011604219675, "elapsed_seconds": 4.1174783036112785}
{"cell": "midpoint-b4-L8-initial_repeat-s31415-A", "epoch": 700, "train_mse": 1.3230319382273592e-05, "gradient_norm": 2.8042566555086523e-05, "validation_one_step": 1.3011682085561915e-05, "validation_rollout": 0.0003713342593982816, "train_seconds": 2.9292749017477036, "elapsed_seconds": 4.801180340349674}
{"cell": "midpoint-b4-L8-initial_repeat-s31415-A", "epoch": 800, "train_mse": 5.494126526173204e-06, "gradient_norm": 2.428232619422488e-05, "validation_one_step": 5.437058083164932e-06, "validation_rollout": 0.00015017527039162815, "train_seconds": 3.3472338281571865, "elapsed_seconds": 5.48521988093853}
{"cell": "midpoint-b4-L8-initial_repeat-s31415-A", "epoch": 900, "train_mse": 1.1138009767819312e-06, "gradient_norm": 1.3314790521690156e-05, "validation_one_step": 1.1434532514916402e-06, "validation_rollout": 3.0232133212848566e-05, "train_seconds": 3.7654098123311996, "elapsed_seconds": 6.1704642958939075}
{"cell": "midpoint-b4-L8-initial_repeat-s31415-A", "epoch": 1000, "train_mse": 1.2503696211751958e-07, "gradient_norm": 3.7183286622166634e-05, "validation_one_step": 1.4873336399527184e-07, "validation_rollout": 3.7565910133707803e-06, "train_seconds": 4.182101793587208, "elapsed_seconds": 6.856384802609682}
{"cell": "midpoint-b4-L8-initial_repeat-s31415-A", "epoch": 1100, "train_mse": 1.7665140461531337e-08, "gradient_norm": 1.089300667445059e-06, "validation_one_step": 1.893482681758485e-08, "validation_rollout": 3.843640570266871e-07, "train_seconds": 4.599692493677139, "elapsed_seconds": 7.541908461600542}
{"cell": "midpoint-b4-L8-initial_repeat-s31415-A", "epoch": 1200, "train_mse": 1.1202329730508609e-08, "gradient_norm": 2.7495951826495e-07, "validation_one_step": 8.033714619474589e-09, "validation_rollout": 1.5134429531826754e-07, "train_seconds": 5.016411233693361, "elapsed_seconds": 8.227846689522266}
{"cell": "midpoint-b4-L8-initial_repeat-s31415-A", "epoch": 1300, "train_mse": 9.958034397072879e-09, "gradient_norm": 4.452711891644867e-06, "validation_one_step": 6.3965838921949585e-09, "validation_rollout": 1.1694595514200046e-07, "train_seconds": 5.4335071332752705, "elapsed_seconds": 8.91216204315424}
{"cell": "midpoint-b4-L8-initial_repeat-s31415-A", "epoch": 1400, "train_mse": 8.797360173673496e-09, "gradient_norm": 1.6059827601111465e-07, "validation_one_step": 5.263653068965368e-09, "validation_rollout": 9.898091235527318e-08, "train_seconds": 5.858239971101284, "elapsed_seconds": 9.609503015875816}
{"cell": "midpoint-b4-L8-initial_repeat-s31415-A", "epoch": 1500, "train_mse": 1.3424929079519643e-07, "gradient_norm": 0.00014544402074534446, "validation_one_step": 2.1368312748866933e-07, "validation_rollout": 6.5710469243640546e-06, "train_seconds": 6.2743923887610435, "elapsed_seconds": 10.292822066694498}
{"cell": "midpoint-b4-L8-initial_repeat-s31415-A", "epoch": 1600, "train_mse": 7.068896579198736e-09, "gradient_norm": 5.313870587997371e-07, "validation_one_step": 4.119849794648189e-09, "validation_rollout": 7.78531585865494e-08, "train_seconds": 6.690088756382465, "elapsed_seconds": 10.975517809391022}
{"cell": "midpoint-b4-L8-initial_repeat-s31415-A", "epoch": 1700, "train_mse": 6.4140661670819554e-09, "gradient_norm": 2.2760229967389023e-06, "validation_one_step": 3.676549139205084e-09, "validation_rollout": 7.184188177689066e-08, "train_seconds": 7.10672852024436, "elapsed_seconds": 11.662114582955837}
{"cell": "midpoint-b4-L8-initial_repeat-s31415-A", "epoch": 1800, "train_mse": 5.914327694256372e-09, "gradient_norm": 4.828958935831906e-06, "validation_one_step": 3.396374385437421e-09, "validation_rollout": 6.564960131072439e-08, "train_seconds": 7.523476965725422, "elapsed_seconds": 12.345006760209799}
{"cell": "midpoint-b4-L8-initial_repeat-s31415-A", "epoch": 1900, "train_mse": 5.283169901559859e-09, "gradient_norm": 1.0441261366622712e-07, "validation_one_step": 3.062906409982228e-09, "validation_rollout": 6.018573373012259e-08, "train_seconds": 7.941240236163139, "elapsed_seconds": 13.034030333161354}
{"cell": "midpoint-b4-L8-initial_repeat-s31415-A", "epoch": 2000, "train_mse": 2.9217584796015217e-08, "gradient_norm": 6.352036871248856e-05, "validation_one_step": 1.0651712771074054e-08, "validation_rollout": 3.0648226356788655e-07, "train_seconds": 8.357747994363308, "elapsed_seconds": 13.71968361735344}
CELL_COMPLETE midpoint-b4-L8-initial_repeat-s31415-A
{"cell": "midpoint-b4-L8-initial_repeat-s31415-B", "epoch": 1, "train_mse": 0.0038545560091733932, "gradient_norm": 0.004315224941819906, "validation_one_step": 0.0039559331101675825, "validation_rollout": 0.08667667955160141, "train_seconds": 0.00541720911860466, "elapsed_seconds": 0.03058161586523056}
{"cell": "midpoint-b4-L8-initial_repeat-s31415-B", "epoch": 100, "train_mse": 3.447819108259864e-05, "gradient_norm": 3.312560511403717e-05, "validation_one_step": 3.0343973927908035e-05, "validation_rollout": 0.0009118928574025631, "train_seconds": 0.41255679354071617, "elapsed_seconds": 0.6904843375086784}
{"cell": "midpoint-b4-L8-initial_repeat-s31415-B", "epoch": 200, "train_mse": 3.2132673368323594e-05, "gradient_norm": 1.9718785551958717e-05, "validation_one_step": 2.9954656990109168e-05, "validation_rollout": 0.00090098159853369, "train_seconds": 0.8242815323174, "elapsed_seconds": 1.3552367649972439}
{"cell": "midpoint-b4-L8-initial_repeat-s31415-B", "epoch": 300, "train_mse": 2.9960598112666048e-05, "gradient_norm": 1.8781007383950055e-05, "validation_one_step": 2.9639213456296904e-05, "validation_rollout": 0.0008853781037032604, "train_seconds": 1.2361397482454777, "elapsed_seconds": 2.020208116620779}
{"cell": "midpoint-b4-L8-initial_repeat-s31415-B", "epoch": 400, "train_mse": 2.748228143900633e-05, "gradient_norm": 1.9926221284549683e-05, "validation_one_step": 2.7947038233833155e-05, "validation_rollout": 0.0008274193969555199, "train_seconds": 1.6488124206662178, "elapsed_seconds": 2.688234329223633}
{"cell": "midpoint-b4-L8-initial_repeat-s31415-B", "epoch": 500, "train_mse": 2.392559326835908e-05, "gradient_norm": 2.249864883197006e-05, "validation_one_step": 2.4492972518904328e-05, "validation_rollout": 0.0007161833927966654, "train_seconds": 2.0632342249155045, "elapsed_seconds": 3.362297125160694}
{"cell": "midpoint-b4-L8-initial_repeat-s31415-B", "epoch": 600, "train_mse": 1.875160523923114e-05, "gradient_norm": 2.5280542104155757e-05, "validation_one_step": 1.933475512790513e-05, "validation_rollout": 0.00055579753825441, "train_seconds": 2.4760347083210945, "elapsed_seconds": 4.032652974128723}
{"cell": "midpoint-b4-L8-initial_repeat-s31415-B", "epoch": 700, "train_mse": 1.214469739352353e-05, "gradient_norm": 0.00015874569362495095, "validation_one_step": 1.265600913787542e-05, "validation_rollout": 0.00035581213887780905, "train_seconds": 2.8879206776618958, "elapsed_seconds": 4.7020492777228355}
{"cell": "midpoint-b4-L8-initial_repeat-s31415-B", "epoch": 800, "train_mse": 5.409498953667935e-06, "gradient_norm": 2.1945557818980888e-05, "validation_one_step": 5.921279144634657e-06, "validation_rollout": 0.00016582490934524685, "train_seconds": 3.3026354238390923, "elapsed_seconds": 5.377764128148556}
{"cell": "midpoint-b4-L8-initial_repeat-s31415-B", "epoch": 900, "train_mse": 1.6299889011861524e-06, "gradient_norm": 1.2965760106453672e-05, "validation_one_step": 1.9230067588675106e-06, "validation_rollout": 5.7296671002404764e-05, "train_seconds": 3.717739664018154, "elapsed_seconds": 6.053565829992294}
{"cell": "midpoint-b4-L8-initial_repeat-s31415-B", "epoch": 1000, "train_mse": 4.5627035660800175e-07, "gradient_norm": 1.8720873413258232e-05, "validation_one_step": 5.559271348450542e-07, "validation_rollout": 1.962852184078656e-05, "train_seconds": 4.132581561803818, "elapsed_seconds": 6.730308458209038}
{"cell": "midpoint-b4-L8-initial_repeat-s31415-B", "epoch": 1100, "train_mse": 1.8677812363421253e-07, "gradient_norm": 2.540924242566689e-06, "validation_one_step": 2.1618069467876921e-07, "validation_rollout": 8.912164958019275e-06, "train_seconds": 4.547713462263346, "elapsed_seconds": 7.4074402414262295}
{"cell": "midpoint-b4-L8-initial_repeat-s31415-B", "epoch": 1200, "train_mse": 9.194691585889814e-08, "gradient_norm": 1.4396200640476309e-06, "validation_one_step": 1.0012499984668466e-07, "validation_rollout": 4.444296791916713e-06, "train_seconds": 4.960847243666649, "elapsed_seconds": 8.08335031569004}
{"cell": "midpoint-b4-L8-initial_repeat-s31415-B", "epoch": 1300, "train_mse": 4.6279776455548927e-08, "gradient_norm": 4.340380655776244e-06, "validation_one_step": 4.9379997572411107e-08, "validation_rollout": 2.2354045086103724e-06, "train_seconds": 5.3733623549342155, "elapsed_seconds": 8.759569767862558}
{"cell": "midpoint-b4-L8-initial_repeat-s31415-B", "epoch": 1400, "train_mse": 2.6119728602225223e-08, "gradient_norm": 1.175498437078204e-05, "validation_one_step": 2.804623940496261e-08, "validation_rollout": 1.2536854683276033e-06, "train_seconds": 5.789584465324879, "elapsed_seconds": 9.437379624694586}
{"cell": "midpoint-b4-L8-initial_repeat-s31415-B", "epoch": 1500, "train_mse": 1.5062404656873696e-08, "gradient_norm": 4.675399054576701e-07, "validation_one_step": 1.4845979260750633e-08, "validation_rollout": 6.901970550643455e-07, "train_seconds": 6.205289367586374, "elapsed_seconds": 10.118564009666443}
{"cell": "midpoint-b4-L8-initial_repeat-s31415-B", "epoch": 1600, "train_mse": 1.0133468286710468e-08, "gradient_norm": 8.353480552614201e-06, "validation_one_step": 2.3503034185523575e-07, "validation_rollout": 6.908490377099952e-06, "train_seconds": 6.6199567951262, "elapsed_seconds": 10.796972401440144}
{"cell": "midpoint-b4-L8-initial_repeat-s31415-B", "epoch": 1700, "train_mse": 7.173484029010524e-09, "gradient_norm": 1.661156716181722e-06, "validation_one_step": 6.489347725846528e-09, "validation_rollout": 2.953296416308149e-07, "train_seconds": 7.034200619906187, "elapsed_seconds": 11.475570905953646}
{"cell": "midpoint-b4-L8-initial_repeat-s31415-B", "epoch": 1800, "train_mse": 5.679559489379926e-09, "gradient_norm": 1.9293733544145653e-07, "validation_one_step": 4.7823456306161916e-09, "validation_rollout": 2.160286811658807e-07, "train_seconds": 7.448679570108652, "elapsed_seconds": 12.157435730099678}
{"cell": "midpoint-b4-L8-initial_repeat-s31415-B", "epoch": 1900, "train_mse": 7.0315158140488165e-09, "gradient_norm": 2.149374267901294e-05, "validation_one_step": 1.5675124013606972e-08, "validation_rollout": 4.4497448925540084e-07, "train_seconds": 7.863066080957651, "elapsed_seconds": 12.836507853120565}
{"cell": "midpoint-b4-L8-initial_repeat-s31415-B", "epoch": 2000, "train_mse": 4.321313529231929e-09, "gradient_norm": 1.2733767107420135e-07, "validation_one_step": 3.4956730473230855e-09, "validation_rollout": 1.5449018064828124e-07, "train_seconds": 8.278582859784365, "elapsed_seconds": 13.518862597644329}
CELL_COMPLETE midpoint-b4-L8-initial_repeat-s31415-B
{"cell": "midpoint-b4-L8-initial_repeat-s271828-A", "epoch": 1, "train_mse": 0.002276875777170062, "gradient_norm": 0.004333410412073135, "validation_one_step": 0.002669005266701182, "validation_rollout": 0.0635150820016861, "train_seconds": 0.0054306648671627045, "elapsed_seconds": 0.03135276213288307}
{"cell": "midpoint-b4-L8-initial_repeat-s271828-A", "epoch": 100, "train_mse": 1.8981478206114843e-05, "gradient_norm": 2.4405035219388083e-05, "validation_one_step": 3.267089065654242e-05, "validation_rollout": 0.0010757028358057141, "train_seconds": 0.4191378131508827, "elapsed_seconds": 0.7050884179770947}
{"cell": "midpoint-b4-L8-initial_repeat-s271828-A", "epoch": 200, "train_mse": 1.8719791114563122e-05, "gradient_norm": 6.4936643866531085e-06, "validation_one_step": 3.1945253491964344e-05, "validation_rollout": 0.0010653670178726315, "train_seconds": 0.8376728072762489, "elapsed_seconds": 1.3832236491143703}
{"cell": "midpoint-b4-L8-initial_repeat-s271828-A", "epoch": 300, "train_mse": 1.83396532520419e-05, "gradient_norm": 6.843763003416825e-06, "validation_one_step": 3.128652588202385e-05, "validation_rollout": 0.0010450935224071145, "train_seconds": 1.2569540701806545, "elapsed_seconds": 2.065527204424143}
{"cell": "midpoint-b4-L8-initial_repeat-s271828-A", "epoch": 400, "train_mse": 1.7806341929826885e-05, "gradient_norm": 7.312285561056342e-06, "validation_one_step": 3.036493293014549e-05, "validation_rollout": 0.0010167912114411592, "train_seconds": 1.6762933358550072, "elapsed_seconds": 2.7481765002012253}
{"cell": "midpoint-b4-L8-initial_repeat-s271828-A", "epoch": 500, "train_mse": 1.7070073226932436e-05, "gradient_norm": 7.902149263827596e-06, "validation_one_step": 2.9093493139953353e-05, "validation_rollout": 0.0009776586666703224, "train_seconds": 2.0957456678152084, "elapsed_seconds": 3.4317024499177933}
{"cell": "midpoint-b4-L8-initial_repeat-s271828-A", "epoch": 600, "train_mse": 1.6044126823544502e-05, "gradient_norm": 8.720456207811367e-06, "validation_one_step": 2.7320746388189338e-05, "validation_rollout": 0.0009221173822879791, "train_seconds": 2.5145416520535946, "elapsed_seconds": 4.115592245012522}
{"cell": "midpoint-b4-L8-initial_repeat-s271828-A", "epoch": 700, "train_mse": 1.453964341635583e-05, "gradient_norm": 1.010969663184369e-05, "validation_one_step": 2.4713988068469916e-05, "validation_rollout": 0.0008367369300685823, "train_seconds": 2.9326412230730057, "elapsed_seconds": 4.7994182370603085}
{"cell": "midpoint-b4-L8-initial_repeat-s271828-A", "epoch": 800, "train_mse": 1.2082265129720327e-05, "gradient_norm": 1.2609270015673246e-05, "validation_one_step": 2.044888591020329e-05, "validation_rollout": 0.0006891755037941039, "train_seconds": 3.350649196654558, "elapsed_seconds": 5.484086140990257}
{"cell": "midpoint-b4-L8-initial_repeat-s271828-A", "epoch": 900, "train_mse": 7.87243880040478e-06, "gradient_norm": 1.545263694424648e-05, "validation_one_step": 1.3196605247382346e-05, "validation_rollout": 0.0004366259672679007, "train_seconds": 3.769930750131607, "elapsed_seconds": 6.170995719730854}
{"cell": "midpoint-b4-L8-initial_repeat-s271828-A", "epoch": 1000, "train_mse": 2.672953542059986e-06, "gradient_norm": 1.3383880286710337e-05, "validation_one_step": 4.416886724811775e-06, "validation_rollout": 0.00014471454778686166, "train_seconds": 4.186754439026117, "elapsed_seconds": 6.8533440344035625}
{"cell": "midpoint-b4-L8-initial_repeat-s271828-A", "epoch": 1100, "train_mse": 2.962484018098621e-07, "gradient_norm": 5.31943578607752e-06, "validation_one_step": 4.91887448106354e-07, "validation_rollout": 1.785266795195639e-05, "train_seconds": 4.604332961142063, "elapsed_seconds": 7.540564589202404}
{"cell": "midpoint-b4-L8-initial_repeat-s271828-A", "epoch": 1200, "train_mse": 3.998863462584268e-08, "gradient_norm": 1.0406262163087376e-06, "validation_one_step": 7.324810979980612e-08, "validation_rollout": 3.012129354829085e-06, "train_seconds": 5.021309155970812, "elapsed_seconds": 8.225054129958153}
{"cell": "midpoint-b4-L8-initial_repeat-s271828-A", "epoch": 1300, "train_mse": 3.127805570102282e-08, "gradient_norm": 2.0478603346418822e-07, "validation_one_step": 5.8339458893404604e-08, "validation_rollout": 2.1112123249622528e-06, "train_seconds": 5.438365776091814, "elapsed_seconds": 8.909838080406189}
{"cell": "midpoint-b4-L8-initial_repeat-s271828-A", "epoch": 1400, "train_mse": 3.065234466248512e-08, "gradient_norm": 1.3536040910366864e-07, "validation_one_step": 5.713916214252398e-08, "validation_rollout": 2.0076354303455446e-06, "train_seconds": 5.854726865887642, "elapsed_seconds": 9.594431314617395}
{"cell": "midpoint-b4-L8-initial_repeat-s271828-A", "epoch": 1500, "train_mse": 3.013963123521535e-08, "gradient_norm": 1.3092719086671423e-07, "validation_one_step": 5.6223753356713736e-08, "validation_rollout": 1.96503174265672e-06, "train_seconds": 6.271743796765804, "elapsed_seconds": 10.280914016067982}
{"cell": "midpoint-b4-L8-initial_repeat-s271828-A", "epoch": 1600, "train_mse": 2.9614069418926192e-08, "gradient_norm": 1.3027228362716414e-07, "validation_one_step": 5.528439158316208e-08, "validation_rollout": 1.927052608152735e-06, "train_seconds": 6.694181501865387, "elapsed_seconds": 10.978390913456678}
{"cell": "midpoint-b4-L8-initial_repeat-s271828-A", "epoch": 1700, "train_mse": 2.9072072749158906e-08, "gradient_norm": 1.2827028683659591e-07, "validation_one_step": 5.431083908528459e-08, "validation_rollout": 1.8883229131461121e-06, "train_seconds": 7.1385957188904285, "elapsed_seconds": 11.73289743065834}
{"cell": "midpoint-b4-L8-initial_repeat-s271828-A", "epoch": 1800, "train_mse": 2.851541047732553e-08, "gradient_norm": 1.2628845524886856e-07, "validation_one_step": 5.330518900355704e-08, "validation_rollout": 1.8484615793568082e-06, "train_seconds": 7.569182816892862, "elapsed_seconds": 12.445111189037561}
{"cell": "midpoint-b4-L8-initial_repeat-s271828-A", "epoch": 1900, "train_mse": 2.7946706282477862e-08, "gradient_norm": 1.216006495496913e-07, "validation_one_step": 5.2269593394290346e-08, "validation_rollout": 1.8078217181027867e-06, "train_seconds": 7.9990604147315025, "elapsed_seconds": 13.155619643628597}
{"cell": "midpoint-b4-L8-initial_repeat-s271828-A", "epoch": 2000, "train_mse": 2.7363160626237004e-08, "gradient_norm": 1.225126453618941e-07, "validation_one_step": 5.1201807238498986e-08, "validation_rollout": 1.7659784816714819e-06, "train_seconds": 8.428344823420048, "elapsed_seconds": 13.869789481163025}
CELL_COMPLETE midpoint-b4-L8-initial_repeat-s271828-A
{"cell": "midpoint-b4-L8-initial_repeat-s271828-B", "epoch": 1, "train_mse": 0.002222624607384205, "gradient_norm": 0.00389142706990242, "validation_one_step": 0.0028776731730128327, "validation_rollout": 0.06828354299068451, "train_seconds": 0.005463689565658569, "elapsed_seconds": 0.034106239676475525}
{"cell": "midpoint-b4-L8-initial_repeat-s271828-B", "epoch": 100, "train_mse": 1.8733549950411543e-05, "gradient_norm": 2.064316868199967e-05, "validation_one_step": 3.244936791209815e-05, "validation_rollout": 0.0010841486509889364, "train_seconds": 0.41410111635923386, "elapsed_seconds": 0.7094246745109558}
{"cell": "midpoint-b4-L8-initial_repeat-s271828-B", "epoch": 200, "train_mse": 1.8395217921352014e-05, "gradient_norm": 6.723232218064368e-06, "validation_one_step": 3.1790878286604617e-05, "validation_rollout": 0.0010738354176282883, "train_seconds": 0.8312142789363861, "elapsed_seconds": 1.3938734494149685}
{"cell": "midpoint-b4-L8-initial_repeat-s271828-B", "epoch": 300, "train_mse": 1.793242699932307e-05, "gradient_norm": 6.8940121309424285e-06, "validation_one_step": 3.106860079545489e-05, "validation_rollout": 0.0010565283009782434, "train_seconds": 1.2494930773973465, "elapsed_seconds": 2.0762082748115063}
{"cell": "midpoint-b4-L8-initial_repeat-s271828-B", "epoch": 400, "train_mse": 1.7359927369398065e-05, "gradient_norm": 7.033389465505024e-06, "validation_one_step": 3.0190312145350617e-05, "validation_rollout": 0.0010354759870097041, "train_seconds": 1.6768791116774082, "elapsed_seconds": 2.763490505516529}
{"cell": "midpoint-b4-L8-initial_repeat-s271828-B", "epoch": 500, "train_mse": 1.6686677554389462e-05, "gradient_norm": 7.231984454847407e-06, "validation_one_step": 2.914327205871814e-05, "validation_rollout": 0.001008071587421, "train_seconds": 2.1015874221920967, "elapsed_seconds": 3.45563917607069}
{"cell": "midpoint-b4-L8-initial_repeat-s271828-B", "epoch": 600, "train_mse": 1.5859312043176033e-05, "gradient_norm": 7.770966476527974e-06, "validation_one_step": 2.7777670311479596e-05, "validation_rollout": 0.0009655739995650947, "train_seconds": 2.5220581479370594, "elapsed_seconds": 4.141943033784628}
{"cell": "midpoint-b4-L8-initial_repeat-s271828-B", "epoch": 700, "train_mse": 1.4694839592266362e-05, "gradient_norm": 8.972282557806466e-06, "validation_one_step": 2.5729031676746672e-05, "validation_rollout": 0.000892559764906764, "train_seconds": 2.938931357115507, "elapsed_seconds": 4.8311590030789375}
{"cell": "midpoint-b4-L8-initial_repeat-s271828-B", "epoch": 800, "train_mse": 1.283597248402657e-05, "gradient_norm": 1.1065635590057354e-05, "validation_one_step": 2.238662697588249e-05, "validation_rollout": 0.0007693381048738956, "train_seconds": 3.3687576428055763, "elapsed_seconds": 5.520800590515137}
{"cell": "midpoint-b4-L8-initial_repeat-s271828-B", "epoch": 900, "train_mse": 9.674518878455274e-06, "gradient_norm": 1.3895180927647743e-05, "validation_one_step": 1.675116065295394e-05, "validation_rollout": 0.0005676784785464406, "train_seconds": 3.793868336826563, "elapsed_seconds": 6.2126892991364}
{"cell": "midpoint-b4-L8-initial_repeat-s271828-B", "epoch": 1000, "train_mse": 4.939457539876457e-06, "gradient_norm": 1.4826639926468488e-05, "validation_one_step": 8.464982746166546e-06, "validation_rollout": 0.000283765111817047, "train_seconds": 4.214172501116991, "elapsed_seconds": 6.901058077812195}
{"cell": "midpoint-b4-L8-initial_repeat-s271828-B", "epoch": 1100, "train_mse": 1.0973623147947364e-06, "gradient_norm": 9.28570079850033e-06, "validation_one_step": 1.8741307267570544e-06, "validation_rollout": 6.578689499292523e-05, "train_seconds": 4.63566530123353, "elapsed_seconds": 7.590820342302322}
{"cell": "midpoint-b4-L8-initial_repeat-s271828-B", "epoch": 1200, "train_mse": 1.2467589272091573e-07, "gradient_norm": 2.8082299650122877e-06, "validation_one_step": 2.1381323733749014e-07, "validation_rollout": 9.614593182050157e-06, "train_seconds": 5.061194825917482, "elapsed_seconds": 8.282780546694994}
{"cell": "midpoint-b4-L8-initial_repeat-s271828-B", "epoch": 1300, "train_mse": 5.0285024144614e-08, "gradient_norm": 6.636595912823395e-07, "validation_one_step": 8.11720664017912e-08, "validation_rollout": 3.918204129149672e-06, "train_seconds": 5.4896803088486195, "elapsed_seconds": 8.978324852883816}
{"cell": "midpoint-b4-L8-initial_repeat-s271828-B", "epoch": 1400, "train_mse": 4.275261034081268e-08, "gradient_norm": 8.700150146978558e-07, "validation_one_step": 6.938363779814456e-08, "validation_rollout": 3.1791985293239122e-06, "train_seconds": 5.926198802888393, "elapsed_seconds": 9.678022287786007}
{"cell": "midpoint-b4-L8-initial_repeat-s271828-B", "epoch": 1500, "train_mse": 3.843121021418483e-08, "gradient_norm": 2.7764465926338744e-07, "validation_one_step": 6.406411164524191e-08, "validation_rollout": 2.780011072900379e-06, "train_seconds": 6.3570337146520615, "elapsed_seconds": 10.374173752963543}
{"cell": "midpoint-b4-L8-initial_repeat-s271828-B", "epoch": 1600, "train_mse": 3.528808178998588e-08, "gradient_norm": 2.812256070683361e-06, "validation_one_step": 6.103818102805765e-08, "validation_rollout": 2.641821765791974e-06, "train_seconds": 6.780265290290117, "elapsed_seconds": 11.062665279954672}
{"cell": "midpoint-b4-L8-initial_repeat-s271828-B", "epoch": 1700, "train_mse": 3.274940851838437e-08, "gradient_norm": 2.3066401411142579e-07, "validation_one_step": 5.7505037176497353e-08, "validation_rollout": 2.3448592401109636e-06, "train_seconds": 7.209760047495365, "elapsed_seconds": 11.758145160973072}
{"cell": "midpoint-b4-L8-initial_repeat-s271828-B", "epoch": 1800, "train_mse": 3.2747770717378444e-08, "gradient_norm": 1.5249298485287e-05, "validation_one_step": 5.549053483377975e-08, "validation_rollout": 2.2047959191695554e-06, "train_seconds": 7.6257395930588245, "elapsed_seconds": 12.438172038644552}
{"cell": "midpoint-b4-L8-initial_repeat-s271828-B", "epoch": 1900, "train_mse": 2.943458454751635e-08, "gradient_norm": 2.72610719775912e-07, "validation_one_step": 5.3587065451665694e-08, "validation_rollout": 2.068068852167926e-06, "train_seconds": 8.041921112686396, "elapsed_seconds": 13.12306148186326}
{"cell": "midpoint-b4-L8-initial_repeat-s271828-B", "epoch": 2000, "train_mse": 7.928254319722328e-08, "gradient_norm": 8.070710464380682e-05, "validation_one_step": 1.5048635641316346e-07, "validation_rollout": 4.05784430768108e-06, "train_seconds": 8.457200236618519, "elapsed_seconds": 13.805070087313652}
CELL_COMPLETE midpoint-b4-L8-initial_repeat-s271828-B
{"cell": "midpoint-b4-L8-initial_repeat-s161803-A", "epoch": 1, "train_mse": 0.002502861898392439, "gradient_norm": 0.003233159426599741, "validation_one_step": 0.003699202226319661, "validation_rollout": 0.08373485505580902, "train_seconds": 0.005401581525802612, "elapsed_seconds": 0.031391095370054245}
{"cell": "midpoint-b4-L8-initial_repeat-s161803-A", "epoch": 100, "train_mse": 1.5340736354119144e-05, "gradient_norm": 7.091607130860211e-06, "validation_one_step": 3.167191880493192e-05, "validation_rollout": 0.0012286005076020956, "train_seconds": 0.41788018122315407, "elapsed_seconds": 0.7048128210008144}
{"cell": "midpoint-b4-L8-initial_repeat-s161803-A", "epoch": 200, "train_mse": 1.504872943769442e-05, "gradient_norm": 7.201912012533285e-06, "validation_one_step": 3.063659702699321e-05, "validation_rollout": 0.0011864551343023777, "train_seconds": 0.8370876908302307, "elapsed_seconds": 1.3816683404147625}
{"cell": "midpoint-b4-L8-initial_repeat-s161803-A", "epoch": 300, "train_mse": 1.4650997400167398e-05, "gradient_norm": 7.583607384731295e-06, "validation_one_step": 2.968277431136812e-05, "validation_rollout": 0.0011530641932040453, "train_seconds": 1.2560016997158527, "elapsed_seconds": 2.058790534734726}
{"cell": "midpoint-b4-L8-initial_repeat-s161803-A", "epoch": 400, "train_mse": 1.413120116922073e-05, "gradient_norm": 8.060452273639385e-06, "validation_one_step": 2.849343142467357e-05, "validation_rollout": 0.0011083458084613085, "train_seconds": 1.674589205533266, "elapsed_seconds": 2.7393403872847557}
{"cell": "midpoint-b4-L8-initial_repeat-s161803-A", "epoch": 500, "train_mse": 1.3447609489958268e-05, "gradient_norm": 8.687245099281427e-06, "validation_one_step": 2.6997345533648815e-05, "validation_rollout": 0.0010482321958988905, "train_seconds": 2.092558778822422, "elapsed_seconds": 3.4202555418014526}
{"cell": "midpoint-b4-L8-initial_repeat-s161803-A", "epoch": 600, "train_mse": 1.2537318070826586e-05, "gradient_norm": 9.473576938034967e-06, "validation_one_step": 2.507038076752603e-05, "validation_rollout": 0.0009677118505351245, "train_seconds": 2.511745858937502, "elapsed_seconds": 4.103382457047701}
{"cell": "midpoint-b4-L8-initial_repeat-s161803-A", "epoch": 700, "train_mse": 1.1319523764541373e-05, "gradient_norm": 1.0386996109446045e-05, "validation_one_step": 2.254153234086213e-05, "validation_rollout": 0.0008613531244918704, "train_seconds": 2.931691460311413, "elapsed_seconds": 4.792459528893232}
{"cell": "midpoint-b4-L8-initial_repeat-s161803-A", "epoch": 800, "train_mse": 9.700347618490923e-06, "gradient_norm": 1.1337792784615885e-05, "validation_one_step": 1.9216002177320963e-05, "validation_rollout": 0.0007238051621243358, "train_seconds": 3.352609008550644, "elapsed_seconds": 5.47955035418272}
{"cell": "midpoint-b4-L8-initial_repeat-s161803-A", "epoch": 900, "train_mse": 7.5973071034241e-06, "gradient_norm": 1.2120017345296219e-05, "validation_one_step": 1.4942272400730872e-05, "validation_rollout": 0.0005520409322343767, "train_seconds": 3.7717180885374546, "elapsed_seconds": 6.165078550577164}
{"cell": "midpoint-b4-L8-initial_repeat-s161803-A", "epoch": 1000, "train_mse": 5.0439552978787106e-06, "gradient_norm": 1.2463037819543388e-05, "validation_one_step": 9.824948657903102e-06, "validation_rollout": 0.0003538067394401878, "train_seconds": 4.190923623740673, "elapsed_seconds": 6.854786407202482}
{"cell": "midpoint-b4-L8-initial_repeat-s161803-A", "epoch": 1100, "train_mse": 2.47023467636609e-06, "gradient_norm": 1.126542792917462e-05, "validation_one_step": 4.757070731405595e-06, "validation_rollout": 0.0001663862494751811, "train_seconds": 4.609615568071604, "elapsed_seconds": 7.541265469044447}
{"cell": "midpoint-b4-L8-initial_repeat-s161803-A", "epoch": 1200, "train_mse": 1.5826881281100214e-06, "gradient_norm": 0.0003263863909523934, "validation_one_step": 3.383915327503928e-06, "validation_rollout": 0.00010665069567039609, "train_seconds": 5.0283076502382755, "elapsed_seconds": 8.227835461497307}
{"cell": "midpoint-b4-L8-initial_repeat-s161803-A", "epoch": 1300, "train_mse": 1.223015715368092e-07, "gradient_norm": 3.337105454193079e-06, "validation_one_step": 2.376875916828188e-07, "validation_rollout": 8.071016964095179e-06, "train_seconds": 5.447864815592766, "elapsed_seconds": 8.917001739144325}
{"cell": "midpoint-b4-L8-initial_repeat-s161803-A", "epoch": 1400, "train_mse": 1.4568791506519574e-08, "gradient_norm": 1.018784587358823e-06, "validation_one_step": 2.9194307490006583e-08, "validation_rollout": 1.0020296485890867e-06, "train_seconds": 5.875069156289101, "elapsed_seconds": 9.61514586955309}
{"cell": "midpoint-b4-L8-initial_repeat-s161803-A", "epoch": 1500, "train_mse": 3.980024754213218e-09, "gradient_norm": 2.864369719191018e-07, "validation_one_step": 6.698909797246226e-09, "validation_rollout": 2.1040244746473036e-07, "train_seconds": 6.295608546584845, "elapsed_seconds": 10.306487567722797}
{"cell": "midpoint-b4-L8-initial_repeat-s161803-A", "epoch": 1600, "train_mse": 3.3235583174473504e-09, "gradient_norm": 9.318876550423738e-07, "validation_one_step": 5.639714103130207e-09, "validation_rollout": 1.8201541251983144e-07, "train_seconds": 6.714938368648291, "elapsed_seconds": 10.993291042745113}
{"cell": "midpoint-b4-L8-initial_repeat-s161803-A", "epoch": 1700, "train_mse": 3.216420907392603e-09, "gradient_norm": 4.322181723637186e-08, "validation_one_step": 4.322307252853837e-09, "validation_rollout": 1.1524888066105632e-07, "train_seconds": 7.133665952831507, "elapsed_seconds": 11.684687852859497}
{"cell": "midpoint-b4-L8-initial_repeat-s161803-A", "epoch": 1800, "train_mse": 2.8408072338947932e-08, "gradient_norm": 5.7840774388751015e-05, "validation_one_step": 4.307707568429464e-08, "validation_rollout": 1.2499078820837894e-06, "train_seconds": 7.556874435395002, "elapsed_seconds": 12.37878631055355}
{"cell": "midpoint-b4-L8-initial_repeat-s161803-A", "epoch": 1900, "train_mse": 3.2111471259810287e-09, "gradient_norm": 1.3214779528425424e-06, "validation_one_step": 4.3121137031458074e-09, "validation_rollout": 1.1203724881170274e-07, "train_seconds": 7.9783606082201, "elapsed_seconds": 13.068993881344795}
{"cell": "midpoint-b4-L8-initial_repeat-s161803-A", "epoch": 2000, "train_mse": 3.168119544483261e-09, "gradient_norm": 2.735349191596015e-08, "validation_one_step": 4.169529462435169e-09, "validation_rollout": 1.0854032694851412e-07, "train_seconds": 8.39730691537261, "elapsed_seconds": 13.7607043646276}
CELL_COMPLETE midpoint-b4-L8-initial_repeat-s161803-A
{"cell": "midpoint-b4-L8-initial_repeat-s161803-B", "epoch": 1, "train_mse": 0.0025060120970010757, "gradient_norm": 0.003529239445924759, "validation_one_step": 0.0036517902626655996, "validation_rollout": 0.08267898857593536, "train_seconds": 0.005479343235492706, "elapsed_seconds": 0.0307084321975708}
{"cell": "midpoint-b4-L8-initial_repeat-s161803-B", "epoch": 100, "train_mse": 1.5141068615776021e-05, "gradient_norm": 1.7557931641931646e-05, "validation_one_step": 3.151699108154086e-05, "validation_rollout": 0.001212752889841795, "train_seconds": 0.4143778309226036, "elapsed_seconds": 0.6923149637877941}
{"cell": "midpoint-b4-L8-initial_repeat-s161803-B", "epoch": 200, "train_mse": 1.4753402865608223e-05, "gradient_norm": 7.63872048992198e-06, "validation_one_step": 3.083045976381982e-05, "validation_rollout": 0.0011912151239812374, "train_seconds": 0.8283288106322289, "elapsed_seconds": 1.3564412593841553}
{"cell": "midpoint-b4-L8-initial_repeat-s161803-B", "epoch": 300, "train_mse": 1.4286466466728598e-05, "gradient_norm": 7.995347914402373e-06, "validation_one_step": 2.974305736339981e-05, "validation_rollout": 0.001152333221398294, "train_seconds": 1.241538144648075, "elapsed_seconds": 2.0228673182427883}
{"cell": "midpoint-b4-L8-initial_repeat-s161803-B", "epoch": 400, "train_mse": 1.3674400179297663e-05, "gradient_norm": 8.482925295538735e-06, "validation_one_step": 2.84390691073592e-05, "validation_rollout": 0.0011017872020602226, "train_seconds": 1.6614455841481686, "elapsed_seconds": 2.6979964450001717}
{"cell": "midpoint-b4-L8-initial_repeat-s161803-B", "epoch": 500, "train_mse": 1.2864446034654975e-05, "gradient_norm": 9.149462130153552e-06, "validation_one_step": 2.6841412894403522e-05, "validation_rollout": 0.0010352869285270572, "train_seconds": 2.074127409607172, "elapsed_seconds": 3.366172641515732}
{"cell": "midpoint-b4-L8-initial_repeat-s161803-B", "epoch": 600, "train_mse": 1.1785519745899364e-05, "gradient_norm": 9.966789548343513e-06, "validation_one_step": 2.4813864153353887e-05, "validation_rollout": 0.0009480789303779602, "train_seconds": 2.486275777220726, "elapsed_seconds": 4.034152500331402}
{"cell": "midpoint-b4-L8-initial_repeat-s161803-B", "epoch": 700, "train_mse": 1.035995865095174e-05, "gradient_norm": 1.0843899872270413e-05, "validation_one_step": 2.2177854892409716e-05, "validation_rollout": 0.0008354741148650646, "train_seconds": 2.900421593338251, "elapsed_seconds": 4.706940125674009}
{"cell": "midpoint-b4-L8-initial_repeat-s161803-B", "epoch": 800, "train_mse": 8.526425517629832e-06, "gradient_norm": 1.158890336228069e-05, "validation_one_step": 1.877126821151857e-05, "validation_rollout": 0.0006940800230950117, "train_seconds": 3.313418660312891, "elapsed_seconds": 5.377845678478479}
{"cell": "midpoint-b4-L8-initial_repeat-s161803-B", "epoch": 900, "train_mse": 6.3134093579719774e-06, "gradient_norm": 1.182428422907833e-05, "validation_one_step": 1.4564035723196866e-05, "validation_rollout": 0.0005259470199234784, "train_seconds": 3.726103439927101, "elapsed_seconds": 6.049838960170746}
{"cell": "midpoint-b4-L8-initial_repeat-s161803-B", "epoch": 1000, "train_mse": 4.139092652621912e-06, "gradient_norm": 0.00016082012734841555, "validation_one_step": 1.0499676667071375e-05, "validation_rollout": 0.0003550628898665309, "train_seconds": 4.139075104147196, "elapsed_seconds": 6.722727499902248}
{"cell": "midpoint-b4-L8-initial_repeat-s161803-B", "epoch": 1100, "train_mse": 2.049105205514934e-06, "gradient_norm": 8.712489034223836e-06, "validation_one_step": 5.571492314023392e-06, "validation_rollout": 0.0001902093063108623, "train_seconds": 4.553198926150799, "elapsed_seconds": 7.398078851401806}
{"cell": "midpoint-b4-L8-initial_repeat-s161803-B", "epoch": 1200, "train_mse": 9.343691544927424e-07, "gradient_norm": 8.625053305877373e-05, "validation_one_step": 2.5996901816445947e-06, "validation_rollout": 8.799106581136584e-05, "train_seconds": 4.967141944915056, "elapsed_seconds": 8.072665624320507}
{"cell": "midpoint-b4-L8-initial_repeat-s161803-B", "epoch": 1300, "train_mse": 3.703392508214165e-07, "gradient_norm": 3.4650629459065385e-06, "validation_one_step": 1.1282608625151624e-06, "validation_rollout": 3.730403113877401e-05, "train_seconds": 5.382369689643383, "elapsed_seconds": 8.749292973428965}
{"cell": "midpoint-b4-L8-initial_repeat-s161803-B", "epoch": 1400, "train_mse": 1.5222695992633817e-07, "gradient_norm": 1.8696916868066182e-06, "validation_one_step": 4.621284593516369e-07, "validation_rollout": 1.5395196896861307e-05, "train_seconds": 5.7938954047858715, "elapsed_seconds": 9.422983512282372}
{"cell": "midpoint-b4-L8-initial_repeat-s161803-B", "epoch": 1500, "train_mse": 6.79001459502615e-08, "gradient_norm": 8.413610885327216e-06, "validation_one_step": 2.21475974152933e-07, "validation_rollout": 7.249625923577696e-06, "train_seconds": 6.206679716706276, "elapsed_seconds": 10.097554605454206}
{"cell": "midpoint-b4-L8-initial_repeat-s161803-B", "epoch": 1600, "train_mse": 3.2525392157367605e-08, "gradient_norm": 7.308195222321956e-07, "validation_one_step": 9.907251670900526e-08, "validation_rollout": 3.4653128295758506e-06, "train_seconds": 6.6191638968884945, "elapsed_seconds": 10.773852501064539}
{"cell": "midpoint-b4-L8-initial_repeat-s161803-B", "epoch": 1700, "train_mse": 1.6911739564307027e-08, "gradient_norm": 4.614394981672376e-07, "validation_one_step": 5.213717813035146e-08, "validation_rollout": 1.8714463294600137e-06, "train_seconds": 7.031613457947969, "elapsed_seconds": 11.450144320726395}
{"cell": "midpoint-b4-L8-initial_repeat-s161803-B", "epoch": 1800, "train_mse": 1.0358435886814732e-08, "gradient_norm": 2.411842615401838e-06, "validation_one_step": 3.183054235004571e-08, "validation_rollout": 1.144101361205685e-06, "train_seconds": 7.447344891726971, "elapsed_seconds": 12.129897106438875}
{"cell": "midpoint-b4-L8-initial_repeat-s161803-B", "epoch": 1900, "train_mse": 8.201020307296858e-09, "gradient_norm": 2.5616386665205937e-06, "validation_one_step": 2.4663949993453116e-08, "validation_rollout": 8.929756063480454e-07, "train_seconds": 7.858995076268911, "elapsed_seconds": 12.803600803017616}
{"cell": "midpoint-b4-L8-initial_repeat-s161803-B", "epoch": 2000, "train_mse": 7.094369536275735e-09, "gradient_norm": 1.2706563268238824e-07, "validation_one_step": 1.9500216848674274e-08, "validation_rollout": 7.002811344136717e-07, "train_seconds": 8.274125806987286, "elapsed_seconds": 13.484256811439991}
CELL_COMPLETE midpoint-b4-L8-initial_repeat-s161803-B
STAGE_COMPLETE long-L8
