STAGE_START smoke-r2
/data/semigroup-h20-20260908/code-ec8ec77/experiments/run_generator_coverage.py:216: UserWarning: Converting a tensor with requires_grad=True to a scalar may lead to unexpected behavior.
Consider using tensor.detach() first. (Triggered internally at /pytorch/torch/csrc/autograd/generated/python_variable_methods.cpp:836.)
  row = {"epoch": epoch, "train_mse": float(loss), "gradient_norm": gradient_norm,
{"cell": "euler-b4-L4-initial-s31415-A", "epoch": 1, "train_mse": 0.005743112415075302, "gradient_norm": 0.008221050724387169, "validation_one_step": 0.003961331346848358, "validation_rollout": 0.0931166261434555, "train_seconds": 0.39367033913731575, "elapsed_seconds": 0.4343383200466633}
{"cell": "euler-b4-L4-initial-s31415-A", "epoch": 2, "train_mse": 0.005316419526934624, "gradient_norm": 0.007089325226843357, "validation_one_step": 0.003925615611175696, "validation_rollout": 0.09310675412416458, "train_seconds": 0.4005882330238819, "elapsed_seconds": 0.47552981972694397}
CELL_COMPLETE euler-b4-L4-initial-s31415-A
{"cell": "euler-b4-L4-initial-s31415-B", "epoch": 1, "train_mse": 0.007240286562591791, "gradient_norm": 0.018348490819334984, "validation_one_step": 0.003699057250438879, "validation_rollout": 0.08705552667379379, "train_seconds": 0.005597289651632309, "elapsed_seconds": 0.03895055502653122}
{"cell": "euler-b4-L4-initial-s31415-B", "epoch": 2, "train_mse": 0.006346123293042183, "gradient_norm": 0.013608666136860847, "validation_one_step": 0.003751952104115238, "validation_rollout": 0.08903415501117706, "train_seconds": 0.010825276374816895, "elapsed_seconds": 0.07649941742420197}
CELL_COMPLETE euler-b4-L4-initial-s31415-B
{"cell": "euler-b4-L4-teacher-s31415-A", "epoch": 1, "train_mse": 0.011452838778495789, "gradient_norm": 0.031798720359802246, "validation_one_step": 0.003961331017004947, "validation_rollout": 0.0931166484951973, "train_seconds": 0.005633033812046051, "elapsed_seconds": 0.04091067612171173}
{"cell": "euler-b4-L4-teacher-s31415-A", "epoch": 2, "train_mse": 0.010115599259734154, "gradient_norm": 0.02856595627963543, "validation_one_step": 0.003930090538536509, "validation_rollout": 0.09321115911006927, "train_seconds": 0.010887082666158676, "elapsed_seconds": 0.07983702793717384}
CELL_COMPLETE euler-b4-L4-teacher-s31415-A
{"cell": "euler-b4-L4-teacher-s31415-B", "epoch": 1, "train_mse": 0.01704218238592148, "gradient_norm": 0.05796392634510994, "validation_one_step": 0.0037147984451924763, "validation_rollout": 0.08738987147808075, "train_seconds": 0.005683470517396927, "elapsed_seconds": 0.038297828286886215}
{"cell": "euler-b4-L4-teacher-s31415-B", "epoch": 2, "train_mse": 0.014115585945546627, "gradient_norm": 0.04832961782813072, "validation_one_step": 0.0038570292138804993, "validation_rollout": 0.09119939804077148, "train_seconds": 0.010754022747278214, "elapsed_seconds": 0.07558911293745041}
CELL_COMPLETE euler-b4-L4-teacher-s31415-B
{"cell": "euler-b4-L4-detached-s31415-A", "epoch": 1, "train_mse": 0.055947016924619675, "gradient_norm": 0.06460807472467422, "validation_one_step": 0.0039613300856823725, "validation_rollout": 0.0931166410446167, "train_seconds": 0.0432179719209671, "elapsed_seconds": 0.07655342668294907}
{"cell": "euler-b4-L4-detached-s31415-A", "epoch": 2, "train_mse": 0.04953952506184578, "gradient_norm": 0.057241860777139664, "validation_one_step": 0.003930082389463981, "validation_rollout": 0.09321050345897675, "train_seconds": 0.06046215444803238, "elapsed_seconds": 0.12710405141115189}
CELL_COMPLETE euler-b4-L4-detached-s31415-A
{"cell": "euler-b4-L4-detached-s31415-B", "epoch": 1, "train_mse": 0.09002748131752014, "gradient_norm": 0.13055138289928436, "validation_one_step": 0.0037373495482218764, "validation_rollout": 0.08785973489284515, "train_seconds": 0.017699260264635086, "elapsed_seconds": 0.05047526955604553}
{"cell": "euler-b4-L4-detached-s31415-B", "epoch": 2, "train_mse": 0.0720895305275917, "gradient_norm": 0.10614893585443497, "validation_one_step": 0.003896411469516655, "validation_rollout": 0.09200314432382584, "train_seconds": 0.03496259078383446, "elapsed_seconds": 0.1001368947327137}
CELL_COMPLETE euler-b4-L4-detached-s31415-B
{"cell": "euler-b4-L4-unroll-s31415-A", "epoch": 1, "train_mse": 0.055947016924619675, "gradient_norm": 0.17251189053058624, "validation_one_step": 0.003961329134957244, "validation_rollout": 0.0931166261434555, "train_seconds": 0.01813041791319847, "elapsed_seconds": 0.0513397641479969}
{"cell": "euler-b4-L4-unroll-s31415-A", "epoch": 2, "train_mse": 0.04953952506184578, "gradient_norm": 0.15160973370075226, "validation_one_step": 0.003930087317712605, "validation_rollout": 0.09321030974388123, "train_seconds": 0.035962145775556564, "elapsed_seconds": 0.10259842872619629}
CELL_COMPLETE euler-b4-L4-unroll-s31415-A
{"cell": "euler-b4-L4-unroll-s31415-B", "epoch": 1, "train_mse": 0.09002748131752014, "gradient_norm": 0.36524003744125366, "validation_one_step": 0.0037373510810236135, "validation_rollout": 0.08785973489284515, "train_seconds": 0.01828358694911003, "elapsed_seconds": 0.05108369514346123}
{"cell": "euler-b4-L4-unroll-s31415-B", "epoch": 2, "train_mse": 0.0720895305275917, "gradient_norm": 0.29279255867004395, "validation_one_step": 0.003896308441956838, "validation_rollout": 0.09200011193752289, "train_seconds": 0.036002859473228455, "elapsed_seconds": 0.1011587604880333}
CELL_COMPLETE euler-b4-L4-unroll-s31415-B
{"cell": "euler-b4-L4-initial_repeat-s31415-A", "epoch": 1, "train_mse": 0.008131075650453568, "gradient_norm": 0.026796167716383934, "validation_one_step": 0.003961331715496878, "validation_rollout": 0.0931166484951973, "train_seconds": 0.005633410066366196, "elapsed_seconds": 0.038883060216903687}
{"cell": "euler-b4-L4-initial_repeat-s31415-A", "epoch": 2, "train_mse": 0.007100519724190235, "gradient_norm": 0.023666316643357277, "validation_one_step": 0.003930238075554371, "validation_rollout": 0.09321362525224686, "train_seconds": 0.010752122849225998, "elapsed_seconds": 0.0771494098007679}
CELL_COMPLETE euler-b4-L4-initial_repeat-s31415-A
{"cell": "euler-b4-L4-initial_repeat-s31415-B", "epoch": 1, "train_mse": 0.013199437409639359, "gradient_norm": 0.05337108299136162, "validation_one_step": 0.0037373510228159526, "validation_rollout": 0.08785973489284515, "train_seconds": 0.0056420862674713135, "elapsed_seconds": 0.03825372830033302}
{"cell": "euler-b4-L4-initial_repeat-s31415-B", "epoch": 2, "train_mse": 0.010542215779423714, "gradient_norm": 0.04345499724149704, "validation_one_step": 0.0038965337832147875, "validation_rollout": 0.09200550615787506, "train_seconds": 0.010688237845897675, "elapsed_seconds": 0.0756419412791729}
CELL_COMPLETE euler-b4-L4-initial_repeat-s31415-B
{"cell": "euler-b4-L4-oracle-s31415-A", "epoch": 1, "train_mse": 0.6164681315422058, "gradient_norm": 0.8597215414047241, "validation_one_step": 0.0038050273045276604, "validation_rollout": 0.08942222595214844, "train_seconds": 0.0019223615527153015, "elapsed_seconds": 0.03508147597312927}
{"cell": "euler-b4-L4-oracle-s31415-A", "epoch": 2, "train_mse": 0.5736996531486511, "gradient_norm": 0.8282241225242615, "validation_one_step": 0.003707724312941233, "validation_rollout": 0.08790942281484604, "train_seconds": 0.003297913819551468, "elapsed_seconds": 0.0697338730096817}
CELL_COMPLETE euler-b4-L4-oracle-s31415-A
{"cell": "euler-b4-L4-oracle-s31415-B", "epoch": 1, "train_mse": 0.6301618218421936, "gradient_norm": 0.8603544235229492, "validation_one_step": 0.003559502074494958, "validation_rollout": 0.08383972942829132, "train_seconds": 0.0017708130180835724, "elapsed_seconds": 0.034265633672475815}
{"cell": "euler-b4-L4-oracle-s31415-B", "epoch": 2, "train_mse": 0.5820932388305664, "gradient_norm": 0.8147469758987427, "validation_one_step": 0.0034097105575104556, "validation_rollout": 0.08152170479297638, "train_seconds": 0.003135044127702713, "elapsed_seconds": 0.06873784586787224}
CELL_COMPLETE euler-b4-L4-oracle-s31415-B
{"cell": "midpoint-b4-L4-initial-s31415-A", "epoch": 1, "train_mse": 0.005663425661623478, "gradient_norm": 0.007966477423906326, "validation_one_step": 0.003950260463170707, "validation_rollout": 0.09299135208129883, "train_seconds": 0.004671670496463776, "elapsed_seconds": 0.029944520443677902}
{"cell": "midpoint-b4-L4-initial-s31415-A", "epoch": 2, "train_mse": 0.0052503012120723724, "gradient_norm": 0.006865913514047861, "validation_one_step": 0.003916134553340574, "validation_rollout": 0.09300203621387482, "train_seconds": 0.008734378963708878, "elapsed_seconds": 0.05918020382523537}
CELL_COMPLETE midpoint-b4-L4-initial-s31415-A
{"cell": "midpoint-b4-L4-initial-s31415-B", "epoch": 1, "train_mse": 0.00713135302066803, "gradient_norm": 0.01799328438937664, "validation_one_step": 0.0036897488947336874, "validation_rollout": 0.08696170151233673, "train_seconds": 0.004679784178733826, "elapsed_seconds": 0.029287729412317276}
{"cell": "midpoint-b4-L4-initial-s31415-B", "epoch": 2, "train_mse": 0.006255893036723137, "gradient_norm": 0.01331881433725357, "validation_one_step": 0.003745615443525215, "validation_rollout": 0.08898801356554031, "train_seconds": 0.008642815053462982, "elapsed_seconds": 0.057496510446071625}
CELL_COMPLETE midpoint-b4-L4-initial-s31415-B
{"cell": "midpoint-b4-L4-teacher-s31415-A", "epoch": 1, "train_mse": 0.011172079481184483, "gradient_norm": 0.030564602464437485, "validation_one_step": 0.003950262403426071, "validation_rollout": 0.09299137443304062, "train_seconds": 0.004752345383167267, "elapsed_seconds": 0.0299086757004261}
{"cell": "midpoint-b4-L4-teacher-s31415-A", "epoch": 2, "train_mse": 0.009891431778669357, "gradient_norm": 0.027462080121040344, "validation_one_step": 0.003920647917160143, "validation_rollout": 0.09310793876647949, "train_seconds": 0.008844465017318726, "elapsed_seconds": 0.05923645198345184}
CELL_COMPLETE midpoint-b4-L4-teacher-s31415-A
{"cell": "midpoint-b4-L4-teacher-s31415-B", "epoch": 1, "train_mse": 0.016580600291490555, "gradient_norm": 0.05617930367588997, "validation_one_step": 0.003705269715283066, "validation_rollout": 0.08729296922683716, "train_seconds": 0.00469927117228508, "elapsed_seconds": 0.029315177351236343}
{"cell": "midpoint-b4-L4-teacher-s31415-B", "epoch": 2, "train_mse": 0.013749714940786362, "gradient_norm": 0.04675745218992233, "validation_one_step": 0.003850809298455715, "validation_rollout": 0.09116698801517487, "train_seconds": 0.008771784603595734, "elapsed_seconds": 0.05778832361102104}
CELL_COMPLETE midpoint-b4-L4-teacher-s31415-B
{"cell": "midpoint-b4-L4-detached-s31415-A", "epoch": 1, "train_mse": 0.0556267648935318, "gradient_norm": 0.06355375051498413, "validation_one_step": 0.003950262092985213, "validation_rollout": 0.09299138188362122, "train_seconds": 0.014030005782842636, "elapsed_seconds": 0.03941263630986214}
{"cell": "midpoint-b4-L4-detached-s31415-A", "epoch": 2, "train_mse": 0.04931556433439255, "gradient_norm": 0.05628412216901779, "validation_one_step": 0.003920646112722655, "validation_rollout": 0.09310741722583771, "train_seconds": 0.027630869299173355, "elapsed_seconds": 0.0783471167087555}
CELL_COMPLETE midpoint-b4-L4-detached-s31415-A
{"cell": "midpoint-b4-L4-detached-s31415-B", "epoch": 1, "train_mse": 0.0893552377820015, "gradient_norm": 0.1291694939136505, "validation_one_step": 0.003727494564373046, "validation_rollout": 0.08775851130485535, "train_seconds": 0.014099907130002975, "elapsed_seconds": 0.038859929889440536}
{"cell": "midpoint-b4-L4-detached-s31415-B", "epoch": 2, "train_mse": 0.07159461826086044, "gradient_norm": 0.10485665500164032, "validation_one_step": 0.0038852211631213627, "validation_rollout": 0.09187403321266174, "train_seconds": 0.0276387520134449, "elapsed_seconds": 0.07686798647046089}
CELL_COMPLETE midpoint-b4-L4-detached-s31415-B
{"cell": "midpoint-b4-L4-unroll-s31415-A", "epoch": 1, "train_mse": 0.0556267648935318, "gradient_norm": 0.17018070816993713, "validation_one_step": 0.0039502604243656, "validation_rollout": 0.09299136698246002, "train_seconds": 0.014619562774896622, "elapsed_seconds": 0.039982348680496216}
{"cell": "midpoint-b4-L4-unroll-s31415-A", "epoch": 2, "train_mse": 0.049315568059682846, "gradient_norm": 0.14951831102371216, "validation_one_step": 0.003920647276875873, "validation_rollout": 0.09310714900493622, "train_seconds": 0.028783511370420456, "elapsed_seconds": 0.07958022877573967}
CELL_COMPLETE midpoint-b4-L4-unroll-s31415-A
{"cell": "midpoint-b4-L4-unroll-s31415-B", "epoch": 1, "train_mse": 0.0893552377820015, "gradient_norm": 0.3620181977748871, "validation_one_step": 0.003727494001698991, "validation_rollout": 0.08775851875543594, "train_seconds": 0.014630336314439774, "elapsed_seconds": 0.03939923271536827}
{"cell": "midpoint-b4-L4-unroll-s31415-B", "epoch": 2, "train_mse": 0.07159461826086044, "gradient_norm": 0.28986939787864685, "validation_one_step": 0.003885119939999034, "validation_rollout": 0.09187108278274536, "train_seconds": 0.028636176139116287, "elapsed_seconds": 0.07792488113045692}
CELL_COMPLETE midpoint-b4-L4-unroll-s31415-B
{"cell": "midpoint-b4-L4-initial_repeat-s31415-A", "epoch": 1, "train_mse": 0.008028566837310791, "gradient_norm": 0.026173017919063568, "validation_one_step": 0.003950262500438839, "validation_rollout": 0.09299138933420181, "train_seconds": 0.0047364309430122375, "elapsed_seconds": 0.03011709824204445}
{"cell": "midpoint-b4-L4-initial_repeat-s31415-A", "epoch": 2, "train_mse": 0.007024988532066345, "gradient_norm": 0.023123672232031822, "validation_one_step": 0.003920796424305688, "validation_rollout": 0.09311045706272125, "train_seconds": 0.008860606700181961, "elapsed_seconds": 0.05946344509720802}
CELL_COMPLETE midpoint-b4-L4-initial_repeat-s31415-A
{"cell": "midpoint-b4-L4-initial_repeat-s31415-B", "epoch": 1, "train_mse": 0.01299954205751419, "gradient_norm": 0.052418410778045654, "validation_one_step": 0.0037274937300632396, "validation_rollout": 0.08775851875543594, "train_seconds": 0.00477181002497673, "elapsed_seconds": 0.02946525067090988}
{"cell": "midpoint-b4-L4-initial_repeat-s31415-B", "epoch": 2, "train_mse": 0.010393032804131508, "gradient_norm": 0.04262607544660568, "validation_one_step": 0.0038854116573929787, "validation_rollout": 0.09187780320644379, "train_seconds": 0.008825220167636871, "elapsed_seconds": 0.05798221006989479}
CELL_COMPLETE midpoint-b4-L4-initial_repeat-s31415-B
{"cell": "midpoint-b4-L4-oracle-s31415-A", "epoch": 1, "train_mse": 0.6164681315422058, "gradient_norm": 0.8597215414047241, "validation_one_step": 0.0037952863882916668, "validation_rollout": 0.08931229263544083, "train_seconds": 0.0018493607640266418, "elapsed_seconds": 0.027134187519550323}
{"cell": "midpoint-b4-L4-oracle-s31415-A", "epoch": 2, "train_mse": 0.5736996531486511, "gradient_norm": 0.8282241225242615, "validation_one_step": 0.0036999263102188706, "validation_rollout": 0.08782144635915756, "train_seconds": 0.0031707026064395905, "elapsed_seconds": 0.05392718315124512}
CELL_COMPLETE midpoint-b4-L4-oracle-s31415-A
{"cell": "midpoint-b4-L4-oracle-s31415-B", "epoch": 1, "train_mse": 0.6301618218421936, "gradient_norm": 0.8603544235229492, "validation_one_step": 0.0035521222356085977, "validation_rollout": 0.08377892524003983, "train_seconds": 0.0018619000911712646, "elapsed_seconds": 0.02653134986758232}
{"cell": "midpoint-b4-L4-oracle-s31415-B", "epoch": 2, "train_mse": 0.5820932388305664, "gradient_norm": 0.8147469758987427, "validation_one_step": 0.003404478852947553, "validation_rollout": 0.08147455751895905, "train_seconds": 0.0031733810901641846, "elapsed_seconds": 0.05262647941708565}
CELL_COMPLETE midpoint-b4-L4-oracle-s31415-B
STAGE_COMPLETE smoke-r2
STAGE_START legacy-diagnosis
s161803-n128-k4-A best 0.008348276611546282
s161803-n128-k4-A final 0.0072261672299811066
s161803-n128-k4-B best 0.008183939910964524
s161803-n128-k4-B final 0.00730559883643771
s271828-n128-k4-A best 0.009167148694347068
s271828-n128-k4-A final 0.008271856974862506
s271828-n128-k4-B best 0.009337951906706055
s271828-n128-k4-B final 0.008396986243442064
s31415-n128-k4-A best 0.007978341270734029
s31415-n128-k4-A final 0.006770702387719925
s31415-n128-k4-B best 0.007730256415238935
s31415-n128-k4-B final 0.006583679841241822
STAGE_COMPLETE legacy-diagnosis
STAGE_START wave1-euler
{"cell": "euler-b4-L4-initial-s31415-A", "epoch": 1, "train_mse": 0.004827349912375212, "gradient_norm": 0.005051170010119677, "validation_one_step": 0.004076726346587141, "validation_rollout": 0.09002825617790222, "train_seconds": 0.008807811886072159, "elapsed_seconds": 0.04199058562517166}
{"cell": "euler-b4-L4-initial-s31415-A", "epoch": 100, "train_mse": 4.3729964090744033e-05, "gradient_norm": 7.509221904911101e-05, "validation_one_step": 3.3626593449298525e-05, "validation_rollout": 0.0011445017298683524, "train_seconds": 0.4603334330022335, "elapsed_seconds": 0.8255085796117783}
{"cell": "euler-b4-L4-initial-s31415-A", "epoch": 200, "train_mse": 4.276664913049899e-05, "gradient_norm": 1.664441697357688e-05, "validation_one_step": 3.255946444369329e-05, "validation_rollout": 0.0011493286583572626, "train_seconds": 0.9189487993717194, "elapsed_seconds": 1.6162793971598148}
{"cell": "euler-b4-L4-initial-s31415-A", "epoch": 300, "train_mse": 4.154992348048836e-05, "gradient_norm": 1.797783625079319e-05, "validation_one_step": 3.1637433645907244e-05, "validation_rollout": 0.001111336867325008, "train_seconds": 1.373605638742447, "elapsed_seconds": 2.4046088829636574}
{"cell": "euler-b4-L4-initial-s31415-A", "epoch": 400, "train_mse": 3.976385050918907e-05, "gradient_norm": 1.9840563254547305e-05, "validation_one_step": 3.028307476900712e-05, "validation_rollout": 0.001056314678862691, "train_seconds": 1.8282113932073116, "elapsed_seconds": 3.2014779075980186}
CELL_COMPLETE euler-b4-L4-initial-s31415-A
{"cell": "euler-b4-L4-initial-s31415-B", "epoch": 1, "train_mse": 0.005314496345818043, "gradient_norm": 0.009298119693994522, "validation_one_step": 0.004335717996582389, "validation_rollout": 0.09440407156944275, "train_seconds": 0.005174968391656876, "elapsed_seconds": 0.03784241899847984}
{"cell": "euler-b4-L4-initial-s31415-B", "epoch": 100, "train_mse": 4.1793231503106654e-05, "gradient_norm": 0.00010078537161462009, "validation_one_step": 3.2649070969152184e-05, "validation_rollout": 0.0010798436123877764, "train_seconds": 0.45140986144542694, "elapsed_seconds": 0.8111693449318409}
{"cell": "euler-b4-L4-initial-s31415-B", "epoch": 200, "train_mse": 4.0464386984240264e-05, "gradient_norm": 1.925797732837964e-05, "validation_one_step": 3.101167339991662e-05, "validation_rollout": 0.0010941729415208101, "train_seconds": 0.9020639061927795, "elapsed_seconds": 1.588517226278782}
{"cell": "euler-b4-L4-initial-s31415-B", "epoch": 300, "train_mse": 3.896853013429791e-05, "gradient_norm": 2.044895154540427e-05, "validation_one_step": 2.9817288805134012e-05, "validation_rollout": 0.0010452810674905777, "train_seconds": 1.354708507657051, "elapsed_seconds": 2.3702383004128933}
{"cell": "euler-b4-L4-initial-s31415-B", "epoch": 400, "train_mse": 3.6862380511593074e-05, "gradient_norm": 2.210752063547261e-05, "validation_one_step": 2.816374474908419e-05, "validation_rollout": 0.0009781281696632504, "train_seconds": 1.8064433075487614, "elapsed_seconds": 3.151943050324917}
CELL_COMPLETE euler-b4-L4-initial-s31415-B
{"cell": "euler-b4-L4-initial-s271828-A", "epoch": 1, "train_mse": 0.002873367164283991, "gradient_norm": 0.004412748850882053, "validation_one_step": 0.00284779539409404, "validation_rollout": 0.06627435982227325, "train_seconds": 0.005163803696632385, "elapsed_seconds": 0.03843468427658081}
{"cell": "euler-b4-L4-initial-s271828-A", "epoch": 100, "train_mse": 3.606286190915853e-05, "gradient_norm": 2.0511186448857188e-05, "validation_one_step": 3.623026320080195e-05, "validation_rollout": 0.001324714976362884, "train_seconds": 0.4587046913802624, "elapsed_seconds": 0.8359422609210014}
{"cell": "euler-b4-L4-initial-s271828-A", "epoch": 200, "train_mse": 3.561247285688296e-05, "gradient_norm": 9.608509571989998e-06, "validation_one_step": 3.580766133381985e-05, "validation_rollout": 0.0013044691877439618, "train_seconds": 0.9165687374770641, "elapsed_seconds": 1.627382230013609}
{"cell": "euler-b4-L4-initial-s271828-A", "epoch": 300, "train_mse": 3.4924443752970546e-05, "gradient_norm": 1.0476999705133494e-05, "validation_one_step": 3.513313004077645e-05, "validation_rollout": 0.0012750398600474, "train_seconds": 1.3806635662913322, "elapsed_seconds": 2.429823599755764}
{"cell": "euler-b4-L4-initial-s271828-A", "epoch": 400, "train_mse": 3.388824188732542e-05, "gradient_norm": 1.1738336979760788e-05, "validation_one_step": 3.411049025695926e-05, "validation_rollout": 0.00123129365965724, "train_seconds": 1.8461135551333427, "elapsed_seconds": 3.236302375793457}
CELL_COMPLETE euler-b4-L4-initial-s271828-A
{"cell": "euler-b4-L4-initial-s271828-B", "epoch": 1, "train_mse": 0.002920199418440461, "gradient_norm": 0.004792879335582256, "validation_one_step": 0.0028579775049972036, "validation_rollout": 0.06634610146284103, "train_seconds": 0.0051966942846775055, "elapsed_seconds": 0.03780943900346756}
{"cell": "euler-b4-L4-initial-s271828-B", "epoch": 100, "train_mse": 3.585863305488601e-05, "gradient_norm": 2.5314959202660248e-05, "validation_one_step": 3.607290227591875e-05, "validation_rollout": 0.0013423389755189419, "train_seconds": 0.4637107029557228, "elapsed_seconds": 0.8313698172569275}
{"cell": "euler-b4-L4-initial-s271828-B", "epoch": 200, "train_mse": 3.537128941388801e-05, "gradient_norm": 9.891988156596199e-06, "validation_one_step": 3.567333700023786e-05, "validation_rollout": 0.0013146012788638473, "train_seconds": 0.9265305548906326, "elapsed_seconds": 1.6293434351682663}
{"cell": "euler-b4-L4-initial-s271828-B", "epoch": 300, "train_mse": 3.464057590463199e-05, "gradient_norm": 1.078255536413053e-05, "validation_one_step": 3.498020729845545e-05, "validation_rollout": 0.001282223267480731, "train_seconds": 1.3878506682813168, "elapsed_seconds": 2.426709808409214}
{"cell": "euler-b4-L4-initial-s271828-B", "epoch": 400, "train_mse": 3.354099681018852e-05, "gradient_norm": 1.2086300557712093e-05, "validation_one_step": 3.392084136066842e-05, "validation_rollout": 0.0012347550364211202, "train_seconds": 1.8474951051175594, "elapsed_seconds": 3.2236476205289364}
CELL_COMPLETE euler-b4-L4-initial-s271828-B
{"cell": "euler-b4-L4-initial-s161803-A", "epoch": 1, "train_mse": 0.004526994191110134, "gradient_norm": 0.0059493714943528175, "validation_one_step": 0.003924577671568841, "validation_rollout": 0.08701731264591217, "train_seconds": 0.0052927471697330475, "elapsed_seconds": 0.038605671375989914}
{"cell": "euler-b4-L4-initial-s161803-A", "epoch": 100, "train_mse": 4.168379382463172e-05, "gradient_norm": 1.8692491721594706e-05, "validation_one_step": 3.3643137157923775e-05, "validation_rollout": 0.0012465955223888159, "train_seconds": 0.48371364176273346, "elapsed_seconds": 0.8656925074756145}
{"cell": "euler-b4-L4-initial-s161803-A", "epoch": 200, "train_mse": 4.057798651047051e-05, "gradient_norm": 1.8431979697197676e-05, "validation_one_step": 3.2842064304835127e-05, "validation_rollout": 0.0012154289288446307, "train_seconds": 0.9490906223654747, "elapsed_seconds": 1.6738435290753841}
{"cell": "euler-b4-L4-initial-s161803-A", "epoch": 300, "train_mse": 3.911407111445442e-05, "gradient_norm": 1.9391702153370716e-05, "validation_one_step": 3.1706298310988736e-05, "validation_rollout": 0.001179688610136509, "train_seconds": 1.4114370308816433, "elapsed_seconds": 2.476971611380577}
{"cell": "euler-b4-L4-initial-s161803-A", "epoch": 400, "train_mse": 3.7223624531179667e-05, "gradient_norm": 2.070421032840386e-05, "validation_one_step": 3.0221327203131903e-05, "validation_rollout": 0.0011270454851910472, "train_seconds": 1.8735930286347866, "elapsed_seconds": 3.2840051539242268}
CELL_COMPLETE euler-b4-L4-initial-s161803-A
{"cell": "euler-b4-L4-initial-s161803-B", "epoch": 1, "train_mse": 0.004547922872006893, "gradient_norm": 0.006254019681364298, "validation_one_step": 0.003899678975964586, "validation_rollout": 0.0866500586271286, "train_seconds": 0.0051686130464077, "elapsed_seconds": 0.037812527269124985}
{"cell": "euler-b4-L4-initial-s161803-B", "epoch": 100, "train_mse": 4.18577365053352e-05, "gradient_norm": 3.3997315767919645e-05, "validation_one_step": 3.370054764673114e-05, "validation_rollout": 0.0012486031046137214, "train_seconds": 0.4511425197124481, "elapsed_seconds": 0.8110272400081158}
{"cell": "euler-b4-L4-initial-s161803-B", "epoch": 200, "train_mse": 4.043947774334811e-05, "gradient_norm": 1.959588553290814e-05, "validation_one_step": 3.270238759493319e-05, "validation_rollout": 0.0012202959042042494, "train_seconds": 0.9019566364586353, "elapsed_seconds": 1.5913703590631485}
{"cell": "euler-b4-L4-initial-s161803-B", "epoch": 300, "train_mse": 3.883712997776456e-05, "gradient_norm": 1.991134740819689e-05, "validation_one_step": 3.150331796556808e-05, "validation_rollout": 0.0011851753806695342, "train_seconds": 1.3526454754173756, "elapsed_seconds": 2.3697324320673943}
{"cell": "euler-b4-L4-initial-s161803-B", "epoch": 400, "train_mse": 3.685707997647114e-05, "gradient_norm": 2.1074720280012116e-05, "validation_one_step": 2.9969867682666518e-05, "validation_rollout": 0.0011266631772741675, "train_seconds": 1.8118061311542988, "elapsed_seconds": 3.158426444977522}
CELL_COMPLETE euler-b4-L4-initial-s161803-B
{"cell": "euler-b4-L4-teacher-s31415-A", "epoch": 1, "train_mse": 0.007770637050271034, "gradient_norm": 0.008934209123253822, "validation_one_step": 0.004049949289765209, "validation_rollout": 0.0893217921257019, "train_seconds": 0.005240600556135178, "elapsed_seconds": 0.038483232259750366}
{"cell": "euler-b4-L4-teacher-s31415-A", "epoch": 100, "train_mse": 9.692236199043691e-05, "gradient_norm": 8.941767737269402e-05, "validation_one_step": 6.207646280624128e-05, "validation_rollout": 0.0013764288742095232, "train_seconds": 0.46353384107351303, "elapsed_seconds": 0.8288890793919563}
{"cell": "euler-b4-L4-teacher-s31415-A", "epoch": 200, "train_mse": 9.358618990518153e-05, "gradient_norm": 4.085682667209767e-05, "validation_one_step": 5.837485120234002e-05, "validation_rollout": 0.001306269783526659, "train_seconds": 0.9279522560536861, "elapsed_seconds": 1.6248888224363327}
{"cell": "euler-b4-L4-teacher-s31415-A", "epoch": 300, "train_mse": 8.8849788880907e-05, "gradient_norm": 4.51604209956713e-05, "validation_one_step": 5.546983599439651e-05, "validation_rollout": 0.0012429289054125547, "train_seconds": 1.3898452445864677, "elapsed_seconds": 2.419001951813698}
{"cell": "euler-b4-L4-teacher-s31415-A", "epoch": 400, "train_mse": 8.135605457937345e-05, "gradient_norm": 5.2282495744293556e-05, "validation_one_step": 5.089641596593234e-05, "validation_rollout": 0.0011369872372597456, "train_seconds": 1.8515807576477528, "elapsed_seconds": 3.2149226628243923}
CELL_COMPLETE euler-b4-L4-teacher-s31415-A
{"cell": "euler-b4-L4-teacher-s31415-B", "epoch": 1, "train_mse": 0.008583439514040947, "gradient_norm": 0.013621430844068527, "validation_one_step": 0.004329208672667543, "validation_rollout": 0.0942760780453682, "train_seconds": 0.0052009932696819305, "elapsed_seconds": 0.037839408963918686}
{"cell": "euler-b4-L4-teacher-s31415-B", "epoch": 100, "train_mse": 9.287030843552202e-05, "gradient_norm": 0.00016627152217552066, "validation_one_step": 6.230704730114667e-05, "validation_rollout": 0.001350231934338808, "train_seconds": 0.4579395428299904, "elapsed_seconds": 0.8171148970723152}
{"cell": "euler-b4-L4-teacher-s31415-B", "epoch": 200, "train_mse": 8.850276935845613e-05, "gradient_norm": 4.66197743662633e-05, "validation_one_step": 5.517076624528272e-05, "validation_rollout": 0.0012166891247034073, "train_seconds": 0.9181479066610336, "elapsed_seconds": 1.6040670908987522}
{"cell": "euler-b4-L4-teacher-s31415-B", "epoch": 300, "train_mse": 8.307534153573215e-05, "gradient_norm": 4.924739187117666e-05, "validation_one_step": 5.181825781619409e-05, "validation_rollout": 0.0011443932307884097, "train_seconds": 1.384268268942833, "elapsed_seconds": 2.3968737609684467}
{"cell": "euler-b4-L4-teacher-s31415-B", "epoch": 400, "train_mse": 7.545245171058923e-05, "gradient_norm": 5.4179661674425006e-05, "validation_one_step": 4.7132909761179086e-05, "validation_rollout": 0.0010397040750831366, "train_seconds": 1.845222782343626, "elapsed_seconds": 3.186900310218334}
CELL_COMPLETE euler-b4-L4-teacher-s31415-B
{"cell": "euler-b4-L4-teacher-s271828-A", "epoch": 1, "train_mse": 0.0027015930972993374, "gradient_norm": 0.004422831814736128, "validation_one_step": 0.0028197073649304607, "validation_rollout": 0.06545403599739075, "train_seconds": 0.0052809566259384155, "elapsed_seconds": 0.03852866217494011}
{"cell": "euler-b4-L4-teacher-s271828-A", "epoch": 100, "train_mse": 4.5729488192591816e-05, "gradient_norm": 1.5371162589872256e-05, "validation_one_step": 4.966733255666137e-05, "validation_rollout": 0.0012798472307622433, "train_seconds": 0.4626618102192879, "elapsed_seconds": 0.8318228609859943}
{"cell": "euler-b4-L4-teacher-s271828-A", "epoch": 200, "train_mse": 4.364869528217241e-05, "gradient_norm": 1.6332485756720416e-05, "validation_one_step": 4.832820256221263e-05, "validation_rollout": 0.0012553369160741568, "train_seconds": 0.9258213341236115, "elapsed_seconds": 1.6280807219445705}
{"cell": "euler-b4-L4-teacher-s271828-A", "epoch": 300, "train_mse": 4.1424515075050294e-05, "gradient_norm": 1.6383546608267352e-05, "validation_one_step": 4.7111719595704926e-05, "validation_rollout": 0.0012316694483160973, "train_seconds": 1.3884220644831657, "elapsed_seconds": 2.425705771893263}
{"cell": "euler-b4-L4-teacher-s271828-A", "epoch": 400, "train_mse": 3.8810292608104646e-05, "gradient_norm": 1.764602893672418e-05, "validation_one_step": 4.489554263879351e-05, "validation_rollout": 0.00117753935046494, "train_seconds": 1.8538262248039246, "elapsed_seconds": 3.2270515970885754}
CELL_COMPLETE euler-b4-L4-teacher-s271828-A
{"cell": "euler-b4-L4-teacher-s271828-B", "epoch": 1, "train_mse": 0.0027198968455195427, "gradient_norm": 0.004407660104334354, "validation_one_step": 0.0028475656193525842, "validation_rollout": 0.06611958146095276, "train_seconds": 0.005211688578128815, "elapsed_seconds": 0.03796376660466194}
{"cell": "euler-b4-L4-teacher-s271828-B", "epoch": 100, "train_mse": 4.494626773521304e-05, "gradient_norm": 1.7640775695326738e-05, "validation_one_step": 5.0479566804521404e-05, "validation_rollout": 0.0012747211148962379, "train_seconds": 0.4586097039282322, "elapsed_seconds": 0.818353146314621}
{"cell": "euler-b4-L4-teacher-s271828-B", "epoch": 200, "train_mse": 4.2348256101831794e-05, "gradient_norm": 1.752708340063691e-05, "validation_one_step": 4.925981193082407e-05, "validation_rollout": 0.0012511226814240217, "train_seconds": 0.9158507324755192, "elapsed_seconds": 1.6024007946252823}
{"cell": "euler-b4-L4-teacher-s271828-B", "epoch": 300, "train_mse": 3.995531005784869e-05, "gradient_norm": 1.6253983631031588e-05, "validation_one_step": 4.847977879762766e-05, "validation_rollout": 0.0012371819466352463, "train_seconds": 1.373450607061386, "elapsed_seconds": 2.388554524630308}
{"cell": "euler-b4-L4-teacher-s271828-B", "epoch": 400, "train_mse": 3.730595199158415e-05, "gradient_norm": 1.753157630446367e-05, "validation_one_step": 4.602539411280304e-05, "validation_rollout": 0.0011754374718293548, "train_seconds": 1.8310471139848232, "elapsed_seconds": 3.1746715381741524}
CELL_COMPLETE euler-b4-L4-teacher-s271828-B
{"cell": "euler-b4-L4-teacher-s161803-A", "epoch": 1, "train_mse": 0.005956382490694523, "gradient_norm": 0.008806224912405014, "validation_one_step": 0.0039246065231661005, "validation_rollout": 0.08701791614294052, "train_seconds": 0.00524226576089859, "elapsed_seconds": 0.03851672261953354}
{"cell": "euler-b4-L4-teacher-s161803-A", "epoch": 100, "train_mse": 7.097142224665731e-05, "gradient_norm": 3.145325172226876e-05, "validation_one_step": 5.4974764073752645e-05, "validation_rollout": 0.0012716513592749834, "train_seconds": 0.4724678210914135, "elapsed_seconds": 0.8603183142840862}
{"cell": "euler-b4-L4-teacher-s161803-A", "epoch": 200, "train_mse": 6.889419455546886e-05, "gradient_norm": 3.136972009087913e-05, "validation_one_step": 5.4163883457173746e-05, "validation_rollout": 0.001244837767444551, "train_seconds": 0.9488818943500519, "elapsed_seconds": 1.6959003545343876}
{"cell": "euler-b4-L4-teacher-s161803-A", "epoch": 300, "train_mse": 6.572536949533969e-05, "gradient_norm": 3.467123315203935e-05, "validation_one_step": 5.146998955751769e-05, "validation_rollout": 0.0011828284477815032, "train_seconds": 1.410049557685852, "elapsed_seconds": 2.492724869400263}
{"cell": "euler-b4-L4-teacher-s161803-A", "epoch": 400, "train_mse": 6.098710582591593e-05, "gradient_norm": 3.910745363100432e-05, "validation_one_step": 4.760404347810739e-05, "validation_rollout": 0.0010916979517787695, "train_seconds": 1.8714649565517902, "elapsed_seconds": 3.2887564934790134}
CELL_COMPLETE euler-b4-L4-teacher-s161803-A
{"cell": "euler-b4-L4-teacher-s161803-B", "epoch": 1, "train_mse": 0.006047009490430355, "gradient_norm": 0.009537965059280396, "validation_one_step": 0.0038996777147985995, "validation_rollout": 0.086650051176548, "train_seconds": 0.00520416721701622, "elapsed_seconds": 0.03781669959425926}
{"cell": "euler-b4-L4-teacher-s161803-B", "epoch": 100, "train_mse": 7.048439147183672e-05, "gradient_norm": 3.1737639801576734e-05, "validation_one_step": 5.574721262746607e-05, "validation_rollout": 0.0012712818570435047, "train_seconds": 0.4574640691280365, "elapsed_seconds": 0.816479604691267}
{"cell": "euler-b4-L4-teacher-s161803-B", "epoch": 200, "train_mse": 6.815850792918354e-05, "gradient_norm": 3.238306089770049e-05, "validation_one_step": 5.410349422163563e-05, "validation_rollout": 0.0012322069378569722, "train_seconds": 0.9142119400203228, "elapsed_seconds": 1.5986836329102516}
{"cell": "euler-b4-L4-teacher-s161803-B", "epoch": 300, "train_mse": 6.486642814707011e-05, "gradient_norm": 3.499914600979537e-05, "validation_one_step": 5.1169522672959524e-05, "validation_rollout": 0.0011668154038488865, "train_seconds": 1.3730092197656631, "elapsed_seconds": 2.3873978033661842}
{"cell": "euler-b4-L4-teacher-s161803-B", "epoch": 400, "train_mse": 6.018614658387378e-05, "gradient_norm": 3.8930593291297555e-05, "validation_one_step": 4.723520244927689e-05, "validation_rollout": 0.0010761178564280272, "train_seconds": 1.8357810825109482, "elapsed_seconds": 3.1805868819355965}
CELL_COMPLETE euler-b4-L4-teacher-s161803-B
{"cell": "euler-b4-L4-detached-s31415-A", "epoch": 1, "train_mse": 0.03958306461572647, "gradient_norm": 0.013391247019171715, "validation_one_step": 0.0040499500270622475, "validation_rollout": 0.0893217995762825, "train_seconds": 0.017977945506572723, "elapsed_seconds": 0.05130859836935997}
{"cell": "euler-b4-L4-detached-s31415-A", "epoch": 100, "train_mse": 0.0005111616337671876, "gradient_norm": 0.00027694148593582213, "validation_one_step": 3.845957083588777e-05, "validation_rollout": 0.0010721852304413915, "train_seconds": 1.666086308658123, "elapsed_seconds": 2.0356254167854786}
{"cell": "euler-b4-L4-detached-s31415-A", "epoch": 200, "train_mse": 0.0004900156054645777, "gradient_norm": 0.00010490592831047252, "validation_one_step": 3.8540578467897525e-05, "validation_rollout": 0.0010364779736846685, "train_seconds": 3.331045549362898, "elapsed_seconds": 4.040100179612637}
{"cell": "euler-b4-L4-detached-s31415-A", "epoch": 300, "train_mse": 0.0004528838908299804, "gradient_norm": 0.00011878670193254948, "validation_one_step": 3.569799370476782e-05, "validation_rollout": 0.0009610540000721812, "train_seconds": 5.008015409111977, "elapsed_seconds": 6.058358248323202}
{"cell": "euler-b4-L4-detached-s31415-A", "epoch": 400, "train_mse": 0.0003901266900356859, "gradient_norm": 0.00014114084478933364, "validation_one_step": 3.0967836058456065e-05, "validation_rollout": 0.0008260565809905529, "train_seconds": 6.6709202118217945, "elapsed_seconds": 8.060711551457644}
CELL_COMPLETE euler-b4-L4-detached-s31415-A
{"cell": "euler-b4-L4-detached-s31415-B", "epoch": 1, "train_mse": 0.045216359198093414, "gradient_norm": 0.029569655656814575, "validation_one_step": 0.004349354926186304, "validation_rollout": 0.09465505927801132, "train_seconds": 0.017019711434841156, "elapsed_seconds": 0.05123073607683182}
{"cell": "euler-b4-L4-detached-s31415-B", "epoch": 100, "train_mse": 0.0004869881086051464, "gradient_norm": 0.00023295838036574423, "validation_one_step": 3.8246075898011135e-05, "validation_rollout": 0.0010150574380531907, "train_seconds": 1.642827033996582, "elapsed_seconds": 2.006410636007786}
{"cell": "euler-b4-L4-detached-s31415-B", "epoch": 200, "train_mse": 0.00045517919352278113, "gradient_norm": 0.0001221949642058462, "validation_one_step": 3.5843578189087566e-05, "validation_rollout": 0.0009555944125168025, "train_seconds": 3.287816446274519, "elapsed_seconds": 3.9805423133075237}
{"cell": "euler-b4-L4-detached-s31415-B", "epoch": 300, "train_mse": 0.00041188191971741617, "gradient_norm": 0.00012857982073910534, "validation_one_step": 3.250599896394609e-05, "validation_rollout": 0.0008703962666913867, "train_seconds": 4.935221031308174, "elapsed_seconds": 5.9585601687431335}
{"cell": "euler-b4-L4-detached-s31415-B", "epoch": 400, "train_mse": 0.0003514900163281709, "gradient_norm": 0.0001398140302626416, "validation_one_step": 2.7873023858167773e-05, "validation_rollout": 0.0007442766218446195, "train_seconds": 6.580237809568644, "elapsed_seconds": 7.935730166733265}
CELL_COMPLETE euler-b4-L4-detached-s31415-B
{"cell": "euler-b4-L4-detached-s271828-A", "epoch": 1, "train_mse": 0.01576291210949421, "gradient_norm": 0.007625446654856205, "validation_one_step": 0.0028197073843330145, "validation_rollout": 0.06545405089855194, "train_seconds": 0.017128225415945053, "elapsed_seconds": 0.050521060824394226}
{"cell": "euler-b4-L4-detached-s271828-A", "epoch": 100, "train_mse": 0.0002482453128322959, "gradient_norm": 0.0001241266872966662, "validation_one_step": 3.940863492365073e-05, "validation_rollout": 0.001280534197576344, "train_seconds": 1.7020852789282799, "elapsed_seconds": 2.0777676329016685}
{"cell": "euler-b4-L4-detached-s271828-A", "epoch": 200, "train_mse": 0.00023183785378932953, "gradient_norm": 4.313726458349265e-05, "validation_one_step": 3.867678030170888e-05, "validation_rollout": 0.0013029883848503232, "train_seconds": 3.4067890346050262, "elapsed_seconds": 4.1231651939451694}
{"cell": "euler-b4-L4-detached-s271828-A", "epoch": 300, "train_mse": 0.0002165383193641901, "gradient_norm": 4.22760313085746e-05, "validation_one_step": 3.863768718777768e-05, "validation_rollout": 0.0013047454413026571, "train_seconds": 5.118243236094713, "elapsed_seconds": 6.173008996993303}
{"cell": "euler-b4-L4-detached-s271828-A", "epoch": 400, "train_mse": 0.00019871072436217219, "gradient_norm": 4.5365079131443053e-05, "validation_one_step": 3.69978477768503e-05, "validation_rollout": 0.0012444048188626766, "train_seconds": 6.8292828388512135, "elapsed_seconds": 8.233088985085487}
CELL_COMPLETE euler-b4-L4-detached-s271828-A
{"cell": "euler-b4-L4-detached-s271828-B", "epoch": 1, "train_mse": 0.015798477455973625, "gradient_norm": 0.007607803680002689, "validation_one_step": 0.002847572284129759, "validation_rollout": 0.06611975282430649, "train_seconds": 0.020377591252326965, "elapsed_seconds": 0.05335182696580887}
{"cell": "euler-b4-L4-detached-s271828-B", "epoch": 100, "train_mse": 0.0002458422677591443, "gradient_norm": 0.0001334539701929316, "validation_one_step": 3.9788676379733566e-05, "validation_rollout": 0.001281901728361845, "train_seconds": 1.688932366669178, "elapsed_seconds": 2.061202861368656}
{"cell": "euler-b4-L4-detached-s271828-B", "epoch": 200, "train_mse": 0.0002282228524563834, "gradient_norm": 4.625367364496924e-05, "validation_one_step": 3.923830157267124e-05, "validation_rollout": 0.0013149154838174582, "train_seconds": 3.3737162575125694, "elapsed_seconds": 4.088056307286024}
{"cell": "euler-b4-L4-detached-s271828-B", "epoch": 300, "train_mse": 0.00021134433336555958, "gradient_norm": 4.46376325271558e-05, "validation_one_step": 3.9048237795213936e-05, "validation_rollout": 0.0013071235734969378, "train_seconds": 5.152407851070166, "elapsed_seconds": 6.208386767655611}
{"cell": "euler-b4-L4-detached-s271828-B", "epoch": 400, "train_mse": 0.00018998936866410077, "gradient_norm": 4.879797052126378e-05, "validation_one_step": 3.673430046546855e-05, "validation_rollout": 0.0012146227527409792, "train_seconds": 6.9752915278077126, "elapsed_seconds": 8.37005939334631}
CELL_COMPLETE euler-b4-L4-detached-s271828-B
{"cell": "euler-b4-L4-detached-s161803-A", "epoch": 1, "train_mse": 0.03131835162639618, "gradient_norm": 0.013985998928546906, "validation_one_step": 0.003924606173920135, "validation_rollout": 0.08701791614294052, "train_seconds": 0.017960865050554276, "elapsed_seconds": 0.05153200030326843}
{"cell": "euler-b4-L4-detached-s161803-A", "epoch": 100, "train_mse": 0.00038895607576705515, "gradient_norm": 0.00021712647867389023, "validation_one_step": 3.7814717567622815e-05, "validation_rollout": 0.0011029313318431377, "train_seconds": 1.7471320182085037, "elapsed_seconds": 2.119089748710394}
{"cell": "euler-b4-L4-detached-s161803-A", "epoch": 200, "train_mse": 0.000374392606317997, "gradient_norm": 8.091148629318923e-05, "validation_one_step": 3.7552525403346713e-05, "validation_rollout": 0.001055921777151525, "train_seconds": 3.419712904840708, "elapsed_seconds": 4.128830544650555}
{"cell": "euler-b4-L4-detached-s161803-A", "epoch": 300, "train_mse": 0.0003491996321827173, "gradient_norm": 9.090915409615263e-05, "validation_one_step": 3.495579433850556e-05, "validation_rollout": 0.000983220525085926, "train_seconds": 5.095841288566589, "elapsed_seconds": 6.142799001187086}
{"cell": "euler-b4-L4-detached-s161803-A", "epoch": 400, "train_mse": 0.00031020172173157334, "gradient_norm": 0.00010390700481366366, "validation_one_step": 3.106216460461534e-05, "validation_rollout": 0.0008694157586432993, "train_seconds": 6.76490094140172, "elapsed_seconds": 8.15700588747859}
CELL_COMPLETE euler-b4-L4-detached-s161803-A
{"cell": "euler-b4-L4-detached-s161803-B", "epoch": 1, "train_mse": 0.03197288140654564, "gradient_norm": 0.01708235964179039, "validation_one_step": 0.003918390779290348, "validation_rollout": 0.08700139820575714, "train_seconds": 0.01729971542954445, "elapsed_seconds": 0.050207629799842834}
{"cell": "euler-b4-L4-detached-s161803-B", "epoch": 100, "train_mse": 0.00038759096059948206, "gradient_norm": 0.00023872141900938004, "validation_one_step": 3.7939608773740474e-05, "validation_rollout": 0.0011060661636292934, "train_seconds": 1.6607374250888824, "elapsed_seconds": 2.023967731744051}
{"cell": "euler-b4-L4-detached-s161803-B", "epoch": 200, "train_mse": 0.00037091432022862136, "gradient_norm": 8.449936285614967e-05, "validation_one_step": 3.744635174977399e-05, "validation_rollout": 0.0010504679521545768, "train_seconds": 3.314186353236437, "elapsed_seconds": 4.0079640224576}
{"cell": "euler-b4-L4-detached-s161803-B", "epoch": 300, "train_mse": 0.00034450244856998324, "gradient_norm": 9.298717486672103e-05, "validation_one_step": 3.460783523223654e-05, "validation_rollout": 0.0009746137075126171, "train_seconds": 4.977138042449951, "elapsed_seconds": 6.002596091479063}
{"cell": "euler-b4-L4-detached-s161803-B", "epoch": 400, "train_mse": 0.00030529635841958225, "gradient_norm": 0.00010473487054696307, "validation_one_step": 3.063061118761349e-05, "validation_rollout": 0.0008592645754106343, "train_seconds": 6.6282469891011715, "elapsed_seconds": 7.986971892416477}
CELL_COMPLETE euler-b4-L4-detached-s161803-B
{"cell": "euler-b4-L4-unroll-s31415-A", "epoch": 1, "train_mse": 0.03958306461572647, "gradient_norm": 0.03654375299811363, "validation_one_step": 0.0040499488823115826, "validation_rollout": 0.08932178467512131, "train_seconds": 0.018479131162166595, "elapsed_seconds": 0.05188852176070213}
{"cell": "euler-b4-L4-unroll-s31415-A", "epoch": 100, "train_mse": 0.0005140368593856692, "gradient_norm": 0.0005880354437977076, "validation_one_step": 3.67539737453626e-05, "validation_rollout": 0.0010779377771541476, "train_seconds": 1.8070593066513538, "elapsed_seconds": 2.1785270534455776}
{"cell": "euler-b4-L4-unroll-s31415-A", "epoch": 200, "train_mse": 0.0004940627841278911, "gradient_norm": 0.0002317654580110684, "validation_one_step": 3.6745942452398594e-05, "validation_rollout": 0.0010417710291221738, "train_seconds": 3.6141383312642574, "elapsed_seconds": 4.325951654464006}
{"cell": "euler-b4-L4-unroll-s31415-A", "epoch": 300, "train_mse": 0.0004656400706153363, "gradient_norm": 0.0002553630038164556, "validation_one_step": 3.4664799083354105e-05, "validation_rollout": 0.000986160826869309, "train_seconds": 5.425063103437424, "elapsed_seconds": 6.475152745842934}
{"cell": "euler-b4-L4-unroll-s31415-A", "epoch": 400, "train_mse": 0.0004208675236441195, "gradient_norm": 0.0002948077453766018, "validation_one_step": 3.146533360146956e-05, "validation_rollout": 0.000891736475750804, "train_seconds": 7.234284982085228, "elapsed_seconds": 8.625378590077162}
CELL_COMPLETE euler-b4-L4-unroll-s31415-A
{"cell": "euler-b4-L4-unroll-s31415-B", "epoch": 1, "train_mse": 0.045216359198093414, "gradient_norm": 0.08679310232400894, "validation_one_step": 0.004349354615745445, "validation_rollout": 0.09465505182743073, "train_seconds": 0.018558118492364883, "elapsed_seconds": 0.051485199481248856}
{"cell": "euler-b4-L4-unroll-s31415-B", "epoch": 100, "train_mse": 0.0004867831594310701, "gradient_norm": 0.0006491658859886229, "validation_one_step": 3.7010525602454436e-05, "validation_rollout": 0.0010161467362195253, "train_seconds": 1.788230538368225, "elapsed_seconds": 2.151700336486101}
{"cell": "euler-b4-L4-unroll-s31415-B", "epoch": 200, "train_mse": 0.00046096357982605696, "gradient_norm": 0.000277933431789279, "validation_one_step": 3.436409663966818e-05, "validation_rollout": 0.0009682134841568768, "train_seconds": 3.581611033529043, "elapsed_seconds": 4.275918465107679}
{"cell": "euler-b4-L4-unroll-s31415-B", "epoch": 300, "train_mse": 0.0004261762951500714, "gradient_norm": 0.0002877286751754582, "validation_one_step": 3.1826694187960434e-05, "validation_rollout": 0.0009002503356896341, "train_seconds": 5.368972327560186, "elapsed_seconds": 6.394819620996714}
{"cell": "euler-b4-L4-unroll-s31415-B", "epoch": 400, "train_mse": 0.00037940277252346277, "gradient_norm": 0.0003067647048737854, "validation_one_step": 2.841377173960306e-05, "validation_rollout": 0.0008046404691413045, "train_seconds": 7.157853186130524, "elapsed_seconds": 8.518220569938421}
CELL_COMPLETE euler-b4-L4-unroll-s31415-B
{"cell": "euler-b4-L4-unroll-s271828-A", "epoch": 1, "train_mse": 0.01576291210949421, "gradient_norm": 0.02197209931910038, "validation_one_step": 0.0028197065209193775, "validation_rollout": 0.06545404344797134, "train_seconds": 0.018580809235572815, "elapsed_seconds": 0.05627288669347763}
{"cell": "euler-b4-L4-unroll-s271828-A", "epoch": 100, "train_mse": 0.00024860427947714925, "gradient_norm": 0.0003282938268966973, "validation_one_step": 3.797941402202317e-05, "validation_rollout": 0.0012889675563201308, "train_seconds": 1.8075524754822254, "elapsed_seconds": 2.1825040504336357}
{"cell": "euler-b4-L4-unroll-s271828-A", "epoch": 200, "train_mse": 0.00023747707018628716, "gradient_norm": 9.806700109038502e-05, "validation_one_step": 3.7322027462020437e-05, "validation_rollout": 0.001307760365307331, "train_seconds": 3.619272865355015, "elapsed_seconds": 4.3306453712284565}
{"cell": "euler-b4-L4-unroll-s271828-A", "epoch": 300, "train_mse": 0.00022401611204259098, "gradient_norm": 9.968362428480759e-05, "validation_one_step": 3.717686377058271e-05, "validation_rollout": 0.001297280890867114, "train_seconds": 5.428105570375919, "elapsed_seconds": 6.474314209073782}
{"cell": "euler-b4-L4-unroll-s271828-A", "epoch": 400, "train_mse": 0.00020881614182144403, "gradient_norm": 0.00010074790770886466, "validation_one_step": 3.663334731148401e-05, "validation_rollout": 0.001270961482077837, "train_seconds": 7.232731182128191, "elapsed_seconds": 8.616725847125053}
CELL_COMPLETE euler-b4-L4-unroll-s271828-A
{"cell": "euler-b4-L4-unroll-s271828-B", "epoch": 1, "train_mse": 0.015798477455973625, "gradient_norm": 0.021237893030047417, "validation_one_step": 0.0028475714886250594, "validation_rollout": 0.06611974537372589, "train_seconds": 0.018525026738643646, "elapsed_seconds": 0.051394134759902954}
{"cell": "euler-b4-L4-unroll-s271828-B", "epoch": 100, "train_mse": 0.00024531950475648046, "gradient_norm": 0.00032502005342394114, "validation_one_step": 3.8192801260568863e-05, "validation_rollout": 0.0012961506145074964, "train_seconds": 1.8103869184851646, "elapsed_seconds": 2.1786020919680595}
{"cell": "euler-b4-L4-unroll-s271828-B", "epoch": 200, "train_mse": 0.0002327438851352781, "gradient_norm": 0.00010929300333373249, "validation_one_step": 3.764526847286712e-05, "validation_rollout": 0.001319926348514855, "train_seconds": 3.5714120976626873, "elapsed_seconds": 4.271125663071871}
{"cell": "euler-b4-L4-unroll-s271828-B", "epoch": 300, "train_mse": 0.00021779902453999966, "gradient_norm": 0.00010771247616503388, "validation_one_step": 3.754394530612141e-05, "validation_rollout": 0.0013076351024210453, "train_seconds": 5.32513565570116, "elapsed_seconds": 6.358821090310812}
{"cell": "euler-b4-L4-unroll-s271828-B", "epoch": 400, "train_mse": 0.0002001881366595626, "gradient_norm": 0.00011029608140233904, "validation_one_step": 3.6602134817561215e-05, "validation_rollout": 0.001259301439858973, "train_seconds": 7.0782395750284195, "elapsed_seconds": 8.448364064097404}
CELL_COMPLETE euler-b4-L4-unroll-s271828-B
{"cell": "euler-b4-L4-unroll-s161803-A", "epoch": 1, "train_mse": 0.03131835162639618, "gradient_norm": 0.03835045173764229, "validation_one_step": 0.003924605921686937, "validation_rollout": 0.08701789379119873, "train_seconds": 0.01789422705769539, "elapsed_seconds": 0.0513562448322773}
{"cell": "euler-b4-L4-unroll-s161803-A", "epoch": 100, "train_mse": 0.000391801237128675, "gradient_norm": 0.0005965869640931487, "validation_one_step": 3.6514677049126476e-05, "validation_rollout": 0.001120170927606523, "train_seconds": 1.7664355970919132, "elapsed_seconds": 2.1431621238589287}
{"cell": "euler-b4-L4-unroll-s161803-A", "epoch": 200, "train_mse": 0.00037756143137812614, "gradient_norm": 0.0001831290137488395, "validation_one_step": 3.6455957721652034e-05, "validation_rollout": 0.001073129242286086, "train_seconds": 3.5500346794724464, "elapsed_seconds": 4.286623932421207}
{"cell": "euler-b4-L4-unroll-s161803-A", "epoch": 300, "train_mse": 0.00035781157203018665, "gradient_norm": 0.00020190862414892763, "validation_one_step": 3.446684650043608e-05, "validation_rollout": 0.00101697095669806, "train_seconds": 5.312292225658894, "elapsed_seconds": 6.390812039375305}
{"cell": "euler-b4-L4-unroll-s161803-A", "epoch": 400, "train_mse": 0.0003284077101852745, "gradient_norm": 0.00022743639419786632, "validation_one_step": 3.1604779299717244e-05, "validation_rollout": 0.0009316218784078956, "train_seconds": 7.034310232847929, "elapsed_seconds": 8.451081670820713}
CELL_COMPLETE euler-b4-L4-unroll-s161803-A
{"cell": "euler-b4-L4-unroll-s161803-B", "epoch": 1, "train_mse": 0.03197288140654564, "gradient_norm": 0.047740388661623, "validation_one_step": 0.003918390100200971, "validation_rollout": 0.08700139820575714, "train_seconds": 0.01766129955649376, "elapsed_seconds": 0.050435829907655716}
{"cell": "euler-b4-L4-unroll-s161803-B", "epoch": 100, "train_mse": 0.00039052002830430865, "gradient_norm": 0.0006011670338921249, "validation_one_step": 3.66555933245157e-05, "validation_rollout": 0.00112004647962749, "train_seconds": 1.7163337506353855, "elapsed_seconds": 2.077800750732422}
{"cell": "euler-b4-L4-unroll-s161803-B", "epoch": 200, "train_mse": 0.00037449802039191127, "gradient_norm": 0.0001943012175615877, "validation_one_step": 3.644644721134682e-05, "validation_rollout": 0.0010688675101846457, "train_seconds": 3.4197413697838783, "elapsed_seconds": 4.111465789377689}
{"cell": "euler-b4-L4-unroll-s161803-B", "epoch": 300, "train_mse": 0.0003533900307957083, "gradient_norm": 0.00020918381051160395, "validation_one_step": 3.4214380624083183e-05, "validation_rollout": 0.0010095282923430204, "train_seconds": 5.123676273971796, "elapsed_seconds": 6.14544315263629}
{"cell": "euler-b4-L4-unroll-s161803-B", "epoch": 400, "train_mse": 0.00032332734554074705, "gradient_norm": 0.0002319690684089437, "validation_one_step": 3.121294586586979e-05, "validation_rollout": 0.0009216812322847545, "train_seconds": 6.832986939698458, "elapsed_seconds": 8.187385115772486}
CELL_COMPLETE euler-b4-L4-unroll-s161803-B
{"cell": "euler-b4-L4-initial_repeat-s31415-A", "epoch": 1, "train_mse": 0.005607586354017258, "gradient_norm": 0.0060346354730427265, "validation_one_step": 0.004049950124075015, "validation_rollout": 0.08932182192802429, "train_seconds": 0.005263678729534149, "elapsed_seconds": 0.038726337254047394}
{"cell": "euler-b4-L4-initial_repeat-s31415-A", "epoch": 100, "train_mse": 5.8834564697463065e-05, "gradient_norm": 8.471466571791098e-05, "validation_one_step": 3.477964848267826e-05, "validation_rollout": 0.0011033460032194853, "train_seconds": 0.46535148099064827, "elapsed_seconds": 0.8336494714021683}
{"cell": "euler-b4-L4-initial_repeat-s31415-A", "epoch": 200, "train_mse": 5.681049879058264e-05, "gradient_norm": 2.4798662707326002e-05, "validation_one_step": 3.300483035673096e-05, "validation_rollout": 0.0010968595743179321, "train_seconds": 0.9294391795992851, "elapsed_seconds": 1.6316904425621033}
{"cell": "euler-b4-L4-initial_repeat-s31415-A", "epoch": 300, "train_mse": 5.440266977529973e-05, "gradient_norm": 2.619574843265582e-05, "validation_one_step": 3.1665619947792344e-05, "validation_rollout": 0.0010603214614093304, "train_seconds": 1.3938054218888283, "elapsed_seconds": 2.434609703719616}
{"cell": "euler-b4-L4-initial_repeat-s31415-A", "epoch": 400, "train_mse": 5.107315519126132e-05, "gradient_norm": 2.8837703212047927e-05, "validation_one_step": 2.979611463160836e-05, "validation_rollout": 0.00099830306135118, "train_seconds": 1.856720469892025, "elapsed_seconds": 3.236432485282421}
CELL_COMPLETE euler-b4-L4-initial_repeat-s31415-A
{"cell": "euler-b4-L4-initial_repeat-s31415-B", "epoch": 1, "train_mse": 0.006393511779606342, "gradient_norm": 0.012369262054562569, "validation_one_step": 0.004335717026454707, "validation_rollout": 0.09440405666828156, "train_seconds": 0.00526910275220871, "elapsed_seconds": 0.03819449990987778}
{"cell": "euler-b4-L4-initial_repeat-s31415-B", "epoch": 100, "train_mse": 5.659322050632909e-05, "gradient_norm": 0.00013180970563553274, "validation_one_step": 3.405581727141301e-05, "validation_rollout": 0.0010419709142297506, "train_seconds": 0.4701699763536453, "elapsed_seconds": 0.8325181640684605}
{"cell": "euler-b4-L4-initial_repeat-s31415-B", "epoch": 200, "train_mse": 5.3915609896648675e-05, "gradient_norm": 3.069129161303863e-05, "validation_one_step": 3.133717541459191e-05, "validation_rollout": 0.0010327177587896585, "train_seconds": 0.9539909437298775, "elapsed_seconds": 1.6473212614655495}
{"cell": "euler-b4-L4-initial_repeat-s31415-B", "epoch": 300, "train_mse": 5.084196527604945e-05, "gradient_norm": 3.1037907319841906e-05, "validation_one_step": 2.960563051601639e-05, "validation_rollout": 0.0009806161979213357, "train_seconds": 1.4411256946623325, "elapsed_seconds": 2.4706342928111553}
{"cell": "euler-b4-L4-initial_repeat-s31415-B", "epoch": 400, "train_mse": 4.696649557445198e-05, "gradient_norm": 3.205851680831984e-05, "validation_one_step": 2.7425798331629874e-05, "validation_rollout": 0.0009108115336857736, "train_seconds": 1.9261850081384182, "elapsed_seconds": 3.2914616502821445}
CELL_COMPLETE euler-b4-L4-initial_repeat-s31415-B
{"cell": "euler-b4-L4-initial_repeat-s271828-A", "epoch": 1, "train_mse": 0.001953261438757181, "gradient_norm": 0.0029571005143225193, "validation_one_step": 0.002819701582969477, "validation_rollout": 0.06545390188694, "train_seconds": 0.005770765244960785, "elapsed_seconds": 0.03917963430285454}
{"cell": "euler-b4-L4-initial_repeat-s271828-A", "epoch": 100, "train_mse": 2.467316880938597e-05, "gradient_norm": 1.8227558030048385e-05, "validation_one_step": 3.8444433054489004e-05, "validation_rollout": 0.0015745016280561686, "train_seconds": 0.4886022247374058, "elapsed_seconds": 0.8569426499307156}
{"cell": "euler-b4-L4-initial_repeat-s271828-A", "epoch": 200, "train_mse": 2.3529566533397883e-05, "gradient_norm": 1.0727799235610291e-05, "validation_one_step": 3.859103117065388e-05, "validation_rollout": 0.001567699364386499, "train_seconds": 0.9787136316299438, "elapsed_seconds": 1.683114044368267}
{"cell": "euler-b4-L4-initial_repeat-s271828-A", "epoch": 300, "train_mse": 2.198431502620224e-05, "gradient_norm": 1.1252604963374324e-05, "validation_one_step": 3.924532165910932e-05, "validation_rollout": 0.0015889443457126617, "train_seconds": 1.4677035212516785, "elapsed_seconds": 2.5102957896888256}
{"cell": "euler-b4-L4-initial_repeat-s271828-A", "epoch": 400, "train_mse": 2.0212541130604222e-05, "gradient_norm": 1.1079558134952094e-05, "validation_one_step": 4.039368362403669e-05, "validation_rollout": 0.0016283192671835423, "train_seconds": 1.95817444100976, "elapsed_seconds": 3.3402308113873005}
CELL_COMPLETE euler-b4-L4-initial_repeat-s271828-A
{"cell": "euler-b4-L4-initial_repeat-s271828-B", "epoch": 1, "train_mse": 0.001978269312530756, "gradient_norm": 0.003167509101331234, "validation_one_step": 0.002857955861448621, "validation_rollout": 0.0663456916809082, "train_seconds": 0.005836211144924164, "elapsed_seconds": 0.039263419806957245}
{"cell": "euler-b4-L4-initial_repeat-s271828-B", "epoch": 100, "train_mse": 2.409351509413682e-05, "gradient_norm": 2.176713678636588e-05, "validation_one_step": 3.9009383272059495e-05, "validation_rollout": 0.0015935313422232866, "train_seconds": 0.4831764027476311, "elapsed_seconds": 0.8485258296132088}
{"cell": "euler-b4-L4-initial_repeat-s271828-B", "epoch": 200, "train_mse": 2.2611693566432223e-05, "gradient_norm": 1.2131133189541288e-05, "validation_one_step": 3.963135077356128e-05, "validation_rollout": 0.0016011379193514585, "train_seconds": 0.9402070268988609, "elapsed_seconds": 1.633258942514658}
{"cell": "euler-b4-L4-initial_repeat-s271828-B", "epoch": 300, "train_mse": 2.09026547963731e-05, "gradient_norm": 1.1992648978775833e-05, "validation_one_step": 4.0698117724483986e-05, "validation_rollout": 0.001638119458220899, "train_seconds": 1.3986789993941784, "elapsed_seconds": 2.419552195817232}
{"cell": "euler-b4-L4-initial_repeat-s271828-B", "epoch": 400, "train_mse": 1.907795376610011e-05, "gradient_norm": 1.1651311069726944e-05, "validation_one_step": 4.148788745321023e-05, "validation_rollout": 0.001652574515901506, "train_seconds": 1.8575031943619251, "elapsed_seconds": 3.2065989039838314}
CELL_COMPLETE euler-b4-L4-initial_repeat-s271828-B
{"cell": "euler-b4-L4-initial_repeat-s161803-A", "epoch": 1, "train_mse": 0.0043258825317025185, "gradient_norm": 0.00613747164607048, "validation_one_step": 0.003924607338073353, "validation_rollout": 0.08701792359352112, "train_seconds": 0.005249854177236557, "elapsed_seconds": 0.038734689354896545}
{"cell": "euler-b4-L4-initial_repeat-s161803-A", "epoch": 100, "train_mse": 3.445723632466979e-05, "gradient_norm": 2.1853884391020983e-05, "validation_one_step": 3.3791145597206196e-05, "validation_rollout": 0.0012227436527609825, "train_seconds": 0.4624028764665127, "elapsed_seconds": 0.8318389020860195}
{"cell": "euler-b4-L4-initial_repeat-s161803-A", "epoch": 200, "train_mse": 3.3912154322024435e-05, "gradient_norm": 1.347744637314463e-05, "validation_one_step": 3.3232938524937104e-05, "validation_rollout": 0.001194387092255056, "train_seconds": 0.9249106086790562, "elapsed_seconds": 1.6307638175785542}
{"cell": "euler-b4-L4-initial_repeat-s161803-A", "epoch": 300, "train_mse": 3.3112628443632275e-05, "gradient_norm": 1.445767793484265e-05, "validation_one_step": 3.23762192238064e-05, "validation_rollout": 0.00116059766151011, "train_seconds": 1.3878277391195297, "elapsed_seconds": 2.4302759021520615}
{"cell": "euler-b4-L4-initial_repeat-s161803-A", "epoch": 400, "train_mse": 3.199643469997682e-05, "gradient_norm": 1.5682215234846808e-05, "validation_one_step": 3.11980578165579e-05, "validation_rollout": 0.0011139350244775414, "train_seconds": 1.8513940908014774, "elapsed_seconds": 3.2319204472005367}
CELL_COMPLETE euler-b4-L4-initial_repeat-s161803-A
{"cell": "euler-b4-L4-initial_repeat-s161803-B", "epoch": 1, "train_mse": 0.0044224802404642105, "gradient_norm": 0.007356930524110794, "validation_one_step": 0.003918391730015476, "validation_rollout": 0.08700141310691833, "train_seconds": 0.005264535546302795, "elapsed_seconds": 0.03819731995463371}
{"cell": "euler-b4-L4-initial_repeat-s161803-B", "epoch": 100, "train_mse": 3.437708073761314e-05, "gradient_norm": 3.3112453820649534e-05, "validation_one_step": 3.417611954622165e-05, "validation_rollout": 0.0012143622152507305, "train_seconds": 0.45754919573664665, "elapsed_seconds": 0.8201038986444473}
{"cell": "euler-b4-L4-initial_repeat-s161803-B", "epoch": 200, "train_mse": 3.3699801861075684e-05, "gradient_norm": 1.4425073459278792e-05, "validation_one_step": 3.3343606901325984e-05, "validation_rollout": 0.0011962965363636613, "train_seconds": 0.9181577004492283, "elapsed_seconds": 1.613429743796587}
{"cell": "euler-b4-L4-initial_repeat-s161803-B", "epoch": 300, "train_mse": 3.27951529470738e-05, "gradient_norm": 1.5248157978930976e-05, "validation_one_step": 3.232527372650414e-05, "validation_rollout": 0.0011575992684811354, "train_seconds": 1.3792711086571217, "elapsed_seconds": 2.405062571167946}
{"cell": "euler-b4-L4-initial_repeat-s161803-B", "epoch": 400, "train_mse": 3.1587966077495366e-05, "gradient_norm": 1.632067323953379e-05, "validation_one_step": 3.10086365971074e-05, "validation_rollout": 0.0011065138969570398, "train_seconds": 1.8374106250703335, "elapsed_seconds": 3.195546679198742}
CELL_COMPLETE euler-b4-L4-initial_repeat-s161803-B
STAGE_COMPLETE wave1-euler
STAGE_START wave2-midpoint
{"cell": "midpoint-b4-L4-initial-s31415-A", "epoch": 1, "train_mse": 0.004788701422512531, "gradient_norm": 0.004923413507640362, "validation_one_step": 0.0040533037584585445, "validation_rollout": 0.08983579277992249, "train_seconds": 0.0049163177609443665, "elapsed_seconds": 0.030360843986272812}
{"cell": "midpoint-b4-L4-initial-s31415-A", "epoch": 100, "train_mse": 3.399828710826114e-05, "gradient_norm": 5.257785232970491e-05, "validation_one_step": 2.6100478256315302e-05, "validation_rollout": 0.0009395527304150164, "train_seconds": 0.3842881880700588, "elapsed_seconds": 0.6651519909501076}
{"cell": "midpoint-b4-L4-initial-s31415-A", "epoch": 200, "train_mse": 3.326443038531579e-05, "gradient_norm": 1.5102627003216185e-05, "validation_one_step": 2.5392349092120032e-05, "validation_rollout": 0.0009335368522442877, "train_seconds": 0.7699646502733231, "elapsed_seconds": 1.307697918266058}
{"cell": "midpoint-b4-L4-initial-s31415-A", "epoch": 300, "train_mse": 3.2277050195261836e-05, "gradient_norm": 1.61638054123614e-05, "validation_one_step": 2.4645541695160016e-05, "validation_rollout": 0.0009028386557474732, "train_seconds": 1.145082712173462, "elapsed_seconds": 1.9384068623185158}
{"cell": "midpoint-b4-L4-initial-s31415-A", "epoch": 400, "train_mse": 3.086274955421686e-05, "gradient_norm": 1.7602878870093264e-05, "validation_one_step": 2.357200817944734e-05, "validation_rollout": 0.0008594274404458702, "train_seconds": 1.5087511613965034, "elapsed_seconds": 2.5587493181228638}
CELL_COMPLETE midpoint-b4-L4-initial-s31415-A
{"cell": "midpoint-b4-L4-initial-s31415-B", "epoch": 1, "train_mse": 0.005270781926810741, "gradient_norm": 0.009160373359918594, "validation_one_step": 0.004308304438988368, "validation_rollout": 0.0941876620054245, "train_seconds": 0.004222564399242401, "elapsed_seconds": 0.028922278434038162}
{"cell": "midpoint-b4-L4-initial-s31415-B", "epoch": 100, "train_mse": 3.234877294744365e-05, "gradient_norm": 0.00011271394032519311, "validation_one_step": 2.5364498242197442e-05, "validation_rollout": 0.0008723573992028832, "train_seconds": 0.3595522604882717, "elapsed_seconds": 0.6313788816332817}
{"cell": "midpoint-b4-L4-initial-s31415-B", "epoch": 200, "train_mse": 3.118003223789856e-05, "gradient_norm": 1.7338688849122263e-05, "validation_one_step": 2.3967772449395852e-05, "validation_rollout": 0.0008846625569276512, "train_seconds": 0.7286610081791878, "elapsed_seconds": 1.2555977329611778}
{"cell": "midpoint-b4-L4-initial-s31415-B", "epoch": 300, "train_mse": 2.99806306429673e-05, "gradient_norm": 1.8269392967340536e-05, "validation_one_step": 2.3009581885465497e-05, "validation_rollout": 0.0008454467169940472, "train_seconds": 1.0971063636243343, "elapsed_seconds": 1.8767946101725101}
{"cell": "midpoint-b4-L4-initial-s31415-B", "epoch": 400, "train_mse": 2.8330719942459837e-05, "gradient_norm": 1.9502918803482316e-05, "validation_one_step": 2.1710169373060733e-05, "validation_rollout": 0.0007928313571028411, "train_seconds": 1.4680118449032307, "elapsed_seconds": 2.503588993102312}
CELL_COMPLETE midpoint-b4-L4-initial-s31415-B
{"cell": "midpoint-b4-L4-initial-s271828-A", "epoch": 1, "train_mse": 0.0028653573244810104, "gradient_norm": 0.004359310958534479, "validation_one_step": 0.002842686944253122, "validation_rollout": 0.06624563038349152, "train_seconds": 0.004280563443899155, "elapsed_seconds": 0.029545240104198456}
{"cell": "midpoint-b4-L4-initial-s271828-A", "epoch": 100, "train_mse": 2.877677616197616e-05, "gradient_norm": 1.635163243918214e-05, "validation_one_step": 2.8812148381499963e-05, "validation_rollout": 0.0010771335801109672, "train_seconds": 0.3684997409582138, "elapsed_seconds": 0.6564376801252365}
{"cell": "midpoint-b4-L4-initial-s271828-A", "epoch": 200, "train_mse": 2.840424349415116e-05, "gradient_norm": 8.827201781969052e-06, "validation_one_step": 2.8358293244915938e-05, "validation_rollout": 0.001071634003892541, "train_seconds": 0.7387965209782124, "elapsed_seconds": 1.2900442890822887}
{"cell": "midpoint-b4-L4-initial-s271828-A", "epoch": 300, "train_mse": 2.7838452297146432e-05, "gradient_norm": 9.531800060358364e-06, "validation_one_step": 2.7805881700260215e-05, "validation_rollout": 0.0010479171760380268, "train_seconds": 1.112304124981165, "elapsed_seconds": 1.92787392064929}
{"cell": "midpoint-b4-L4-initial-s271828-A", "epoch": 400, "train_mse": 2.7008281904272735e-05, "gradient_norm": 1.0525900506763719e-05, "validation_one_step": 2.69908355979472e-05, "validation_rollout": 0.001013328554108739, "train_seconds": 1.4817373789846897, "elapsed_seconds": 2.5649396367371082}
CELL_COMPLETE midpoint-b4-L4-initial-s271828-A
{"cell": "midpoint-b4-L4-initial-s271828-B", "epoch": 1, "train_mse": 0.0029116228688508272, "gradient_norm": 0.0047368938103318214, "validation_one_step": 0.0028526737393500903, "validation_rollout": 0.06631401181221008, "train_seconds": 0.005051765590906143, "elapsed_seconds": 0.03152098134160042}
{"cell": "midpoint-b4-L4-initial-s271828-B", "epoch": 100, "train_mse": 2.8547427064040676e-05, "gradient_norm": 2.0601337382686324e-05, "validation_one_step": 2.8609380478883395e-05, "validation_rollout": 0.0010910429991781712, "train_seconds": 0.3723185770213604, "elapsed_seconds": 0.6495717614889145}
{"cell": "midpoint-b4-L4-initial-s271828-B", "epoch": 200, "train_mse": 2.81555148831103e-05, "gradient_norm": 9.049778782355133e-06, "validation_one_step": 2.819759492922458e-05, "validation_rollout": 0.0010808409424498677, "train_seconds": 0.7408783957362175, "elapsed_seconds": 1.2729095444083214}
{"cell": "midpoint-b4-L4-initial-s271828-B", "epoch": 300, "train_mse": 2.7560439775697887e-05, "gradient_norm": 9.770550605026074e-06, "validation_one_step": 2.7639270228974055e-05, "validation_rollout": 0.001055376254953444, "train_seconds": 1.1123117692768574, "elapsed_seconds": 1.8978567644953728}
{"cell": "midpoint-b4-L4-initial-s271828-B", "epoch": 400, "train_mse": 2.6687392164603807e-05, "gradient_norm": 1.0791688509925734e-05, "validation_one_step": 2.6804941323158953e-05, "validation_rollout": 0.0010183962294831872, "train_seconds": 1.4848227687180042, "elapsed_seconds": 2.5325133241713047}
CELL_COMPLETE midpoint-b4-L4-initial-s271828-B
{"cell": "midpoint-b4-L4-initial-s161803-A", "epoch": 1, "train_mse": 0.004494225140661001, "gradient_norm": 0.005808679386973381, "validation_one_step": 0.0039041863249925277, "validation_rollout": 0.08685188740491867, "train_seconds": 0.004286710172891617, "elapsed_seconds": 0.029867034405469894}
{"cell": "midpoint-b4-L4-initial-s161803-A", "epoch": 100, "train_mse": 3.260850644437596e-05, "gradient_norm": 2.6567700842861086e-05, "validation_one_step": 2.6288433673471445e-05, "validation_rollout": 0.0010272713843733072, "train_seconds": 0.37552811205387115, "elapsed_seconds": 0.662194799631834}
{"cell": "midpoint-b4-L4-initial-s161803-A", "epoch": 200, "train_mse": 3.1692317861597985e-05, "gradient_norm": 1.6696114471415058e-05, "validation_one_step": 2.5698958855476423e-05, "validation_rollout": 0.0009857050608843565, "train_seconds": 0.7488797232508659, "elapsed_seconds": 1.301075503230095}
{"cell": "midpoint-b4-L4-initial-s161803-A", "epoch": 300, "train_mse": 3.0513245292240754e-05, "gradient_norm": 1.739362778607756e-05, "validation_one_step": 2.4781952409587877e-05, "validation_rollout": 0.0009562557679601014, "train_seconds": 1.1219959370791912, "elapsed_seconds": 1.9340215995907784}
{"cell": "midpoint-b4-L4-initial-s161803-A", "epoch": 400, "train_mse": 2.9012944651185535e-05, "gradient_norm": 1.839799188019242e-05, "validation_one_step": 2.3601361135661136e-05, "validation_rollout": 0.0009139187168329954, "train_seconds": 1.4905586205422878, "elapsed_seconds": 2.559915002435446}
CELL_COMPLETE midpoint-b4-L4-initial-s161803-A
{"cell": "midpoint-b4-L4-initial-s161803-B", "epoch": 1, "train_mse": 0.004514350555837154, "gradient_norm": 0.006107144523411989, "validation_one_step": 0.0038796284158403673, "validation_rollout": 0.08648625761270523, "train_seconds": 0.004325240850448608, "elapsed_seconds": 0.029167260974645615}
{"cell": "midpoint-b4-L4-initial-s161803-B", "epoch": 100, "train_mse": 3.274388291174546e-05, "gradient_norm": 2.4254550226032734e-05, "validation_one_step": 2.6349298498947366e-05, "validation_rollout": 0.0010315746767446399, "train_seconds": 0.3697677329182625, "elapsed_seconds": 0.6462536565959454}
{"cell": "midpoint-b4-L4-initial-s161803-B", "epoch": 200, "train_mse": 3.156554157612845e-05, "gradient_norm": 1.773456642695237e-05, "validation_one_step": 2.5548485609760974e-05, "validation_rollout": 0.0009901915909722447, "train_seconds": 0.7380008660256863, "elapsed_seconds": 1.2668438628315926}
{"cell": "midpoint-b4-L4-initial-s161803-B", "epoch": 300, "train_mse": 3.027551429113373e-05, "gradient_norm": 1.7812226360547356e-05, "validation_one_step": 2.458566518726002e-05, "validation_rollout": 0.0009618698386475444, "train_seconds": 1.1011289544403553, "elapsed_seconds": 1.879468236118555}
{"cell": "midpoint-b4-L4-initial-s161803-B", "epoch": 400, "train_mse": 2.8718648536596447e-05, "gradient_norm": 1.8656493921298534e-05, "validation_one_step": 2.338207893141468e-05, "validation_rollout": 0.0009157811291515827, "train_seconds": 1.4626251459121704, "elapsed_seconds": 2.4916065707802773}
CELL_COMPLETE midpoint-b4-L4-initial-s161803-B
{"cell": "midpoint-b4-L4-teacher-s31415-A", "epoch": 1, "train_mse": 0.007611611392349005, "gradient_norm": 0.008538457565009594, "validation_one_step": 0.0040270132788767414, "validation_rollout": 0.08913274854421616, "train_seconds": 0.004333090037107468, "elapsed_seconds": 0.029810994863510132}
{"cell": "midpoint-b4-L4-teacher-s31415-A", "epoch": 100, "train_mse": 7.85345328040421e-05, "gradient_norm": 6.179049523780122e-05, "validation_one_step": 4.7930343498592265e-05, "validation_rollout": 0.001103564747609198, "train_seconds": 0.3728927932679653, "elapsed_seconds": 0.6546087935566902}
{"cell": "midpoint-b4-L4-teacher-s31415-A", "epoch": 200, "train_mse": 7.573049515485764e-05, "gradient_norm": 3.754940189537592e-05, "validation_one_step": 4.5697128825850086e-05, "validation_rollout": 0.0010597066720947623, "train_seconds": 0.7434247136116028, "elapsed_seconds": 1.278751865029335}
{"cell": "midpoint-b4-L4-teacher-s31415-A", "epoch": 300, "train_mse": 7.17353104846552e-05, "gradient_norm": 4.107392669538967e-05, "validation_one_step": 4.328793465901981e-05, "validation_rollout": 0.0010065407259389758, "train_seconds": 1.114347368478775, "elapsed_seconds": 1.9037874452769756}
{"cell": "midpoint-b4-L4-teacher-s31415-A", "epoch": 400, "train_mse": 6.559575558640063e-05, "gradient_norm": 4.672748764278367e-05, "validation_one_step": 3.960624871979235e-05, "validation_rollout": 0.0009202004875987768, "train_seconds": 1.485476367175579, "elapsed_seconds": 2.533289458602667}
CELL_COMPLETE midpoint-b4-L4-teacher-s31415-A
{"cell": "midpoint-b4-L4-teacher-s31415-B", "epoch": 1, "train_mse": 0.008402122184634209, "gradient_norm": 0.013182023540139198, "validation_one_step": 0.004302115101988117, "validation_rollout": 0.09406384825706482, "train_seconds": 0.004342902451753616, "elapsed_seconds": 0.029107950627803802}
{"cell": "midpoint-b4-L4-teacher-s31415-B", "epoch": 100, "train_mse": 7.486976392101496e-05, "gradient_norm": 0.00017072854097932577, "validation_one_step": 4.873767011304153e-05, "validation_rollout": 0.0010880118934437633, "train_seconds": 0.3734046034514904, "elapsed_seconds": 0.6500099636614323}
{"cell": "midpoint-b4-L4-teacher-s31415-B", "epoch": 200, "train_mse": 7.106602424755692e-05, "gradient_norm": 4.2774463508976623e-05, "validation_one_step": 4.2768220131013855e-05, "validation_rollout": 0.0009773863712325692, "train_seconds": 0.7450809217989445, "elapsed_seconds": 1.276559241116047}
{"cell": "midpoint-b4-L4-teacher-s31415-B", "epoch": 300, "train_mse": 6.64886028971523e-05, "gradient_norm": 4.4714470277540386e-05, "validation_one_step": 4.001012409086494e-05, "validation_rollout": 0.0009174085571430624, "train_seconds": 1.1137332953512669, "elapsed_seconds": 1.8950688242912292}
{"cell": "midpoint-b4-L4-teacher-s31415-B", "epoch": 400, "train_mse": 6.0230820963624865e-05, "gradient_norm": 4.8459118261234835e-05, "validation_one_step": 3.623759251543864e-05, "validation_rollout": 0.0008322024950757623, "train_seconds": 1.482538104057312, "elapsed_seconds": 2.51541481167078}
CELL_COMPLETE midpoint-b4-L4-teacher-s31415-B
{"cell": "midpoint-b4-L4-teacher-s271828-A", "epoch": 1, "train_mse": 0.0026817661710083485, "gradient_norm": 0.00433777179569006, "validation_one_step": 0.0028149185430568955, "validation_rollout": 0.06542621552944183, "train_seconds": 0.005181021988391876, "elapsed_seconds": 0.030784770846366882}
{"cell": "midpoint-b4-L4-teacher-s271828-A", "epoch": 100, "train_mse": 3.7639139918610454e-05, "gradient_norm": 1.8702330635278486e-05, "validation_one_step": 3.9654469219385646e-05, "validation_rollout": 0.0010600559180602431, "train_seconds": 0.37764811143279076, "elapsed_seconds": 0.6570748463273048}
{"cell": "midpoint-b4-L4-teacher-s271828-A", "epoch": 200, "train_mse": 3.591070344555192e-05, "gradient_norm": 1.4908328012097627e-05, "validation_one_step": 3.8101167016672356e-05, "validation_rollout": 0.0010347297647967935, "train_seconds": 0.7486378587782383, "elapsed_seconds": 1.280830018222332}
{"cell": "midpoint-b4-L4-teacher-s271828-A", "epoch": 300, "train_mse": 3.407552867429331e-05, "gradient_norm": 1.4882498362567276e-05, "validation_one_step": 3.7152061243735567e-05, "validation_rollout": 0.0010144140105694532, "train_seconds": 1.1185942068696022, "elapsed_seconds": 1.9061773493885994}
{"cell": "midpoint-b4-L4-teacher-s271828-A", "epoch": 400, "train_mse": 3.197032492607832e-05, "gradient_norm": 1.576016984472517e-05, "validation_one_step": 3.547564604862904e-05, "validation_rollout": 0.0009722479153424501, "train_seconds": 1.4882800877094269, "elapsed_seconds": 2.5322307907044888}
CELL_COMPLETE midpoint-b4-L4-teacher-s271828-A
{"cell": "midpoint-b4-L4-teacher-s271828-B", "epoch": 1, "train_mse": 0.0026979991234838963, "gradient_norm": 0.004304235335439444, "validation_one_step": 0.0028423332745054117, "validation_rollout": 0.06608745455741882, "train_seconds": 0.0043360330164432526, "elapsed_seconds": 0.0290398970246315}
{"cell": "midpoint-b4-L4-teacher-s271828-B", "epoch": 100, "train_mse": 3.694729821290821e-05, "gradient_norm": 2.1395511794253252e-05, "validation_one_step": 4.022970491253849e-05, "validation_rollout": 0.001054212567396462, "train_seconds": 0.3655971847474575, "elapsed_seconds": 0.6388607360422611}
{"cell": "midpoint-b4-L4-teacher-s271828-B", "epoch": 200, "train_mse": 3.4791126381605864e-05, "gradient_norm": 1.6015108485589735e-05, "validation_one_step": 3.877736601983391e-05, "validation_rollout": 0.001030241372063756, "train_seconds": 0.7303964793682098, "elapsed_seconds": 1.2650208175182343}
{"cell": "midpoint-b4-L4-teacher-s271828-B", "epoch": 300, "train_mse": 3.279473457951099e-05, "gradient_norm": 1.4762867067474872e-05, "validation_one_step": 3.8208948656877815e-05, "validation_rollout": 0.00101845758035779, "train_seconds": 1.0963756628334522, "elapsed_seconds": 1.881697129458189}
{"cell": "midpoint-b4-L4-teacher-s271828-B", "epoch": 400, "train_mse": 3.068605292355642e-05, "gradient_norm": 1.55106154124951e-05, "validation_one_step": 3.644122504435169e-05, "validation_rollout": 0.0009728444274514914, "train_seconds": 1.4615063779056072, "elapsed_seconds": 2.497453060001135}
CELL_COMPLETE midpoint-b4-L4-teacher-s271828-B
{"cell": "midpoint-b4-L4-teacher-s161803-A", "epoch": 1, "train_mse": 0.005857829935848713, "gradient_norm": 0.008472200483083725, "validation_one_step": 0.0039042308538531265, "validation_rollout": 0.08685282617807388, "train_seconds": 0.00431351363658905, "elapsed_seconds": 0.029753226786851883}
{"cell": "midpoint-b4-L4-teacher-s161803-A", "epoch": 100, "train_mse": 5.757072358392179e-05, "gradient_norm": 4.543754403130151e-05, "validation_one_step": 4.232654676646538e-05, "validation_rollout": 0.0010255060624331236, "train_seconds": 0.37111254036426544, "elapsed_seconds": 0.6522455550730228}
{"cell": "midpoint-b4-L4-teacher-s161803-A", "epoch": 200, "train_mse": 5.57272978767287e-05, "gradient_norm": 2.9060274755465798e-05, "validation_one_step": 4.240928501531016e-05, "validation_rollout": 0.0010139530058950186, "train_seconds": 0.7416194714605808, "elapsed_seconds": 1.2764607407152653}
{"cell": "midpoint-b4-L4-teacher-s161803-A", "epoch": 300, "train_mse": 5.301777127897367e-05, "gradient_norm": 3.1732408388052136e-05, "validation_one_step": 4.0138417716661934e-05, "validation_rollout": 0.0009612918365746737, "train_seconds": 1.1125085018575191, "elapsed_seconds": 1.9012456089258194}
{"cell": "midpoint-b4-L4-teacher-s161803-A", "epoch": 400, "train_mse": 4.906621325062588e-05, "gradient_norm": 3.530595495249145e-05, "validation_one_step": 3.697640568134375e-05, "validation_rollout": 0.000885864719748497, "train_seconds": 1.4833039678633213, "elapsed_seconds": 2.5281078182160854}
CELL_COMPLETE midpoint-b4-L4-teacher-s161803-A
{"cell": "midpoint-b4-L4-teacher-s161803-B", "epoch": 1, "train_mse": 0.005946265533566475, "gradient_norm": 0.009200355969369411, "validation_one_step": 0.003879626630805433, "validation_rollout": 0.08648623526096344, "train_seconds": 0.004350751638412476, "elapsed_seconds": 0.029161598533391953}
{"cell": "midpoint-b4-L4-teacher-s161803-B", "epoch": 100, "train_mse": 5.711813719244674e-05, "gradient_norm": 4.6611974539700896e-05, "validation_one_step": 4.2986213278103e-05, "validation_rollout": 0.0010255094384774566, "train_seconds": 0.36967867612838745, "elapsed_seconds": 0.64279605448246}
{"cell": "midpoint-b4-L4-teacher-s161803-B", "epoch": 200, "train_mse": 5.505417357198894e-05, "gradient_norm": 3.0011216949787922e-05, "validation_one_step": 4.232899967367606e-05, "validation_rollout": 0.0010019275359809399, "train_seconds": 0.7347201406955719, "elapsed_seconds": 1.254502810537815}
{"cell": "midpoint-b4-L4-teacher-s161803-B", "epoch": 300, "train_mse": 5.2233386668376625e-05, "gradient_norm": 3.2036401535151526e-05, "validation_one_step": 3.984518389188452e-05, "validation_rollout": 0.000946408836171031, "train_seconds": 1.099434483796358, "elapsed_seconds": 1.8678600043058395}
{"cell": "midpoint-b4-L4-teacher-s161803-B", "epoch": 400, "train_mse": 4.8323447117581964e-05, "gradient_norm": 3.516352080623619e-05, "validation_one_step": 3.662228300527204e-05, "validation_rollout": 0.0008713128045201302, "train_seconds": 1.4652208536863327, "elapsed_seconds": 2.48512165248394}
CELL_COMPLETE midpoint-b4-L4-teacher-s161803-B
{"cell": "midpoint-b4-L4-detached-s31415-A", "epoch": 1, "train_mse": 0.03940160572528839, "gradient_norm": 0.013140259310603142, "validation_one_step": 0.004027013317681849, "validation_rollout": 0.08913274854421616, "train_seconds": 0.013757385313510895, "elapsed_seconds": 0.039671897888183594}
{"cell": "midpoint-b4-L4-detached-s31415-A", "epoch": 100, "train_mse": 0.00040496356086805463, "gradient_norm": 0.00030846719164401293, "validation_one_step": 2.9632719967291148e-05, "validation_rollout": 0.0008776169270277023, "train_seconds": 1.2981166131794453, "elapsed_seconds": 1.581345621496439}
{"cell": "midpoint-b4-L4-detached-s31415-A", "epoch": 200, "train_mse": 0.00038801407208666205, "gradient_norm": 9.249578579328954e-05, "validation_one_step": 2.9974595387708785e-05, "validation_rollout": 0.0008491004118695855, "train_seconds": 2.596541292965412, "elapsed_seconds": 3.1357155479490757}
{"cell": "midpoint-b4-L4-detached-s31415-A", "epoch": 300, "train_mse": 0.00035961595131084323, "gradient_norm": 0.00010258609108859673, "validation_one_step": 2.7817822228826117e-05, "validation_rollout": 0.000790835008956492, "train_seconds": 3.896834146231413, "elapsed_seconds": 4.6928254924714565}
{"cell": "midpoint-b4-L4-detached-s31415-A", "epoch": 400, "train_mse": 0.00031413539545610547, "gradient_norm": 0.00011832749441964552, "validation_one_step": 2.4412695286931314e-05, "validation_rollout": 0.0006917093996889889, "train_seconds": 5.196697849780321, "elapsed_seconds": 6.250856246799231}
CELL_COMPLETE midpoint-b4-L4-detached-s31415-A
{"cell": "midpoint-b4-L4-detached-s31415-B", "epoch": 1, "train_mse": 0.044998377561569214, "gradient_norm": 0.0293395034968853, "validation_one_step": 0.004321527434512973, "validation_rollout": 0.09443412721157074, "train_seconds": 0.013426780700683594, "elapsed_seconds": 0.04362723231315613}
{"cell": "midpoint-b4-L4-detached-s31415-B", "epoch": 100, "train_mse": 0.000381768710212782, "gradient_norm": 0.00017522207053843886, "validation_one_step": 2.9104536073039828e-05, "validation_rollout": 0.0008238707669079304, "train_seconds": 1.2781911380589008, "elapsed_seconds": 1.559932116419077}
{"cell": "midpoint-b4-L4-detached-s31415-B", "epoch": 200, "train_mse": 0.00035712600219994783, "gradient_norm": 0.00010793606634251773, "validation_one_step": 2.7580260014777498e-05, "validation_rollout": 0.0007762792520225048, "train_seconds": 2.556591246277094, "elapsed_seconds": 3.0871156193315983}
{"cell": "midpoint-b4-L4-detached-s31415-B", "epoch": 300, "train_mse": 0.00032357341842725873, "gradient_norm": 0.00011157359404023737, "validation_one_step": 2.5019609438459156e-05, "validation_rollout": 0.0007096730405464768, "train_seconds": 3.8357474952936172, "elapsed_seconds": 4.615647986531258}
{"cell": "midpoint-b4-L4-detached-s31415-B", "epoch": 400, "train_mse": 0.00027873885119333863, "gradient_norm": 0.0001187557791126892, "validation_one_step": 2.161246963320688e-05, "validation_rollout": 0.0006150807021185756, "train_seconds": 5.1145055666565895, "elapsed_seconds": 6.146222583949566}
CELL_COMPLETE midpoint-b4-L4-detached-s31415-B
{"cell": "midpoint-b4-L4-detached-s271828-A", "epoch": 1, "train_mse": 0.015746545046567917, "gradient_norm": 0.007593976799398661, "validation_one_step": 0.002814918882601584, "validation_rollout": 0.06542623788118362, "train_seconds": 0.013458766043186188, "elapsed_seconds": 0.03872324153780937}
{"cell": "midpoint-b4-L4-detached-s271828-A", "epoch": 100, "train_mse": 0.00020110118202865124, "gradient_norm": 0.0001252393121831119, "validation_one_step": 3.10586826041496e-05, "validation_rollout": 0.0010560951195657253, "train_seconds": 1.3033323213458061, "elapsed_seconds": 1.5843576975166798}
{"cell": "midpoint-b4-L4-detached-s271828-A", "epoch": 200, "train_mse": 0.00018801348051056266, "gradient_norm": 3.799459955189377e-05, "validation_one_step": 3.0440787668339908e-05, "validation_rollout": 0.0010717856930568814, "train_seconds": 2.6060359068214893, "elapsed_seconds": 3.1413657143712044}
{"cell": "midpoint-b4-L4-detached-s271828-A", "epoch": 300, "train_mse": 0.000176000758074224, "gradient_norm": 3.7206027627689764e-05, "validation_one_step": 3.0416444208943478e-05, "validation_rollout": 0.001069481368176639, "train_seconds": 3.908733982592821, "elapsed_seconds": 4.701771058142185}
{"cell": "midpoint-b4-L4-detached-s271828-A", "epoch": 400, "train_mse": 0.00016265406156890094, "gradient_norm": 3.881259181071073e-05, "validation_one_step": 2.9377305584906328e-05, "validation_rollout": 0.0010289342608302832, "train_seconds": 5.231122966855764, "elapsed_seconds": 6.2820044830441475}
CELL_COMPLETE midpoint-b4-L4-detached-s271828-A
{"cell": "midpoint-b4-L4-detached-s271828-B", "epoch": 1, "train_mse": 0.01577879674732685, "gradient_norm": 0.0075514474883675575, "validation_one_step": 0.002842341646707306, "validation_rollout": 0.06608767807483673, "train_seconds": 0.013458587229251862, "elapsed_seconds": 0.04081641882658005}
{"cell": "midpoint-b4-L4-detached-s271828-B", "epoch": 100, "train_mse": 0.00019867060473188758, "gradient_norm": 0.0001353561383439228, "validation_one_step": 3.127577239562621e-05, "validation_rollout": 0.001057128538377583, "train_seconds": 1.3167813122272491, "elapsed_seconds": 1.5956404246389866}
{"cell": "midpoint-b4-L4-detached-s271828-B", "epoch": 200, "train_mse": 0.00018447093316353858, "gradient_norm": 4.081061342731118e-05, "validation_one_step": 3.081091161523849e-05, "validation_rollout": 0.0010830566752701998, "train_seconds": 2.6279281452298164, "elapsed_seconds": 3.163469009101391}
{"cell": "midpoint-b4-L4-detached-s271828-B", "epoch": 300, "train_mse": 0.00017134915105998516, "gradient_norm": 3.885424666805193e-05, "validation_one_step": 3.0769606231236445e-05, "validation_rollout": 0.0010778557043522596, "train_seconds": 3.9363885186612606, "elapsed_seconds": 4.726414989680052}
{"cell": "midpoint-b4-L4-detached-s271828-B", "epoch": 400, "train_mse": 0.0001558251678943634, "gradient_norm": 4.111562520847656e-05, "validation_one_step": 2.9309123419807293e-05, "validation_rollout": 0.0010157491778954864, "train_seconds": 5.248243998736143, "elapsed_seconds": 6.291363220661879}
CELL_COMPLETE midpoint-b4-L4-detached-s271828-B
{"cell": "midpoint-b4-L4-detached-s161803-A", "epoch": 1, "train_mse": 0.031210243701934814, "gradient_norm": 0.013768000528216362, "validation_one_step": 0.003904230116556088, "validation_rollout": 0.08685281872749329, "train_seconds": 0.013492844998836517, "elapsed_seconds": 0.03891529515385628}
{"cell": "midpoint-b4-L4-detached-s161803-A", "epoch": 100, "train_mse": 0.0003084847703576088, "gradient_norm": 0.00020954676438122988, "validation_one_step": 2.9431467737595085e-05, "validation_rollout": 0.0009052983950823545, "train_seconds": 1.3220075517892838, "elapsed_seconds": 1.6052871719002724}
{"cell": "midpoint-b4-L4-detached-s161803-A", "epoch": 200, "train_mse": 0.0002964979503303766, "gradient_norm": 7.1972724981606e-05, "validation_one_step": 2.9225173420854844e-05, "validation_rollout": 0.0008673163829371333, "train_seconds": 2.652424082159996, "elapsed_seconds": 3.1925424933433533}
{"cell": "midpoint-b4-L4-detached-s161803-A", "epoch": 300, "train_mse": 0.0002767325786408037, "gradient_norm": 7.958317291922867e-05, "validation_one_step": 2.720534409187773e-05, "validation_rollout": 0.0008097217651084065, "train_seconds": 3.9750999249517918, "elapsed_seconds": 4.779146622866392}
{"cell": "midpoint-b4-L4-detached-s161803-A", "epoch": 400, "train_mse": 0.0002472909400239587, "gradient_norm": 8.916200749808922e-05, "validation_one_step": 2.428481335906933e-05, "validation_rollout": 0.0007227346068248153, "train_seconds": 5.301526881754398, "elapsed_seconds": 6.375984106212854}
CELL_COMPLETE midpoint-b4-L4-detached-s161803-A
{"cell": "midpoint-b4-L4-detached-s161803-B", "epoch": 1, "train_mse": 0.03185996413230896, "gradient_norm": 0.016872581094503403, "validation_one_step": 0.0038980129756964743, "validation_rollout": 0.08683471381664276, "train_seconds": 0.013436608016490936, "elapsed_seconds": 0.03829394280910492}
{"cell": "midpoint-b4-L4-detached-s161803-B", "epoch": 100, "train_mse": 0.00030723283998668194, "gradient_norm": 0.0002428505540592596, "validation_one_step": 2.9439525405905442e-05, "validation_rollout": 0.0009072567918337882, "train_seconds": 1.291342057287693, "elapsed_seconds": 1.5661912001669407}
{"cell": "midpoint-b4-L4-detached-s161803-B", "epoch": 200, "train_mse": 0.00029330275719985366, "gradient_norm": 7.532179006375372e-05, "validation_one_step": 2.9109934682007104e-05, "validation_rollout": 0.0008619333384558558, "train_seconds": 2.580941893160343, "elapsed_seconds": 3.1070819459855556}
{"cell": "midpoint-b4-L4-detached-s161803-B", "epoch": 300, "train_mse": 0.0002725153462961316, "gradient_norm": 8.14229206298478e-05, "validation_one_step": 2.6888979846262373e-05, "validation_rollout": 0.0008019293309189379, "train_seconds": 3.8696972467005253, "elapsed_seconds": 4.647869601845741}
{"cell": "midpoint-b4-L4-detached-s161803-B", "epoch": 400, "train_mse": 0.00024286221014335752, "gradient_norm": 8.997471013572067e-05, "validation_one_step": 2.3897078032556845e-05, "validation_rollout": 0.0007136496133171022, "train_seconds": 5.184039730578661, "elapsed_seconds": 6.215510122478008}
CELL_COMPLETE midpoint-b4-L4-detached-s161803-B
{"cell": "midpoint-b4-L4-unroll-s31415-A", "epoch": 1, "train_mse": 0.03940160572528839, "gradient_norm": 0.03593863546848297, "validation_one_step": 0.004027012386359274, "validation_rollout": 0.08913272619247437, "train_seconds": 0.03851481154561043, "elapsed_seconds": 0.06500691547989845}
{"cell": "midpoint-b4-L4-unroll-s31415-A", "epoch": 100, "train_mse": 0.00040814600652083755, "gradient_norm": 0.0007058340706862509, "validation_one_step": 2.841025555729478e-05, "validation_rollout": 0.0008836589986458421, "train_seconds": 1.3722468987107277, "elapsed_seconds": 1.6529237516224384}
{"cell": "midpoint-b4-L4-unroll-s31415-A", "epoch": 200, "train_mse": 0.00039140894659794867, "gradient_norm": 0.00020751495321746916, "validation_one_step": 2.868691505379199e-05, "validation_rollout": 0.0008533912478014827, "train_seconds": 2.7231588400900364, "elapsed_seconds": 3.2589226365089417}
{"cell": "midpoint-b4-L4-unroll-s31415-A", "epoch": 300, "train_mse": 0.00036913491203449667, "gradient_norm": 0.00022508630354423076, "validation_one_step": 2.7064230228764547e-05, "validation_rollout": 0.0008092634379863739, "train_seconds": 4.0793147422373295, "elapsed_seconds": 4.870165012776852}
{"cell": "midpoint-b4-L4-unroll-s31415-A", "epoch": 400, "train_mse": 0.00033549111685715616, "gradient_norm": 0.00025391217786818743, "validation_one_step": 2.4665157980052754e-05, "validation_rollout": 0.0007374286651611328, "train_seconds": 5.441921513527632, "elapsed_seconds": 6.497134651988745}
CELL_COMPLETE midpoint-b4-L4-unroll-s31415-A
{"cell": "midpoint-b4-L4-unroll-s31415-B", "epoch": 1, "train_mse": 0.044998377561569214, "gradient_norm": 0.08617448061704636, "validation_one_step": 0.004321527861369153, "validation_rollout": 0.09443412721157074, "train_seconds": 0.013968676328659058, "elapsed_seconds": 0.038886480033397675}
{"cell": "midpoint-b4-L4-unroll-s31415-B", "epoch": 100, "train_mse": 0.00038254173705354333, "gradient_norm": 0.000723533914424479, "validation_one_step": 2.8348498441725194e-05, "validation_rollout": 0.0008260146714746952, "train_seconds": 1.3321587927639484, "elapsed_seconds": 1.6054717525839806}
{"cell": "midpoint-b4-L4-unroll-s31415-B", "epoch": 200, "train_mse": 0.000361813377821818, "gradient_norm": 0.00024929564096964896, "validation_one_step": 2.6536045349227304e-05, "validation_rollout": 0.0007865358493290842, "train_seconds": 2.6694538667798042, "elapsed_seconds": 3.192583166062832}
{"cell": "midpoint-b4-L4-unroll-s31415-B", "epoch": 300, "train_mse": 0.00033432815689593554, "gradient_norm": 0.00025436890427954495, "validation_one_step": 2.454396781104151e-05, "validation_rollout": 0.0007323306053876877, "train_seconds": 3.999719999730587, "elapsed_seconds": 4.773604303598404}
{"cell": "midpoint-b4-L4-unroll-s31415-B", "epoch": 400, "train_mse": 0.0002985751489177346, "gradient_norm": 0.0002662955375853926, "validation_one_step": 2.1952422533407418e-05, "validation_rollout": 0.0006584685761481524, "train_seconds": 5.33310466632247, "elapsed_seconds": 6.359183892607689}
CELL_COMPLETE midpoint-b4-L4-unroll-s31415-B
{"cell": "midpoint-b4-L4-unroll-s271828-A", "epoch": 1, "train_mse": 0.015746545046567917, "gradient_norm": 0.021912535652518272, "validation_one_step": 0.002814918562459449, "validation_rollout": 0.06542623043060303, "train_seconds": 0.013999763876199722, "elapsed_seconds": 0.03917578235268593}
{"cell": "midpoint-b4-L4-unroll-s271828-A", "epoch": 100, "train_mse": 0.0002013753110077232, "gradient_norm": 0.0003469386720098555, "validation_one_step": 3.0010037031994823e-05, "validation_rollout": 0.001061406685039401, "train_seconds": 1.3676559627056122, "elapsed_seconds": 1.6738768219947815}
{"cell": "midpoint-b4-L4-unroll-s271828-A", "epoch": 200, "train_mse": 0.00019240716937929392, "gradient_norm": 8.766942482907325e-05, "validation_one_step": 2.9438584306262783e-05, "validation_rollout": 0.001076599583029747, "train_seconds": 2.722621850669384, "elapsed_seconds": 3.2821535915136337}
{"cell": "midpoint-b4-L4-unroll-s271828-A", "epoch": 300, "train_mse": 0.00018183590145781636, "gradient_norm": 8.862082904670388e-05, "validation_one_step": 2.9300662011640572e-05, "validation_rollout": 0.0010653523495420814, "train_seconds": 4.077748399227858, "elapsed_seconds": 4.8916570618748665}
{"cell": "midpoint-b4-L4-unroll-s271828-A", "epoch": 400, "train_mse": 0.00017001629748847336, "gradient_norm": 8.879085362423211e-05, "validation_one_step": 2.8912772298402462e-05, "validation_rollout": 0.0010439316974952817, "train_seconds": 5.422407854348421, "elapsed_seconds": 6.492508556693792}
CELL_COMPLETE midpoint-b4-L4-unroll-s271828-A
{"cell": "midpoint-b4-L4-unroll-s271828-B", "epoch": 1, "train_mse": 0.01577879674732685, "gradient_norm": 0.02112218178808689, "validation_one_step": 0.0028423411422409117, "validation_rollout": 0.06608768552541733, "train_seconds": 0.013954706490039825, "elapsed_seconds": 0.03850189223885536}
{"cell": "midpoint-b4-L4-unroll-s271828-B", "epoch": 100, "train_mse": 0.00019814171537291259, "gradient_norm": 0.0003447738417889923, "validation_one_step": 3.0124408112897072e-05, "validation_rollout": 0.0010668019531294703, "train_seconds": 1.360160954296589, "elapsed_seconds": 1.6327633149921894}
{"cell": "midpoint-b4-L4-unroll-s271828-B", "epoch": 200, "train_mse": 0.000187942961929366, "gradient_norm": 9.764985588844866e-05, "validation_one_step": 2.9642584346826577e-05, "validation_rollout": 0.001088326214812696, "train_seconds": 2.7648596204817295, "elapsed_seconds": 3.284654915332794}
{"cell": "midpoint-b4-L4-unroll-s271828-B", "epoch": 300, "train_mse": 0.00017622162704356015, "gradient_norm": 9.51338661252521e-05, "validation_one_step": 2.959635313951973e-05, "validation_rollout": 0.0010780422016978264, "train_seconds": 4.16419967263937, "elapsed_seconds": 4.932772673666477}
{"cell": "midpoint-b4-L4-unroll-s271828-B", "epoch": 400, "train_mse": 0.00016294154920615256, "gradient_norm": 9.522451728116721e-05, "validation_one_step": 2.9028903099970194e-05, "validation_rollout": 0.0010444564977660775, "train_seconds": 5.499931205064058, "elapsed_seconds": 6.516022194176912}
CELL_COMPLETE midpoint-b4-L4-unroll-s271828-B
{"cell": "midpoint-b4-L4-unroll-s161803-A", "epoch": 1, "train_mse": 0.031210243701934814, "gradient_norm": 0.0378098264336586, "validation_one_step": 0.003904229844920337, "validation_rollout": 0.08685281872749329, "train_seconds": 0.013977773487567902, "elapsed_seconds": 0.03921889141201973}
{"cell": "midpoint-b4-L4-unroll-s161803-A", "epoch": 100, "train_mse": 0.0003110123216174543, "gradient_norm": 0.0006054413388483226, "validation_one_step": 2.8490392651292495e-05, "validation_rollout": 0.0009197285980917513, "train_seconds": 1.3490977138280869, "elapsed_seconds": 1.6295226700603962}
{"cell": "midpoint-b4-L4-unroll-s161803-A", "epoch": 200, "train_mse": 0.000299141276627779, "gradient_norm": 0.00016493108705617487, "validation_one_step": 2.8456805087747245e-05, "validation_rollout": 0.0008808334241621196, "train_seconds": 2.697052739560604, "elapsed_seconds": 3.2336285896599293}
{"cell": "midpoint-b4-L4-unroll-s161803-A", "epoch": 300, "train_mse": 0.0002833572216331959, "gradient_norm": 0.00017963342543225735, "validation_one_step": 2.688228914848878e-05, "validation_rollout": 0.0008355172467418015, "train_seconds": 4.055821504443884, "elapsed_seconds": 4.847391154617071}
{"cell": "midpoint-b4-L4-unroll-s161803-A", "epoch": 400, "train_mse": 0.0002605810295790434, "gradient_norm": 0.00019896257435902953, "validation_one_step": 2.467709828124498e-05, "validation_rollout": 0.000768667203374207, "train_seconds": 5.4044202864170074, "elapsed_seconds": 6.452641356736422}
CELL_COMPLETE midpoint-b4-L4-unroll-s161803-A
{"cell": "midpoint-b4-L4-unroll-s161803-B", "epoch": 1, "train_mse": 0.03185996413230896, "gradient_norm": 0.04721269756555557, "validation_one_step": 0.0038980115787126124, "validation_rollout": 0.08683469146490097, "train_seconds": 0.014011703431606293, "elapsed_seconds": 0.03861536085605621}
{"cell": "midpoint-b4-L4-unroll-s161803-B", "epoch": 100, "train_mse": 0.0003099745372310281, "gradient_norm": 0.0007084668031893671, "validation_one_step": 2.8529958550886175e-05, "validation_rollout": 0.0009207045659422874, "train_seconds": 1.3291830196976662, "elapsed_seconds": 1.6014558896422386}
{"cell": "midpoint-b4-L4-unroll-s161803-B", "epoch": 200, "train_mse": 0.0002963139850180596, "gradient_norm": 0.0001753793767420575, "validation_one_step": 2.8424938742925104e-05, "validation_rollout": 0.0008765279781073332, "train_seconds": 2.6556646563112736, "elapsed_seconds": 3.176243506371975}
{"cell": "midpoint-b4-L4-unroll-s161803-B", "epoch": 300, "train_mse": 0.00027937168488278985, "gradient_norm": 0.00018623494543135166, "validation_one_step": 2.6645238297836233e-05, "validation_rollout": 0.0008287497330456972, "train_seconds": 3.9845615588128567, "elapsed_seconds": 4.753629595041275}
{"cell": "midpoint-b4-L4-unroll-s161803-B", "epoch": 400, "train_mse": 0.00025606865528970957, "gradient_norm": 0.0002030206669587642, "validation_one_step": 2.4327434554531162e-05, "validation_rollout": 0.0007600903045386076, "train_seconds": 5.314069010317326, "elapsed_seconds": 6.333998262882233}
CELL_COMPLETE midpoint-b4-L4-unroll-s161803-B
STAGE_COMPLETE wave2-midpoint
STAGE_START oracle
{"cell": "midpoint-b4-L4-oracle-s31415-A", "epoch": 1, "train_mse": 0.6164681315422058, "gradient_norm": 0.8597215414047241, "validation_one_step": 0.00402753462549299, "validation_rollout": 0.08919989317655563, "train_seconds": 0.0020015835762023926, "elapsed_seconds": 0.02747805416584015}
{"cell": "midpoint-b4-L4-oracle-s31415-A", "epoch": 100, "train_mse": 0.009118559770286083, "gradient_norm": 0.008370541967451572, "validation_one_step": 0.00017713120056820722, "validation_rollout": 0.0040016500279307365, "train_seconds": 0.10992345586419106, "elapsed_seconds": 0.3872847780585289}
{"cell": "midpoint-b4-L4-oracle-s31415-A", "epoch": 200, "train_mse": 0.008575080893933773, "gradient_norm": 0.005014485213905573, "validation_one_step": 0.00016305087228829507, "validation_rollout": 0.0036676356103271246, "train_seconds": 0.21850185841321945, "elapsed_seconds": 0.74756133928895}
{"cell": "midpoint-b4-L4-oracle-s31415-A", "epoch": 300, "train_mse": 0.0076032825745642185, "gradient_norm": 0.005914857145398855, "validation_one_step": 0.00014601241552251545, "validation_rollout": 0.00326979486271739, "train_seconds": 0.32804838940501213, "elapsed_seconds": 1.1086893863976002}
{"cell": "midpoint-b4-L4-oracle-s31415-A", "epoch": 400, "train_mse": 0.0058707743883132935, "gradient_norm": 0.0070897312834858894, "validation_one_step": 0.00011505300456822927, "validation_rollout": 0.002553279045969248, "train_seconds": 0.4370376318693161, "elapsed_seconds": 1.4711335450410843}
{"cell": "midpoint-b4-L4-oracle-s31415-A", "epoch": 500, "train_mse": 0.003194098826497793, "gradient_norm": 0.010403084568679333, "validation_one_step": 6.532502629852388e-05, "validation_rollout": 0.0014229363296180964, "train_seconds": 0.5462924130260944, "elapsed_seconds": 1.8333914652466774}
{"cell": "midpoint-b4-L4-oracle-s31415-A", "epoch": 600, "train_mse": 0.0007918997434899211, "gradient_norm": 0.005291552748531103, "validation_one_step": 1.7936888070835266e-05, "validation_rollout": 0.000377341581042856, "train_seconds": 0.6550982370972633, "elapsed_seconds": 2.2005902007222176}
{"cell": "midpoint-b4-L4-oracle-s31415-A", "epoch": 700, "train_mse": 0.00010108041169587523, "gradient_norm": 0.0015321881510317326, "validation_one_step": 2.3425372906634343e-06, "validation_rollout": 4.725006510852836e-05, "train_seconds": 0.7655796892940998, "elapsed_seconds": 2.5687649697065353}
{"cell": "midpoint-b4-L4-oracle-s31415-A", "epoch": 800, "train_mse": 5.0202550482936203e-05, "gradient_norm": 0.0009224615059792995, "validation_one_step": 5.497600691721042e-07, "validation_rollout": 1.1084202924394049e-05, "train_seconds": 0.874138418585062, "elapsed_seconds": 2.937399633228779}
{"cell": "midpoint-b4-L4-oracle-s31415-A", "epoch": 900, "train_mse": 4.790514867636375e-05, "gradient_norm": 0.00011743220238713548, "validation_one_step": 3.553241884427886e-07, "validation_rollout": 7.1451495387009345e-06, "train_seconds": 0.985555361956358, "elapsed_seconds": 3.308185610920191}
{"cell": "midpoint-b4-L4-oracle-s31415-A", "epoch": 1000, "train_mse": 4.949066351400688e-05, "gradient_norm": 0.0046709938906133175, "validation_one_step": 3.322243339691037e-07, "validation_rollout": 6.713793482049368e-06, "train_seconds": 1.0943166837096214, "elapsed_seconds": 3.6765830144286156}
{"cell": "midpoint-b4-L4-oracle-s31415-A", "epoch": 1100, "train_mse": 4.5812012103851885e-05, "gradient_norm": 0.00011377642658771947, "validation_one_step": 3.1326889171623407e-07, "validation_rollout": 6.297447271208512e-06, "train_seconds": 1.2036525532603264, "elapsed_seconds": 4.045923627912998}
{"cell": "midpoint-b4-L4-oracle-s31415-A", "epoch": 1200, "train_mse": 4.4685573811875656e-05, "gradient_norm": 0.00011273374548181891, "validation_one_step": 3.001141960131311e-07, "validation_rollout": 6.023893092788057e-06, "train_seconds": 1.3123311772942543, "elapsed_seconds": 4.416933681815863}
{"cell": "midpoint-b4-L4-oracle-s31415-A", "epoch": 1300, "train_mse": 4.361551327747293e-05, "gradient_norm": 0.0011172008235007524, "validation_one_step": 2.8765037522286246e-07, "validation_rollout": 5.777596015832387e-06, "train_seconds": 1.4225309193134308, "elapsed_seconds": 4.787207953631878}
{"cell": "midpoint-b4-L4-oracle-s31415-A", "epoch": 1400, "train_mse": 4.221193375997245e-05, "gradient_norm": 0.0001103537724702619, "validation_one_step": 2.7226372623090356e-07, "validation_rollout": 5.4436463869933505e-06, "train_seconds": 1.5308498963713646, "elapsed_seconds": 5.157941162586212}
{"cell": "midpoint-b4-L4-oracle-s31415-A", "epoch": 1500, "train_mse": 4.090174115845002e-05, "gradient_norm": 0.00016134041652549058, "validation_one_step": 2.5743574383341183e-07, "validation_rollout": 5.134465936862398e-06, "train_seconds": 1.64170503616333, "elapsed_seconds": 5.531682137399912}
{"cell": "midpoint-b4-L4-oracle-s31415-A", "epoch": 1600, "train_mse": 3.9497113903053105e-05, "gradient_norm": 0.0002232175465906039, "validation_one_step": 2.425685199369809e-07, "validation_rollout": 4.824310053663794e-06, "train_seconds": 1.7510112784802914, "elapsed_seconds": 5.902851764112711}
{"cell": "midpoint-b4-L4-oracle-s31415-A", "epoch": 1700, "train_mse": 3.807534449151717e-05, "gradient_norm": 0.00010572378960205242, "validation_one_step": 2.268759568361626e-07, "validation_rollout": 4.498554517340381e-06, "train_seconds": 1.859581496566534, "elapsed_seconds": 6.275465324521065}
{"cell": "midpoint-b4-L4-oracle-s31415-A", "epoch": 1800, "train_mse": 3.661296432255767e-05, "gradient_norm": 0.00010425582149764523, "validation_one_step": 2.1123380496608965e-07, "validation_rollout": 4.172920853307005e-06, "train_seconds": 1.9713640362024307, "elapsed_seconds": 6.653340131044388}
{"cell": "midpoint-b4-L4-oracle-s31415-A", "epoch": 1900, "train_mse": 3.513748015393503e-05, "gradient_norm": 0.0006875291001051664, "validation_one_step": 1.9547239205053302e-07, "validation_rollout": 3.8457565096905455e-06, "train_seconds": 2.080243282020092, "elapsed_seconds": 7.025187082588673}
{"cell": "midpoint-b4-L4-oracle-s31415-A", "epoch": 2000, "train_mse": 3.3545915357535705e-05, "gradient_norm": 9.955823770724237e-05, "validation_one_step": 1.7930873497107314e-07, "validation_rollout": 3.5092539292236324e-06, "train_seconds": 2.188794545829296, "elapsed_seconds": 7.399799574166536}
CELL_COMPLETE midpoint-b4-L4-oracle-s31415-A
{"cell": "midpoint-b4-L4-oracle-s31415-B", "epoch": 1, "train_mse": 0.6301618218421936, "gradient_norm": 0.8603544235229492, "validation_one_step": 0.004345756761419277, "validation_rollout": 0.09480191767215729, "train_seconds": 0.0018764175474643707, "elapsed_seconds": 0.026503846049308777}
{"cell": "midpoint-b4-L4-oracle-s31415-B", "epoch": 100, "train_mse": 0.009107544086873531, "gradient_norm": 0.00798783078789711, "validation_one_step": 0.00017658930058435848, "validation_rollout": 0.003974566236138344, "train_seconds": 0.10990065336227417, "elapsed_seconds": 0.38040249794721603}
{"cell": "midpoint-b4-L4-oracle-s31415-B", "epoch": 200, "train_mse": 0.00855783186852932, "gradient_norm": 0.005027574487030506, "validation_one_step": 0.00016257427826834223, "validation_rollout": 0.0036487639881670475, "train_seconds": 0.21703920513391495, "elapsed_seconds": 0.7327445857226849}
{"cell": "midpoint-b4-L4-oracle-s31415-B", "epoch": 300, "train_mse": 0.007586065214127302, "gradient_norm": 0.005911199375987053, "validation_one_step": 0.00014500223187496886, "validation_rollout": 0.003246122505515814, "train_seconds": 0.32491230592131615, "elapsed_seconds": 1.0863439962267876}
{"cell": "midpoint-b4-L4-oracle-s31415-B", "epoch": 400, "train_mse": 0.005868958774954081, "gradient_norm": 0.007047497201710939, "validation_one_step": 0.00011360312085647213, "validation_rollout": 0.0025289261247962713, "train_seconds": 0.43264757841825485, "elapsed_seconds": 1.4402373619377613}
{"cell": "midpoint-b4-L4-oracle-s31415-B", "epoch": 500, "train_mse": 0.003216837765648961, "gradient_norm": 0.007513676304370165, "validation_one_step": 6.42239028820768e-05, "validation_rollout": 0.0014113199431449175, "train_seconds": 0.5421547666192055, "elapsed_seconds": 1.798319648951292}
{"cell": "midpoint-b4-L4-oracle-s31415-B", "epoch": 600, "train_mse": 0.0008203788311220706, "gradient_norm": 0.005060289520770311, "validation_one_step": 1.7781210469062596e-05, "validation_rollout": 0.0003809309855569154, "train_seconds": 0.6489806920289993, "elapsed_seconds": 2.155144866555929}
{"cell": "midpoint-b4-L4-oracle-s31415-B", "epoch": 700, "train_mse": 0.00010543878306634724, "gradient_norm": 0.001580814365297556, "validation_one_step": 2.3120842342905235e-06, "validation_rollout": 4.798655572813004e-05, "train_seconds": 0.7559014484286308, "elapsed_seconds": 2.5133487209677696}
{"cell": "midpoint-b4-L4-oracle-s31415-B", "epoch": 800, "train_mse": 4.9623868108028546e-05, "gradient_norm": 0.00028071936685591936, "validation_one_step": 5.139344191699516e-07, "validation_rollout": 1.0480793207534589e-05, "train_seconds": 0.8629779107868671, "elapsed_seconds": 2.8722321279346943}
{"cell": "midpoint-b4-L4-oracle-s31415-B", "epoch": 900, "train_mse": 4.7111072490224615e-05, "gradient_norm": 0.00011560393613763154, "validation_one_step": 3.441282151091703e-07, "validation_rollout": 6.96709867042955e-06, "train_seconds": 0.9696501903235912, "elapsed_seconds": 3.2311955764889717}
{"cell": "midpoint-b4-L4-oracle-s31415-B", "epoch": 1000, "train_mse": 4.608002200257033e-05, "gradient_norm": 0.00011317009921185672, "validation_one_step": 3.210898356087455e-07, "validation_rollout": 6.436223884520587e-06, "train_seconds": 1.0767893269658089, "elapsed_seconds": 3.5913882181048393}
{"cell": "midpoint-b4-L4-oracle-s31415-B", "epoch": 1100, "train_mse": 5.2775863878196105e-05, "gradient_norm": 0.008627546019852161, "validation_one_step": 6.928539815949838e-07, "validation_rollout": 1.6603164112893865e-05, "train_seconds": 1.1833915635943413, "elapsed_seconds": 3.9503822922706604}
{"cell": "midpoint-b4-L4-oracle-s31415-B", "epoch": 1200, "train_mse": 4.389872992760502e-05, "gradient_norm": 0.00012680624786298722, "validation_one_step": 2.9919329591621135e-07, "validation_rollout": 5.928572591074044e-06, "train_seconds": 1.2900137789547443, "elapsed_seconds": 4.310853339731693}
{"cell": "midpoint-b4-L4-oracle-s31415-B", "epoch": 1300, "train_mse": 4.273452941561118e-05, "gradient_norm": 0.00024349811428692192, "validation_one_step": 2.858190839560848e-07, "validation_rollout": 5.635506113321753e-06, "train_seconds": 1.3967461809515953, "elapsed_seconds": 4.6720293164253235}
{"cell": "midpoint-b4-L4-oracle-s31415-B", "epoch": 1400, "train_mse": 4.1466268157819286e-05, "gradient_norm": 0.00017169286729767919, "validation_one_step": 2.727388874745884e-07, "validation_rollout": 5.3636558732250705e-06, "train_seconds": 1.5032465383410454, "elapsed_seconds": 5.030997354537249}
{"cell": "midpoint-b4-L4-oracle-s31415-B", "epoch": 1500, "train_mse": 4.01790821342729e-05, "gradient_norm": 0.00010774787369882688, "validation_one_step": 2.579029635777867e-07, "validation_rollout": 5.054222128819674e-06, "train_seconds": 1.610260084271431, "elapsed_seconds": 5.3944433480501175}
{"cell": "midpoint-b4-L4-oracle-s31415-B", "epoch": 1600, "train_mse": 3.902298703906126e-05, "gradient_norm": 0.0014537125825881958, "validation_one_step": 2.6181488266274755e-07, "validation_rollout": 5.197748123464407e-06, "train_seconds": 1.7171977125108242, "elapsed_seconds": 5.755025569349527}
{"cell": "midpoint-b4-L4-oracle-s31415-B", "epoch": 1700, "train_mse": 3.740511601790786e-05, "gradient_norm": 0.00010646270675351843, "validation_one_step": 2.2749941545422794e-07, "validation_rollout": 4.421996436576592e-06, "train_seconds": 1.8241666480898857, "elapsed_seconds": 6.118113327771425}
{"cell": "midpoint-b4-L4-oracle-s31415-B", "epoch": 1800, "train_mse": 3.597403338062577e-05, "gradient_norm": 0.00010670520714484155, "validation_one_step": 2.1201397556088372e-07, "validation_rollout": 4.101088507013628e-06, "train_seconds": 1.931360863149166, "elapsed_seconds": 6.482721488922834}
{"cell": "midpoint-b4-L4-oracle-s31415-B", "epoch": 1900, "train_mse": 3.444474714342505e-05, "gradient_norm": 0.00027842511190101504, "validation_one_step": 1.965087707371064e-07, "validation_rollout": 3.780577344514313e-06, "train_seconds": 2.038494411855936, "elapsed_seconds": 6.8451286144554615}
{"cell": "midpoint-b4-L4-oracle-s31415-B", "epoch": 2000, "train_mse": 3.293996269349009e-05, "gradient_norm": 9.836619574343786e-05, "validation_one_step": 1.801876639007105e-07, "validation_rollout": 3.44453383149812e-06, "train_seconds": 2.1457955092191696, "elapsed_seconds": 7.210857078433037}
CELL_COMPLETE midpoint-b4-L4-oracle-s31415-B
{"cell": "midpoint-b4-L4-oracle-s271828-A", "epoch": 1, "train_mse": 0.3870798945426941, "gradient_norm": 0.8137001991271973, "validation_one_step": 0.0028072066391663006, "validation_rollout": 0.06529742479324341, "train_seconds": 0.0018432922661304474, "elapsed_seconds": 0.02721472829580307}
{"cell": "midpoint-b4-L4-oracle-s271828-A", "epoch": 100, "train_mse": 0.010135346092283726, "gradient_norm": 0.004650650545954704, "validation_one_step": 0.0001948264252860099, "validation_rollout": 0.00441936356946826, "train_seconds": 0.10990526899695396, "elapsed_seconds": 0.3865330442786217}
{"cell": "midpoint-b4-L4-oracle-s271828-A", "epoch": 200, "train_mse": 0.009628890082240105, "gradient_norm": 0.004131996538490057, "validation_one_step": 0.0001820930907949029, "validation_rollout": 0.004115844611078501, "train_seconds": 0.2195039838552475, "elapsed_seconds": 0.7483073063194752}
{"cell": "midpoint-b4-L4-oracle-s271828-A", "epoch": 300, "train_mse": 0.008572920225560665, "gradient_norm": 0.0053334906697273254, "validation_one_step": 0.00016297195300770304, "validation_rollout": 0.003666294738650322, "train_seconds": 0.32913896068930626, "elapsed_seconds": 1.1116043142974377}
{"cell": "midpoint-b4-L4-oracle-s271828-A", "epoch": 400, "train_mse": 0.006119238678365946, "gradient_norm": 0.0075920443050563335, "validation_one_step": 0.00011768827365206865, "validation_rollout": 0.002614213153719902, "train_seconds": 0.4375447444617748, "elapsed_seconds": 1.4721034690737724}
{"cell": "midpoint-b4-L4-oracle-s271828-A", "epoch": 500, "train_mse": 0.001706369104795158, "gradient_norm": 0.007268834393471479, "validation_one_step": 3.326413298054831e-05, "validation_rollout": 0.000711249012965709, "train_seconds": 0.5457506254315376, "elapsed_seconds": 1.8344105631113052}
{"cell": "midpoint-b4-L4-oracle-s271828-A", "epoch": 600, "train_mse": 5.511470226338133e-05, "gradient_norm": 0.0015280224615707994, "validation_one_step": 8.840716390068337e-07, "validation_rollout": 1.704452370177023e-05, "train_seconds": 0.6546692736446857, "elapsed_seconds": 2.200456812977791}
{"cell": "midpoint-b4-L4-oracle-s271828-A", "epoch": 700, "train_mse": 1.0456196832819842e-05, "gradient_norm": 0.00016395763668697327, "validation_one_step": 5.406484682168866e-08, "validation_rollout": 9.189622005578713e-07, "train_seconds": 0.7640653736889362, "elapsed_seconds": 2.568147871643305}
{"cell": "midpoint-b4-L4-oracle-s271828-A", "epoch": 800, "train_mse": 1.03143847809406e-05, "gradient_norm": 9.058469913725276e-06, "validation_one_step": 5.4626699608206764e-08, "validation_rollout": 1.0032339332610718e-06, "train_seconds": 0.8729743137955666, "elapsed_seconds": 2.9318332821130753}
{"cell": "midpoint-b4-L4-oracle-s271828-A", "epoch": 900, "train_mse": 1.2356821571302135e-05, "gradient_norm": 0.003875243477523327, "validation_one_step": 7.146129613981127e-08, "validation_rollout": 1.6414961692134966e-06, "train_seconds": 0.9814282692968845, "elapsed_seconds": 3.294742774218321}
{"cell": "midpoint-b4-L4-oracle-s271828-A", "epoch": 1000, "train_mse": 1.029534814733779e-05, "gradient_norm": 2.5143597667920403e-05, "validation_one_step": 5.536997527144649e-08, "validation_rollout": 1.0199132702837233e-06, "train_seconds": 1.0903896875679493, "elapsed_seconds": 3.659036323428154}
{"cell": "midpoint-b4-L4-oracle-s271828-A", "epoch": 1100, "train_mse": 1.3345507795747835e-05, "gradient_norm": 0.004727966617792845, "validation_one_step": 9.012445545408809e-08, "validation_rollout": 1.922228420880856e-06, "train_seconds": 1.1990646980702877, "elapsed_seconds": 4.02338308468461}
{"cell": "midpoint-b4-L4-oracle-s271828-A", "epoch": 1200, "train_mse": 1.0274209671479184e-05, "gradient_norm": 3.3017920941347256e-05, "validation_one_step": 5.5993414053527126e-08, "validation_rollout": 1.0355006452300586e-06, "train_seconds": 1.3072799369692802, "elapsed_seconds": 4.388031907379627}
{"cell": "midpoint-b4-L4-oracle-s271828-A", "epoch": 1300, "train_mse": 1.244456143467687e-05, "gradient_norm": 0.0039883628487586975, "validation_one_step": 1.5343115281988654e-07, "validation_rollout": 3.7335266824811697e-06, "train_seconds": 1.420959111303091, "elapsed_seconds": 4.769260123372078}
{"cell": "midpoint-b4-L4-oracle-s271828-A", "epoch": 1400, "train_mse": 1.0250933883071411e-05, "gradient_norm": 1.7981132259592414e-05, "validation_one_step": 5.681221892928079e-08, "validation_rollout": 1.0518049293750664e-06, "train_seconds": 1.5417284034192562, "elapsed_seconds": 5.180370505899191}
{"cell": "midpoint-b4-L4-oracle-s271828-A", "epoch": 1500, "train_mse": 1.0242074495181441e-05, "gradient_norm": 0.00014479519450105727, "validation_one_step": 5.700259671688931e-08, "validation_rollout": 1.0647763701854274e-06, "train_seconds": 1.665175523608923, "elapsed_seconds": 5.591909270733595}
{"cell": "midpoint-b4-L4-oracle-s271828-A", "epoch": 1600, "train_mse": 1.0228773135168012e-05, "gradient_norm": 0.0001477471087127924, "validation_one_step": 5.7903784878021725e-08, "validation_rollout": 1.0709919706641813e-06, "train_seconds": 1.7753847502171993, "elapsed_seconds": 5.96263363212347}
{"cell": "midpoint-b4-L4-oracle-s271828-A", "epoch": 1700, "train_mse": 1.0213333553110715e-05, "gradient_norm": 7.786002242937684e-06, "validation_one_step": 5.800726891417677e-08, "validation_rollout": 1.0782101753648021e-06, "train_seconds": 1.8845744282007217, "elapsed_seconds": 6.33116677030921}
{"cell": "midpoint-b4-L4-oracle-s271828-A", "epoch": 1800, "train_mse": 1.0351981472922489e-05, "gradient_norm": 0.001053562038578093, "validation_one_step": 5.9188008272315074e-08, "validation_rollout": 1.0937616252704174e-06, "train_seconds": 1.993185542523861, "elapsed_seconds": 6.699532862752676}
{"cell": "midpoint-b4-L4-oracle-s271828-A", "epoch": 1900, "train_mse": 1.0185663995798677e-05, "gradient_norm": 1.3494843187800143e-05, "validation_one_step": 5.886928515034621e-08, "validation_rollout": 1.0975269333357573e-06, "train_seconds": 2.101843848824501, "elapsed_seconds": 7.068322513252497}
{"cell": "midpoint-b4-L4-oracle-s271828-A", "epoch": 2000, "train_mse": 1.0172134352615103e-05, "gradient_norm": 7.591390385641716e-06, "validation_one_step": 5.926496212301421e-08, "validation_rollout": 1.1057778692702414e-06, "train_seconds": 2.2104369923472404, "elapsed_seconds": 7.437555205076933}
CELL_COMPLETE midpoint-b4-L4-oracle-s271828-A
{"cell": "midpoint-b4-L4-oracle-s271828-B", "epoch": 1, "train_mse": 0.3894481658935547, "gradient_norm": 0.812883734703064, "validation_one_step": 0.002842342471315836, "validation_rollout": 0.06608771532773972, "train_seconds": 0.0018866881728172302, "elapsed_seconds": 0.02720780298113823}
{"cell": "midpoint-b4-L4-oracle-s271828-B", "epoch": 100, "train_mse": 0.010139264166355133, "gradient_norm": 0.00476965494453907, "validation_one_step": 0.00019563104312207238, "validation_rollout": 0.004424436017870903, "train_seconds": 0.1080484613776207, "elapsed_seconds": 0.3810235671699047}
{"cell": "midpoint-b4-L4-oracle-s271828-B", "epoch": 200, "train_mse": 0.009630410932004452, "gradient_norm": 0.0041329036466777325, "validation_one_step": 0.00018295800388538433, "validation_rollout": 0.004120889585465193, "train_seconds": 0.21480239182710648, "elapsed_seconds": 0.7329893559217453}
{"cell": "midpoint-b4-L4-oracle-s271828-B", "epoch": 300, "train_mse": 0.008576108142733574, "gradient_norm": 0.005325303878635168, "validation_one_step": 0.00016379670159949455, "validation_rollout": 0.0036723967641592026, "train_seconds": 0.3212337829172611, "elapsed_seconds": 1.0846202671527863}
{"cell": "midpoint-b4-L4-oracle-s271828-B", "epoch": 400, "train_mse": 0.006132068578153849, "gradient_norm": 0.007570511661469936, "validation_one_step": 0.00011843435883444424, "validation_rollout": 0.0026230078656226397, "train_seconds": 0.4284638538956642, "elapsed_seconds": 1.4378706999123096}
{"cell": "midpoint-b4-L4-oracle-s271828-B", "epoch": 500, "train_mse": 0.0017231618985533714, "gradient_norm": 0.007281271740794182, "validation_one_step": 3.3748536831505284e-05, "validation_rollout": 0.0007195068756118417, "train_seconds": 0.5349209494888783, "elapsed_seconds": 1.7907450906932354}
{"cell": "midpoint-b4-L4-oracle-s271828-B", "epoch": 600, "train_mse": 5.6921500799944624e-05, "gradient_norm": 0.0028868119698017836, "validation_one_step": 9.423631629109271e-07, "validation_rollout": 1.8220693164039403e-05, "train_seconds": 0.6419379264116287, "elapsed_seconds": 2.149114143103361}
{"cell": "midpoint-b4-L4-oracle-s271828-B", "epoch": 700, "train_mse": 1.0485968232387677e-05, "gradient_norm": 8.668237569509074e-05, "validation_one_step": 5.4391747402367706e-08, "validation_rollout": 9.111315648624441e-07, "train_seconds": 0.7489862740039825, "elapsed_seconds": 2.507368866354227}
{"cell": "midpoint-b4-L4-oracle-s271828-B", "epoch": 800, "train_mse": 1.0338871106796432e-05, "gradient_norm": 9.543507076159585e-06, "validation_one_step": 5.424514940936357e-08, "validation_rollout": 9.870941539702471e-07, "train_seconds": 0.8555140756070614, "elapsed_seconds": 2.8621827960014343}
{"cell": "midpoint-b4-L4-oracle-s271828-B", "epoch": 900, "train_mse": 1.0947229384328239e-05, "gradient_norm": 0.002310514450073242, "validation_one_step": 6.249421543221463e-08, "validation_rollout": 1.2970292573299957e-06, "train_seconds": 0.9621098004281521, "elapsed_seconds": 3.2167451195418835}
{"cell": "midpoint-b4-L4-oracle-s271828-B", "epoch": 1000, "train_mse": 1.0313580787624232e-05, "gradient_norm": 9.908691026794259e-06, "validation_one_step": 5.493313715021486e-08, "validation_rollout": 1.0056098744826159e-06, "train_seconds": 1.0685074180364609, "elapsed_seconds": 3.571629848331213}
{"cell": "midpoint-b4-L4-oracle-s271828-B", "epoch": 1100, "train_mse": 2.9008790079387836e-05, "gradient_norm": 0.012660362757742405, "validation_one_step": 9.948251502578387e-07, "validation_rollout": 2.734302506723907e-05, "train_seconds": 1.1747982315719128, "elapsed_seconds": 3.927119620144367}
{"cell": "midpoint-b4-L4-oracle-s271828-B", "epoch": 1200, "train_mse": 1.0287943950970657e-05, "gradient_norm": 0.00010656970698619261, "validation_one_step": 5.5841413863314905e-08, "validation_rollout": 1.0231948408545577e-06, "train_seconds": 1.2837825380265713, "elapsed_seconds": 4.287282790988684}
{"cell": "midpoint-b4-L4-oracle-s271828-B", "epoch": 1300, "train_mse": 1.0274122359987814e-05, "gradient_norm": 8.602697562309913e-06, "validation_one_step": 5.6034468028561456e-08, "validation_rollout": 1.03119737104862e-06, "train_seconds": 1.3901543729007244, "elapsed_seconds": 4.643736694008112}
{"cell": "midpoint-b4-L4-oracle-s271828-B", "epoch": 1400, "train_mse": 1.046034594764933e-05, "gradient_norm": 0.0013138328213244677, "validation_one_step": 6.410171001410465e-08, "validation_rollout": 1.3376156857702881e-06, "train_seconds": 1.4964303225278854, "elapsed_seconds": 5.000682733952999}
{"cell": "midpoint-b4-L4-oracle-s271828-B", "epoch": 1500, "train_mse": 1.0244899385725148e-05, "gradient_norm": 1.1071218068536837e-05, "validation_one_step": 5.689776768254736e-08, "validation_rollout": 1.05146943951695e-06, "train_seconds": 1.60280279815197, "elapsed_seconds": 5.35821621119976}
{"cell": "midpoint-b4-L4-oracle-s271828-B", "epoch": 1600, "train_mse": 1.745641748129856e-05, "gradient_norm": 0.007843541912734509, "validation_one_step": 4.5274659754568347e-07, "validation_rollout": 1.2388843970256858e-05, "train_seconds": 1.7091838419437408, "elapsed_seconds": 5.716371078044176}
{"cell": "midpoint-b4-L4-oracle-s271828-B", "epoch": 1700, "train_mse": 1.0216237569693476e-05, "gradient_norm": 0.00012033258826704696, "validation_one_step": 5.798926790608524e-08, "validation_rollout": 1.0729928590080817e-06, "train_seconds": 1.8157268315553665, "elapsed_seconds": 6.075406894087791}
{"cell": "midpoint-b4-L4-oracle-s271828-B", "epoch": 1800, "train_mse": 1.0200863471254706e-05, "gradient_norm": 8.40114171296591e-06, "validation_one_step": 5.8232859719472195e-08, "validation_rollout": 1.0816278290803893e-06, "train_seconds": 1.9221710488200188, "elapsed_seconds": 6.434552732855082}
{"cell": "midpoint-b4-L4-oracle-s271828-B", "epoch": 1900, "train_mse": 1.0559756447037216e-05, "gradient_norm": 0.0017841443186625838, "validation_one_step": 7.106416847572443e-08, "validation_rollout": 1.5405546491820132e-06, "train_seconds": 2.028384793549776, "elapsed_seconds": 6.794212315231562}
{"cell": "midpoint-b4-L4-oracle-s271828-B", "epoch": 2000, "train_mse": 1.0169376764679328e-05, "gradient_norm": 1.5900912330835126e-05, "validation_one_step": 5.9243469093435884e-08, "validation_rollout": 1.103739805330406e-06, "train_seconds": 2.1348249167203903, "elapsed_seconds": 7.154624629765749}
CELL_COMPLETE midpoint-b4-L4-oracle-s271828-B
{"cell": "midpoint-b4-L4-oracle-s161803-A", "epoch": 1, "train_mse": 0.6004249453544617, "gradient_norm": 1.0540515184402466, "validation_one_step": 0.0038960432866588235, "validation_rollout": 0.08671892434358597, "train_seconds": 0.0018475279211997986, "elapsed_seconds": 0.027112070471048355}
{"cell": "midpoint-b4-L4-oracle-s161803-A", "epoch": 100, "train_mse": 0.009262033738195896, "gradient_norm": 0.005159761756658554, "validation_one_step": 0.00017486287833889946, "validation_rollout": 0.003944883123040199, "train_seconds": 0.11571607366204262, "elapsed_seconds": 0.39293769001960754}
{"cell": "midpoint-b4-L4-oracle-s161803-A", "epoch": 200, "train_mse": 0.008684836328029633, "gradient_norm": 0.005562725476920605, "validation_one_step": 0.00016511576541233808, "validation_rollout": 0.003716348670423031, "train_seconds": 0.22482695430517197, "elapsed_seconds": 0.7544668391346931}
{"cell": "midpoint-b4-L4-oracle-s161803-A", "epoch": 300, "train_mse": 0.007684140466153622, "gradient_norm": 0.00644296919927001, "validation_one_step": 0.00014716988759270558, "validation_rollout": 0.003296813229098916, "train_seconds": 0.33302294090390205, "elapsed_seconds": 1.1150257885456085}
{"cell": "midpoint-b4-L4-oracle-s161803-A", "epoch": 400, "train_mse": 0.006038099993020296, "gradient_norm": 0.00742774922400713, "validation_one_step": 0.00011744853933729853, "validation_rollout": 0.002608243376016617, "train_seconds": 0.4433388076722622, "elapsed_seconds": 1.477889809757471}
{"cell": "midpoint-b4-L4-oracle-s161803-A", "epoch": 500, "train_mse": 0.0036108933854848146, "gradient_norm": 0.007858426310122013, "validation_one_step": 7.274295876413817e-05, "validation_rollout": 0.0015892719384282827, "train_seconds": 0.5516255758702755, "elapsed_seconds": 1.8389507494866848}
{"cell": "midpoint-b4-L4-oracle-s161803-A", "epoch": 600, "train_mse": 0.0012019682908430696, "gradient_norm": 0.005993398372083902, "validation_one_step": 2.6065873801902246e-05, "validation_rollout": 0.0005535711534321308, "train_seconds": 0.6597712300717831, "elapsed_seconds": 2.2022656314074993}
{"cell": "midpoint-b4-L4-oracle-s161803-A", "epoch": 700, "train_mse": 0.0001882754295365885, "gradient_norm": 0.002530033001676202, "validation_one_step": 4.535057087196037e-06, "validation_rollout": 9.266757842851803e-05, "train_seconds": 0.7681360989809036, "elapsed_seconds": 2.568532958626747}
{"cell": "midpoint-b4-L4-oracle-s161803-A", "epoch": 800, "train_mse": 4.789350714418106e-05, "gradient_norm": 0.000742800475563854, "validation_one_step": 7.369801101238712e-07, "validation_rollout": 1.4561114767275285e-05, "train_seconds": 0.8769841119647026, "elapsed_seconds": 2.9373669177293777}
{"cell": "midpoint-b4-L4-oracle-s161803-A", "epoch": 900, "train_mse": 3.957403532695025e-05, "gradient_norm": 0.0001426327071385458, "validation_one_step": 2.987028165553814e-07, "validation_rollout": 5.895706181036076e-06, "train_seconds": 0.9854448325932026, "elapsed_seconds": 3.304804917424917}
{"cell": "midpoint-b4-L4-oracle-s161803-A", "epoch": 1000, "train_mse": 3.841354191536084e-05, "gradient_norm": 0.0001090554942493327, "validation_one_step": 2.3913761282301493e-07, "validation_rollout": 4.777793037646916e-06, "train_seconds": 1.0954379439353943, "elapsed_seconds": 3.6739200092852116}
{"cell": "midpoint-b4-L4-oracle-s161803-A", "epoch": 1100, "train_mse": 3.740884130820632e-05, "gradient_norm": 0.00010196019866270944, "validation_one_step": 2.18637836132037e-07, "validation_rollout": 4.329699549998622e-06, "train_seconds": 1.2036586292088032, "elapsed_seconds": 4.042128585278988}
{"cell": "midpoint-b4-L4-oracle-s161803-A", "epoch": 1200, "train_mse": 3.635130633483641e-05, "gradient_norm": 0.00016059498011600226, "validation_one_step": 2.0629283052168526e-07, "validation_rollout": 4.073435775353573e-06, "train_seconds": 1.311923123896122, "elapsed_seconds": 4.41092573851347}
{"cell": "midpoint-b4-L4-oracle-s161803-A", "epoch": 1300, "train_mse": 3.5214841773267835e-05, "gradient_norm": 0.00019597253412939608, "validation_one_step": 1.9462945270258084e-07, "validation_rollout": 3.829798515653238e-06, "train_seconds": 1.4203739054501057, "elapsed_seconds": 4.778125975281}
{"cell": "midpoint-b4-L4-oracle-s161803-A", "epoch": 1400, "train_mse": 3.4040596801787615e-05, "gradient_norm": 9.737181972013786e-05, "validation_one_step": 1.8227309854050114e-07, "validation_rollout": 3.5738480619329493e-06, "train_seconds": 1.5291970521211624, "elapsed_seconds": 5.149494115263224}
{"cell": "midpoint-b4-L4-oracle-s161803-A", "epoch": 1500, "train_mse": 3.2865798857528716e-05, "gradient_norm": 0.0007471757708117366, "validation_one_step": 1.8084392768476695e-07, "validation_rollout": 3.6337592064228375e-06, "train_seconds": 1.637429766356945, "elapsed_seconds": 5.517562855035067}
{"cell": "midpoint-b4-L4-oracle-s161803-A", "epoch": 1600, "train_mse": 3.152956924168393e-05, "gradient_norm": 9.482592577114701e-05, "validation_one_step": 1.569000129819642e-07, "validation_rollout": 3.0456258173217066e-06, "train_seconds": 1.7466978169977665, "elapsed_seconds": 5.889015056192875}
{"cell": "midpoint-b4-L4-oracle-s161803-A", "epoch": 1700, "train_mse": 3.0229573894757777e-05, "gradient_norm": 0.00018879146955441684, "validation_one_step": 1.4452161778422123e-07, "validation_rollout": 2.791967290249886e-06, "train_seconds": 1.8551880531013012, "elapsed_seconds": 6.2605633325874805}
{"cell": "midpoint-b4-L4-oracle-s161803-A", "epoch": 1800, "train_mse": 2.887246046157088e-05, "gradient_norm": 0.00025756307877600193, "validation_one_step": 1.3126921416528603e-07, "validation_rollout": 2.511013917683158e-06, "train_seconds": 1.9633309990167618, "elapsed_seconds": 6.6307633481919765}
{"cell": "midpoint-b4-L4-oracle-s161803-A", "epoch": 1900, "train_mse": 2.7507319828146137e-05, "gradient_norm": 8.724200597498566e-05, "validation_one_step": 1.1857444537355377e-07, "validation_rollout": 2.2491276467917487e-06, "train_seconds": 2.071761891245842, "elapsed_seconds": 7.003925129771233}
{"cell": "midpoint-b4-L4-oracle-s161803-A", "epoch": 2000, "train_mse": 3.052887404919602e-05, "gradient_norm": 0.005764338653534651, "validation_one_step": 2.1080853684907197e-07, "validation_rollout": 5.13638042320963e-06, "train_seconds": 2.180091429501772, "elapsed_seconds": 7.375418625771999}
CELL_COMPLETE midpoint-b4-L4-oracle-s161803-A
{"cell": "midpoint-b4-L4-oracle-s161803-B", "epoch": 1, "train_mse": 0.5990750789642334, "gradient_norm": 1.0364726781845093, "validation_one_step": 0.0038736362281876304, "validation_rollout": 0.08637431263923645, "train_seconds": 0.0018627271056175232, "elapsed_seconds": 0.026410888880491257}
{"cell": "midpoint-b4-L4-oracle-s161803-B", "epoch": 100, "train_mse": 0.009256642311811447, "gradient_norm": 0.005080982111394405, "validation_one_step": 0.00017467665808605184, "validation_rollout": 0.003933672793209553, "train_seconds": 0.10754375532269478, "elapsed_seconds": 0.37753496691584587}
{"cell": "midpoint-b4-L4-oracle-s161803-B", "epoch": 200, "train_mse": 0.008675730787217617, "gradient_norm": 0.00556260347366333, "validation_one_step": 0.00016472227859291402, "validation_rollout": 0.0037047681398689747, "train_seconds": 0.2158511057496071, "elapsed_seconds": 0.7309519648551941}
{"cell": "midpoint-b4-L4-oracle-s161803-B", "epoch": 300, "train_mse": 0.007672212552279234, "gradient_norm": 0.006433493457734585, "validation_one_step": 0.00014616837324865628, "validation_rollout": 0.0032779849134385586, "train_seconds": 0.32600393891334534, "elapsed_seconds": 1.0873545669019222}
{"cell": "midpoint-b4-L4-oracle-s161803-B", "epoch": 400, "train_mse": 0.0060284556820988655, "gradient_norm": 0.007399660535156727, "validation_one_step": 0.00011587959306780249, "validation_rollout": 0.0025842192117124796, "train_seconds": 0.43312951922416687, "elapsed_seconds": 1.4413160979747772}
{"cell": "midpoint-b4-L4-oracle-s161803-B", "epoch": 500, "train_mse": 0.003604060970246792, "gradient_norm": 0.007829287089407444, "validation_one_step": 7.123805092608866e-05, "validation_rollout": 0.0015683929668739438, "train_seconds": 0.5400820672512054, "elapsed_seconds": 1.7948366850614548}
{"cell": "midpoint-b4-L4-oracle-s161803-B", "epoch": 600, "train_mse": 0.0011972913052886724, "gradient_norm": 0.005961181130260229, "validation_one_step": 2.5041165220803425e-05, "validation_rollout": 0.0005399477086029947, "train_seconds": 0.6470279693603516, "elapsed_seconds": 2.1503452099859715}
{"cell": "midpoint-b4-L4-oracle-s161803-B", "epoch": 700, "train_mse": 0.0001884574885480106, "gradient_norm": 0.002535562263801694, "validation_one_step": 4.156248640659517e-06, "validation_rollout": 8.811324369162321e-05, "train_seconds": 0.7544354423880577, "elapsed_seconds": 2.513496335595846}
{"cell": "midpoint-b4-L4-oracle-s161803-B", "epoch": 800, "train_mse": 4.83079238620121e-05, "gradient_norm": 0.0006556755979545414, "validation_one_step": 6.297294087668585e-07, "validation_rollout": 1.3384493286139332e-05, "train_seconds": 0.8614113703370094, "elapsed_seconds": 2.8729400001466274}
{"cell": "midpoint-b4-L4-oracle-s161803-B", "epoch": 900, "train_mse": 3.9550639485241845e-05, "gradient_norm": 0.00034336483804509044, "validation_one_step": 2.5570517673637977e-07, "validation_rollout": 5.528434485313483e-06, "train_seconds": 0.9683927111327648, "elapsed_seconds": 3.2318829856812954}
{"cell": "midpoint-b4-L4-oracle-s161803-B", "epoch": 1000, "train_mse": 3.8059992220951244e-05, "gradient_norm": 0.00010701383871491998, "validation_one_step": 2.0491252191353246e-07, "validation_rollout": 4.417513991938904e-06, "train_seconds": 1.0753133296966553, "elapsed_seconds": 3.5920896008610725}
{"cell": "midpoint-b4-L4-oracle-s161803-B", "epoch": 1100, "train_mse": 3.6871759220957756e-05, "gradient_norm": 0.0008009641314856708, "validation_one_step": 1.937884862949583e-07, "validation_rollout": 4.1714370127010625e-06, "train_seconds": 1.1820950098335743, "elapsed_seconds": 3.9496664218604565}
{"cell": "midpoint-b4-L4-oracle-s161803-B", "epoch": 1200, "train_mse": 3.5619046684587374e-05, "gradient_norm": 9.950779349310324e-05, "validation_one_step": 1.862767161261066e-07, "validation_rollout": 3.881720658682752e-06, "train_seconds": 1.2891186624765396, "elapsed_seconds": 4.310963045805693}
{"cell": "midpoint-b4-L4-oracle-s161803-B", "epoch": 1300, "train_mse": 3.5391120036365464e-05, "gradient_norm": 0.0032919724471867085, "validation_one_step": 1.8796940892684688e-07, "validation_rollout": 3.7646295822924003e-06, "train_seconds": 1.3949855528771877, "elapsed_seconds": 4.669891502708197}
{"cell": "midpoint-b4-L4-oracle-s161803-B", "epoch": 1400, "train_mse": 3.314771311124787e-05, "gradient_norm": 9.814884833758697e-05, "validation_one_step": 1.6952245000349345e-07, "validation_rollout": 3.430558990658028e-06, "train_seconds": 1.4957672990858555, "elapsed_seconds": 5.025211848318577}
{"cell": "midpoint-b4-L4-oracle-s161803-B", "epoch": 1500, "train_mse": 3.1904182833386585e-05, "gradient_norm": 9.368963219458237e-05, "validation_one_step": 1.5999988948559954e-07, "validation_rollout": 3.1936594950821018e-06, "train_seconds": 1.5966749042272568, "elapsed_seconds": 5.381733972579241}
{"cell": "midpoint-b4-L4-oracle-s161803-B", "epoch": 1600, "train_mse": 3.066505814786069e-05, "gradient_norm": 0.0009842092404142022, "validation_one_step": 1.5326302775046466e-07, "validation_rollout": 2.972476750073838e-06, "train_seconds": 1.6977699548006058, "elapsed_seconds": 5.736750405281782}
{"cell": "midpoint-b4-L4-oracle-s161803-B", "epoch": 1700, "train_mse": 2.927763489424251e-05, "gradient_norm": 8.940749830799177e-05, "validation_one_step": 1.3854908864630033e-07, "validation_rollout": 2.696148840186652e-06, "train_seconds": 1.798449456691742, "elapsed_seconds": 6.094224940985441}
{"cell": "midpoint-b4-L4-oracle-s161803-B", "epoch": 1800, "train_mse": 2.795988075376954e-05, "gradient_norm": 0.00010065763490274549, "validation_one_step": 1.2758795975287285e-07, "validation_rollout": 2.446884536766447e-06, "train_seconds": 1.899490300565958, "elapsed_seconds": 6.452549364417791}
{"cell": "midpoint-b4-L4-oracle-s161803-B", "epoch": 1900, "train_mse": 2.656425567693077e-05, "gradient_norm": 0.00027431704802438617, "validation_one_step": 1.1637659428724116e-07, "validation_rollout": 2.200575409005978e-06, "train_seconds": 2.0004602670669556, "elapsed_seconds": 6.80902336910367}
{"cell": "midpoint-b4-L4-oracle-s161803-B", "epoch": 2000, "train_mse": 2.521903115848545e-05, "gradient_norm": 8.191448432626203e-05, "validation_one_step": 1.043559206455787e-07, "validation_rollout": 1.9506944681779714e-06, "train_seconds": 2.101275820285082, "elapsed_seconds": 7.168942339718342}
CELL_COMPLETE midpoint-b4-L4-oracle-s161803-B
STAGE_COMPLETE oracle
