root,cell,scheme,budget,length,mode,seed,model,checkpoint,primary_mse,generator_grid_mse,generator_reference_mse,bound_violation,energy_monotone,stress_mse,training_seconds,epochs,selected_epoch,privileged
wave1-euler,euler-b4-L4-detached-s161803-A,euler,4,4,detached,161803,A,final,0.004653887939821818,0.020804183557629582,0.02291402965784073,0.0,0.88671875,0.006306352454318333,6.76490094140172,400,400,False
wave1-euler,euler-b4-L4-detached-s161803-A,euler,4,4,detached,161803,A,best_one_step,0.004653887939821818,0.020804183557629582,0.02291402965784073,0.0,0.88671875,0.006306352454318333,6.76490094140172,400,400,False
wave1-euler,euler-b4-L4-detached-s161803-A,euler,4,4,detached,161803,A,best_rollout,0.004653887939821818,0.020804183557629582,0.02291402965784073,0.0,0.88671875,0.006306352454318333,6.76490094140172,400,400,False
wave1-euler,euler-b4-L4-detached-s161803-A,euler,4,4,detached,161803,A,epoch120,0.006191998945551201,0.027519579976797104,0.029455868527293202,0.0,0.86328125,0.008531725606684823,6.76490094140172,400,120,False
wave1-euler,euler-b4-L4-detached-s161803-B,euler,4,4,detached,161803,B,final,0.004661101463221299,0.020776776365184515,0.0229890113139938,0.0,0.8839285714285714,0.006302667035001042,6.6282469891011715,400,400,False
wave1-euler,euler-b4-L4-detached-s161803-B,euler,4,4,detached,161803,B,best_one_step,0.004661101463221299,0.020776776365184515,0.0229890113139938,0.0,0.8839285714285714,0.006302667035001042,6.6282469891011715,400,400,False
wave1-euler,euler-b4-L4-detached-s161803-B,euler,4,4,detached,161803,B,best_rollout,0.004661101463221299,0.020776776365184515,0.0229890113139938,0.0,0.8839285714285714,0.006302667035001042,6.6282469891011715,400,400,False
wave1-euler,euler-b4-L4-detached-s161803-B,euler,4,4,detached,161803,B,epoch120,0.006322886653459822,0.02782443763777784,0.029943392847736863,0.0,0.8646763392857143,0.008664846619779204,6.6282469891011715,400,120,False
wave1-euler,euler-b4-L4-detached-s271828-A,euler,4,4,detached,271828,A,final,0.007878254213033757,0.03349476680159569,0.038048401474952705,0.0,0.8323102678571428,0.011061101205919669,6.8292828388512135,400,400,False
wave1-euler,euler-b4-L4-detached-s271828-A,euler,4,4,detached,271828,A,best_one_step,0.007878254213033757,0.03349476680159569,0.038048401474952705,0.0,0.8323102678571428,0.011061101205919669,6.8292828388512135,400,400,False
wave1-euler,euler-b4-L4-detached-s271828-A,euler,4,4,detached,271828,A,best_rollout,0.007878254213033757,0.03349476680159569,0.038048401474952705,0.0,0.8323102678571428,0.011061101205919669,6.8292828388512135,400,400,False
wave1-euler,euler-b4-L4-detached-s271828-A,euler,4,4,detached,271828,A,epoch120,0.008726400153108884,0.03692825883626938,0.040477402508258827,0.0,0.8219866071428572,0.012278925891550111,6.8292828388512135,400,120,False
wave1-euler,euler-b4-L4-detached-s271828-B,euler,4,4,detached,271828,B,final,0.007717727945075396,0.03336966518258427,0.03811252473999999,0.0,0.830078125,0.010853284517210935,6.9752915278077126,400,400,False
wave1-euler,euler-b4-L4-detached-s271828-B,euler,4,4,detached,271828,B,best_one_step,0.007717727945075396,0.03336966518258427,0.03811252473999999,0.0,0.830078125,0.010853284517210935,6.9752915278077126,400,400,False
wave1-euler,euler-b4-L4-detached-s271828-B,euler,4,4,detached,271828,B,best_rollout,0.007717727945075396,0.03336966518258427,0.03811252473999999,0.0,0.830078125,0.010853284517210935,6.9752915278077126,400,400,False
wave1-euler,euler-b4-L4-detached-s271828-B,euler,4,4,detached,271828,B,epoch120,0.008789783111788779,0.03809024193059484,0.04197347687306453,0.0,0.81640625,0.012515211074264785,6.9752915278077126,400,120,False
wave1-euler,euler-b4-L4-detached-s31415-A,euler,4,4,detached,31415,A,final,0.004175309157374293,0.018126497045159343,0.019915230572223663,0.0,0.9026227678571429,0.0055123073579863005,6.6709202118217945,400,400,False
wave1-euler,euler-b4-L4-detached-s31415-A,euler,4,4,detached,31415,A,best_one_step,0.004175309157374293,0.018126497045159343,0.019915230572223663,0.0,0.9026227678571429,0.0055123073579863005,6.6709202118217945,400,400,False
wave1-euler,euler-b4-L4-detached-s31415-A,euler,4,4,detached,31415,A,best_rollout,0.004175309157374293,0.018126497045159343,0.019915230572223663,0.0,0.9026227678571429,0.0055123073579863005,6.6709202118217945,400,400,False
wave1-euler,euler-b4-L4-detached-s31415-A,euler,4,4,detached,31415,A,epoch120,0.005699562864773816,0.02492155693471432,0.02640063315629959,0.0,0.8791852678571429,0.00769099421666263,6.6709202118217945,400,120,False
wave1-euler,euler-b4-L4-detached-s31415-B,euler,4,4,detached,31415,B,final,0.003735462116948435,0.01642387097341534,0.01839001804948995,0.0,0.9093191964285714,0.004951715455519687,6.580237809568644,400,400,False
wave1-euler,euler-b4-L4-detached-s31415-B,euler,4,4,detached,31415,B,best_one_step,0.003735462116948435,0.01642387097341534,0.01839001804948995,0.0,0.9093191964285714,0.004951715455519687,6.580237809568644,400,400,False
wave1-euler,euler-b4-L4-detached-s31415-B,euler,4,4,detached,31415,B,best_rollout,0.003735462116948435,0.01642387097341534,0.01839001804948995,0.0,0.9093191964285714,0.004951715455519687,6.580237809568644,400,400,False
wave1-euler,euler-b4-L4-detached-s31415-B,euler,4,4,detached,31415,B,epoch120,0.0054040634187064954,0.023904541078248638,0.025823531678251407,0.0,0.8830915178571429,0.007338277100881908,6.580237809568644,400,120,False
wave1-euler,euler-b4-L4-initial-s161803-A,euler,4,4,initial,161803,A,final,0.007191967492072633,0.0322343148291111,0.036303497850894935,0.0,0.8258928571428572,0.010138245746545314,1.8735930286347866,400,400,False
wave1-euler,euler-b4-L4-initial-s161803-A,euler,4,4,initial,161803,A,best_one_step,0.007191967492072633,0.0322343148291111,0.036303497850894935,0.0,0.8258928571428572,0.010138245746545314,1.8735930286347866,400,400,False
wave1-euler,euler-b4-L4-initial-s161803-A,euler,4,4,initial,161803,A,best_rollout,0.007191967492072633,0.0322343148291111,0.036303497850894935,0.0,0.8258928571428572,0.010138245746545314,1.8735930286347866,400,400,False
wave1-euler,euler-b4-L4-initial-s161803-A,euler,4,4,initial,161803,A,epoch120,0.008038253683370994,0.03582250326871872,0.039861090481281274,0.0,0.8158482142857143,0.011427139982078182,1.8735930286347866,400,120,False
wave1-euler,euler-b4-L4-initial-s161803-B,euler,4,4,initial,161803,B,final,0.007249236141308113,0.03241477952304148,0.03664670491793984,0.0,0.8247767857142857,0.010211787526287618,1.8118061311542988,400,400,False
wave1-euler,euler-b4-L4-initial-s161803-B,euler,4,4,initial,161803,B,best_one_step,0.007249236141308113,0.03241477952304148,0.03664670491793984,0.0,0.8247767857142857,0.010211787526287618,1.8118061311542988,400,400,False
wave1-euler,euler-b4-L4-initial-s161803-B,euler,4,4,initial,161803,B,best_rollout,0.006458067423395192,0.028804842604908946,0.03089381660563703,0.0,0.8602120535714286,0.008984942660059673,1.8118061311542988,400,60,False
wave1-euler,euler-b4-L4-initial-s161803-B,euler,4,4,initial,161803,B,epoch120,0.00817124945012804,0.036387383618236895,0.040643368741470655,0.0,0.8141741071428572,0.011633298590776641,1.8118061311542988,400,120,False
wave1-euler,euler-b4-L4-initial-s271828-A,euler,4,4,initial,271828,A,final,0.008162025331324822,0.03637929633259773,0.04043462872505187,0.0,0.8155691964285714,0.011669812161970425,1.8461135551333427,400,400,False
wave1-euler,euler-b4-L4-initial-s271828-A,euler,4,4,initial,271828,A,best_one_step,0.008162025331324822,0.03637929633259773,0.04043462872505187,0.0,0.8155691964285714,0.011669812161970425,1.8461135551333427,400,400,False
wave1-euler,euler-b4-L4-initial-s271828-A,euler,4,4,initial,271828,A,best_rollout,0.006848129071051165,0.0297344159334898,0.031086683273315426,0.0,0.8621651785714286,0.009411490910080426,1.8461135551333427,400,50,False
wave1-euler,euler-b4-L4-initial-s271828-A,euler,4,4,initial,271828,A,epoch120,0.00905203325062566,0.040071725845336914,0.04423904418945312,0.0,0.8046875,0.013016840803492526,1.8461135551333427,400,120,False
wave1-euler,euler-b4-L4-initial-s271828-B,euler,4,4,initial,271828,B,final,0.008287466844080672,0.03685272632435772,0.04111791052579245,0.0,0.8141741071428572,0.011816379029892372,1.8474951051175594,400,400,False
wave1-euler,euler-b4-L4-initial-s271828-B,euler,4,4,initial,271828,B,best_one_step,0.008287466844080672,0.03685272632435772,0.04111791052579245,0.0,0.8141741071428572,0.011816379029892372,1.8474951051175594,400,400,False
wave1-euler,euler-b4-L4-initial-s271828-B,euler,4,4,initial,271828,B,best_rollout,0.006794381101927651,0.0295823472102593,0.030914839914168678,0.0,0.865234375,0.009269416047024432,1.8474951051175594,400,50,False
wave1-euler,euler-b4-L4-initial-s271828-B,euler,4,4,initial,271828,B,epoch120,0.009294388168611896,0.04098496791833833,0.045446715818454976,0.0,0.8024553571428572,0.013323940248004172,1.8474951051175594,400,120,False
wave1-euler,euler-b4-L4-initial-s31415-A,euler,4,4,initial,31415,A,final,0.006690373745275199,0.03006846643984318,0.033932171761989594,0.0,0.8367745535714286,0.009448599709318958,1.8282113932073116,400,400,False
wave1-euler,euler-b4-L4-initial-s31415-A,euler,4,4,initial,31415,A,best_one_step,0.006690373745275199,0.03006846643984318,0.033932171761989594,0.0,0.8367745535714286,0.009448599709318958,1.8282113932073116,400,400,False
wave1-euler,euler-b4-L4-initial-s31415-A,euler,4,4,initial,31415,A,best_rollout,0.006690373745275199,0.03006846643984318,0.033932171761989594,0.0,0.8367745535714286,0.009448599709318958,1.8282113932073116,400,400,False
wave1-euler,euler-b4-L4-initial-s31415-A,euler,4,4,initial,31415,A,epoch120,0.007631552728132595,0.0341433323919773,0.03808527812361717,0.0,0.8239397321428572,0.010866893374989854,1.8282113932073116,400,120,False
wave1-euler,euler-b4-L4-initial-s31415-B,euler,4,4,initial,31415,B,final,0.006122250045859865,0.02754720771695841,0.03147508425304933,0.0,0.8443080357142857,0.008578487670018247,1.8064433075487614,400,400,False
wave1-euler,euler-b4-L4-initial-s31415-B,euler,4,4,initial,31415,B,best_one_step,0.006122250045859865,0.02754720771695841,0.03147508425304933,0.0,0.8443080357142857,0.008578487670018247,1.8064433075487614,400,400,False
wave1-euler,euler-b4-L4-initial-s31415-B,euler,4,4,initial,31415,B,best_rollout,0.006122250045859865,0.02754720771695841,0.03147508425304933,0.0,0.8443080357142857,0.008578487670018247,1.8064433075487614,400,400,False
wave1-euler,euler-b4-L4-initial-s31415-B,euler,4,4,initial,31415,B,epoch120,0.007524150285589561,0.03351819392153672,0.03796642176111721,0.0,0.82421875,0.010646629767133545,1.8064433075487614,400,120,False
wave1-euler,euler-b4-L4-initial_repeat-s161803-A,euler,4,4,initial_repeat,161803,A,final,0.007169207584045161,0.03218710795044899,0.03615887463092804,0.0,0.8292410714285714,0.010162884147865692,1.8513940908014774,400,400,False
wave1-euler,euler-b4-L4-initial_repeat-s161803-A,euler,4,4,initial_repeat,161803,A,best_one_step,0.007169207584045161,0.03218710795044899,0.03615887463092804,0.0,0.8292410714285714,0.010162884147865692,1.8513940908014774,400,400,False
wave1-euler,euler-b4-L4-initial_repeat-s161803-A,euler,4,4,initial_repeat,161803,A,best_rollout,0.007169207584045161,0.03218710795044899,0.03615887463092804,0.0,0.8292410714285714,0.010162884147865692,1.8513940908014774,400,400,False
wave1-euler,euler-b4-L4-initial_repeat-s161803-A,euler,4,4,initial_repeat,161803,A,epoch120,0.007880380333808227,0.03524673730134963,0.0391620323061943,0.0,0.8203125,0.011247407080755537,1.8513940908014774,400,120,False
wave1-euler,euler-b4-L4-initial_repeat-s161803-B,euler,4,4,initial_repeat,161803,B,final,0.007186966583745215,0.03205626371482649,0.036120482612392785,0.0,0.830078125,0.010119317690301536,1.8374106250703335,400,400,False
wave1-euler,euler-b4-L4-initial_repeat-s161803-B,euler,4,4,initial_repeat,161803,B,best_one_step,0.007186966583745215,0.03205626371482649,0.036120482612392785,0.0,0.830078125,0.010119317690301536,1.8374106250703335,400,400,False
wave1-euler,euler-b4-L4-initial_repeat-s161803-B,euler,4,4,initial_repeat,161803,B,best_rollout,0.007186966583745215,0.03205626371482649,0.036120482612392785,0.0,0.830078125,0.010119317690301536,1.8374106250703335,400,400,False
wave1-euler,euler-b4-L4-initial_repeat-s161803-B,euler,4,4,initial_repeat,161803,B,epoch120,0.008130062654369245,0.03588330802774141,0.04008445641475793,0.0,0.818359375,0.01149949172312802,1.8374106250703335,400,120,False
wave1-euler,euler-b4-L4-initial_repeat-s271828-A,euler,4,4,initial_repeat,271828,A,final,0.010851549075152128,0.04420341178774833,0.050924651324749,0.0,0.7837611607142857,0.01508035239124716,1.95817444100976,400,400,False
wave1-euler,euler-b4-L4-initial_repeat-s271828-A,euler,4,4,initial_repeat,271828,A,best_one_step,0.0098853851453089,0.04108897224068641,0.04553299397230149,0.0,0.8002232142857143,0.013854093114961913,1.95817444100976,400,80,False
wave1-euler,euler-b4-L4-initial_repeat-s271828-A,euler,4,4,initial_repeat,271828,A,best_rollout,0.006551648971195098,0.026945196092128757,0.027551557868719108,0.0,0.8828125,0.008583541300597217,1.95817444100976,400,40,False
wave1-euler,euler-b4-L4-initial_repeat-s271828-A,euler,4,4,initial_repeat,271828,A,epoch120,0.011142359177502842,0.04554903507232666,0.051271449774503694,0.0,0.7815290178571428,0.015516032462173994,1.95817444100976,400,120,False
wave1-euler,euler-b4-L4-initial_repeat-s271828-B,euler,4,4,initial_repeat,271828,B,final,0.010884874558681938,0.04485232788130402,0.05203245500463596,0.0,0.78125,0.015077283215895177,1.8575031943619251,400,400,False
wave1-euler,euler-b4-L4-initial_repeat-s271828-B,euler,4,4,initial_repeat,271828,B,best_one_step,0.009785936170393044,0.04204289873386454,0.04679077211378706,0.0,0.8002232142857143,0.0139160143567849,1.8575031943619251,400,80,False
wave1-euler,euler-b4-L4-initial_repeat-s271828-B,euler,4,4,initial_repeat,271828,B,best_rollout,0.007504072142148788,0.03257064613576208,0.03474879675218512,0.0,0.8484933035714286,0.010503336190380965,1.8575031943619251,400,50,False
wave1-euler,euler-b4-L4-initial_repeat-s271828-B,euler,4,4,initial_repeat,271828,B,epoch120,0.011116473543321813,0.046585788749744596,0.05265498231900445,0.0,0.7776227678571428,0.015635079035244973,1.8575031943619251,400,120,False
wave1-euler,euler-b4-L4-initial_repeat-s31415-A,euler,4,4,initial_repeat,31415,A,final,0.006091832225376691,0.02731586247682571,0.030515044927597053,0.0,0.8501674107142857,0.008505606615803064,1.856720469892025,400,400,False
wave1-euler,euler-b4-L4-initial_repeat-s31415-A,euler,4,4,initial_repeat,31415,A,best_one_step,0.006091832225376691,0.02731586247682571,0.030515044927597053,0.0,0.8501674107142857,0.008505606615803064,1.856720469892025,400,400,False
wave1-euler,euler-b4-L4-initial_repeat-s31415-A,euler,4,4,initial_repeat,31415,A,best_rollout,0.006091832225376691,0.02731586247682571,0.030515044927597053,0.0,0.8501674107142857,0.008505606615803064,1.856720469892025,400,400,False
wave1-euler,euler-b4-L4-initial_repeat-s31415-A,euler,4,4,initial_repeat,31415,A,epoch120,0.007039261995444386,0.03169012069702149,0.034940745681524284,0.0,0.8381696428571428,0.009985974816592174,1.856720469892025,400,120,False
wave1-euler,euler-b4-L4-initial_repeat-s31415-B,euler,4,4,initial_repeat,31415,B,final,0.005506842558377642,0.02488277042814638,0.028265493191568156,0.0,0.8599330357142857,0.00767095674110561,1.9261850081384182,400,400,False
wave1-euler,euler-b4-L4-initial_repeat-s31415-B,euler,4,4,initial_repeat,31415,B,best_one_step,0.005506842558377642,0.02488277042814638,0.028265493191568156,0.0,0.8599330357142857,0.00767095674110561,1.9261850081384182,400,400,False
wave1-euler,euler-b4-L4-initial_repeat-s31415-B,euler,4,4,initial_repeat,31415,B,best_rollout,0.005506842558377642,0.02488277042814638,0.028265493191568156,0.0,0.8599330357142857,0.00767095674110561,1.9261850081384182,400,400,False
wave1-euler,euler-b4-L4-initial_repeat-s31415-B,euler,4,4,initial_repeat,31415,B,epoch120,0.00696297951031289,0.031240633366730136,0.03511109460478472,0.0,0.8359375,0.009839609814645954,1.9261850081384182,400,120,False
wave1-euler,euler-b4-L4-teacher-s161803-A,euler,4,4,teacher,161803,A,final,0.004292034194574747,0.01682372763752937,0.017095696181058887,0.0,0.9285714285714286,0.005060702618071873,1.8714649565517902,400,400,False
wave1-euler,euler-b4-L4-teacher-s161803-A,euler,4,4,teacher,161803,A,best_one_step,0.00823214937461223,0.033025708049535744,0.03603371977806091,0.0,0.8348214285714286,0.0108449621389603,1.8714649565517902,400,40,False
wave1-euler,euler-b4-L4-teacher-s161803-A,euler,4,4,teacher,161803,A,best_rollout,0.004292034194574747,0.01682372763752937,0.017095696181058887,0.0,0.9285714285714286,0.005060702618071873,1.8714649565517902,400,400,False
wave1-euler,euler-b4-L4-teacher-s161803-A,euler,4,4,teacher,161803,A,epoch120,0.00517837389227177,0.02008440531790256,0.019880902022123337,0.0,0.9202008928571429,0.006096733421301803,1.8714649565517902,400,120,False
wave1-euler,euler-b4-L4-teacher-s161803-B,euler,4,4,teacher,161803,B,final,0.004352979527732403,0.017278911894617024,0.017737350086460255,0.0,0.9266183035714286,0.005198149054284862,1.8357810825109482,400,400,False
wave1-euler,euler-b4-L4-teacher-s161803-B,euler,4,4,teacher,161803,B,best_one_step,0.00850356226408523,0.03667905104016126,0.04085780594582317,0.0,0.8147321428571428,0.011856977666645317,1.8357810825109482,400,40,False
wave1-euler,euler-b4-L4-teacher-s161803-B,euler,4,4,teacher,161803,B,best_rollout,0.004352979527732403,0.017278911894617024,0.017737350086460255,0.0,0.9266183035714286,0.005198149054284862,1.8357810825109482,400,400,False
wave1-euler,euler-b4-L4-teacher-s161803-B,euler,4,4,teacher,161803,B,epoch120,0.005300659931685552,0.0205006914454958,0.020477253247137832,0.0,0.9188058035714286,0.00625197299966962,1.8357810825109482,400,120,False
wave1-euler,euler-b4-L4-teacher-s271828-A,euler,4,4,teacher,271828,A,final,0.006330492163107456,0.0263242032378912,0.028405679389834404,0.0,0.8791852678571429,0.0085191702960528,1.8538262248039246,400,400,False
wave1-euler,euler-b4-L4-teacher-s271828-A,euler,4,4,teacher,271828,A,best_one_step,0.008796354019718186,0.03661723434925079,0.03986842557787895,0.0,0.8231026785714286,0.012253951048556425,1.8538262248039246,400,60,False
wave1-euler,euler-b4-L4-teacher-s271828-A,euler,4,4,teacher,271828,A,best_rollout,0.006330492163107456,0.0263242032378912,0.028405679389834404,0.0,0.8791852678571429,0.0085191702960528,1.8538262248039246,400,400,False
wave1-euler,euler-b4-L4-teacher-s271828-A,euler,4,4,teacher,271828,A,epoch120,0.007195543874127269,0.02843889780342579,0.029671445488929752,0.0,0.8724888392857143,0.009436136008657661,1.8538262248039246,400,120,False
wave1-euler,euler-b4-L4-teacher-s271828-B,euler,4,4,teacher,271828,B,final,0.00655063117716059,0.028205697761793304,0.03086658672522406,0.0,0.8680245535714286,0.009046798788371202,1.8310471139848232,400,400,False
wave1-euler,euler-b4-L4-teacher-s271828-B,euler,4,4,teacher,271828,B,best_one_step,0.008998054900642115,0.03732191948540922,0.040768208687748005,0.0,0.8247767857142857,0.012527634417807559,1.8310471139848232,400,60,False
wave1-euler,euler-b4-L4-teacher-s271828-B,euler,4,4,teacher,271828,B,best_rollout,0.00655063117716059,0.028205697761793304,0.03086658672522406,0.0,0.8680245535714286,0.009046798788371202,1.8310471139848232,400,400,False
wave1-euler,euler-b4-L4-teacher-s271828-B,euler,4,4,teacher,271828,B,epoch120,0.007008811887293626,0.029312286523359772,0.03078045343332321,0.0,0.8688616071428572,0.009485013811470523,1.8310471139848232,400,120,False
wave1-euler,euler-b4-L4-teacher-s31415-A,euler,4,4,teacher,31415,A,final,0.004152178890241458,0.014755099080502982,0.014710739254951475,0.0,0.9458705357142857,0.004570607235953403,1.8515807576477528,400,400,False
wave1-euler,euler-b4-L4-teacher-s31415-A,euler,4,4,teacher,31415,A,best_one_step,0.010360051299394317,0.043918266892433167,0.050349339842796326,0.0,0.7784598214285714,0.014469733421650434,1.8515807576477528,400,30,False
wave1-euler,euler-b4-L4-teacher-s31415-A,euler,4,4,teacher,31415,A,best_rollout,0.004152178890241458,0.014755099080502982,0.014710739254951475,0.0,0.9458705357142857,0.004570607235953403,1.8515807576477528,400,400,False
wave1-euler,euler-b4-L4-teacher-s31415-A,euler,4,4,teacher,31415,A,epoch120,0.004957713834944814,0.018206281587481492,0.017699081450700756,0.0,0.9341517857142857,0.005568831111647123,1.8515807576477528,400,120,False
wave1-euler,euler-b4-L4-teacher-s31415-B,euler,4,4,teacher,31415,B,final,0.003731703805884413,0.013884676756706385,0.01416393662755541,0.0,0.9467075892857143,0.004206284284501627,1.845222782343626,400,400,False
wave1-euler,euler-b4-L4-teacher-s31415-B,euler,4,4,teacher,31415,B,best_one_step,0.005198903320624506,0.02130687878762118,0.02212354796090117,0.0,0.9059709821428571,0.006505059218877,1.845222782343626,400,80,False
wave1-euler,euler-b4-L4-teacher-s31415-B,euler,4,4,teacher,31415,B,best_rollout,0.003731703805884413,0.013884676756706385,0.01416393662755541,0.0,0.9467075892857143,0.004206284284501627,1.845222782343626,400,400,False
wave1-euler,euler-b4-L4-teacher-s31415-B,euler,4,4,teacher,31415,B,epoch120,0.0046992314312687,0.017928837168215035,0.017882478184941375,0.0,0.9319196428571429,0.005425362975022795,1.845222782343626,400,120,False
wave1-euler,euler-b4-L4-unroll-s161803-A,euler,4,4,unroll,161803,A,final,0.005261500650524671,0.023681305348873135,0.02610389888286591,0.0,0.8722098214285714,0.007241348597665294,7.034310232847929,400,400,False
wave1-euler,euler-b4-L4-unroll-s161803-A,euler,4,4,unroll,161803,A,best_one_step,0.005261500650524671,0.023681305348873135,0.02610389888286591,0.0,0.8722098214285714,0.007241348597665294,7.034310232847929,400,400,False
wave1-euler,euler-b4-L4-unroll-s161803-A,euler,4,4,unroll,161803,A,best_rollout,0.005261500650524671,0.023681305348873135,0.02610389888286591,0.0,0.8722098214285714,0.007241348597665294,7.034310232847929,400,400,False
wave1-euler,euler-b4-L4-unroll-s161803-A,euler,4,4,unroll,161803,A,epoch120,0.006474623059418357,0.0289203766733408,0.03117750212550164,0.0,0.8560267857142857,0.009011048615773556,7.034310232847929,400,120,False
wave1-euler,euler-b4-L4-unroll-s161803-B,euler,4,4,unroll,161803,B,final,0.005281264742824498,0.023694472161948026,0.026246729427699823,0.0,0.8719308035714286,0.007254162312215555,6.832986939698458,400,400,False
wave1-euler,euler-b4-L4-unroll-s161803-B,euler,4,4,unroll,161803,B,best_one_step,0.005281264742824498,0.023694472161948026,0.026246729427699823,0.0,0.8719308035714286,0.007254162312215555,6.832986939698458,400,400,False
wave1-euler,euler-b4-L4-unroll-s161803-B,euler,4,4,unroll,161803,B,best_rollout,0.005281264742824498,0.023694472161948026,0.026246729427699823,0.0,0.8719308035714286,0.007254162312215555,6.832986939698458,400,400,False
wave1-euler,euler-b4-L4-unroll-s161803-B,euler,4,4,unroll,161803,B,epoch120,0.006608257342358114,0.029211642696781497,0.031655215480156054,0.0,0.8560267857142857,0.009144022623388048,6.832986939698458,400,120,False
wave1-euler,euler-b4-L4-unroll-s271828-A,euler,4,4,unroll,271828,A,final,0.008265862417592224,0.03552599251270294,0.04010594636201858,0.0,0.822265625,0.011692365263713199,7.232731182128191,400,400,False
wave1-euler,euler-b4-L4-unroll-s271828-A,euler,4,4,unroll,271828,A,best_one_step,0.008265862417592224,0.03552599251270294,0.04010594636201858,0.0,0.822265625,0.011692365263713199,7.232731182128191,400,400,False
wave1-euler,euler-b4-L4-unroll-s271828-A,euler,4,4,unroll,271828,A,best_rollout,0.007930216511065485,0.033952303230762475,0.03649837151169777,0.0,0.837890625,0.011103413667252836,7.232731182128191,400,70,False
wave1-euler,euler-b4-L4-unroll-s271828-A,euler,4,4,unroll,271828,A,epoch120,0.008932766569374322,0.03844958543777466,0.042314715683460236,0.0,0.8125,0.012691489374806873,7.232731182128191,400,120,False
wave1-euler,euler-b4-L4-unroll-s271828-B,euler,4,4,unroll,271828,B,final,0.008268353570856299,0.03583256693728249,0.04075538526116871,0.0,0.8208705357142857,0.011686704538810221,7.0782395750284195,400,400,False
wave1-euler,euler-b4-L4-unroll-s271828-B,euler,4,4,unroll,271828,B,best_one_step,0.008268353570856299,0.03583256693728249,0.04075538526116871,0.0,0.8208705357142857,0.011686704538810221,7.0782395750284195,400,400,False
wave1-euler,euler-b4-L4-unroll-s271828-B,euler,4,4,unroll,271828,B,best_rollout,0.008103470057893058,0.03538465193275414,0.03835748203305527,0.0,0.8317522321428572,0.011499242120179878,7.0782395750284195,400,70,False
wave1-euler,euler-b4-L4-unroll-s271828-B,euler,4,4,unroll,271828,B,epoch120,0.009148655609842701,0.039752539723380054,0.04402128426744279,0.0,0.8091517857142857,0.013063762778329518,7.0782395750284195,400,120,False
wave1-euler,euler-b4-L4-unroll-s31415-A,euler,4,4,unroll,31415,A,final,0.00486551885252709,0.021490091457962993,0.02364000678062439,0.0,0.8830915178571429,0.0065919603449102705,7.234284982085228,400,400,False
wave1-euler,euler-b4-L4-unroll-s31415-A,euler,4,4,unroll,31415,A,best_one_step,0.00486551885252709,0.021490091457962993,0.02364000678062439,0.0,0.8830915178571429,0.0065919603449102705,7.234284982085228,400,400,False
wave1-euler,euler-b4-L4-unroll-s31415-A,euler,4,4,unroll,31415,A,best_rollout,0.00486551885252709,0.021490091457962993,0.02364000678062439,0.0,0.8830915178571429,0.0065919603449102705,7.234284982085228,400,400,False
wave1-euler,euler-b4-L4-unroll-s31415-A,euler,4,4,unroll,31415,A,epoch120,0.006002714323782041,0.02656888961791993,0.028460949659347534,0.0,0.8688616071428572,0.008254699265014803,7.234284982085228,400,120,False
wave1-euler,euler-b4-L4-unroll-s31415-B,euler,4,4,unroll,31415,B,final,0.0043783440862534195,0.019586909832503704,0.021988058288149263,0.0,0.8900669642857143,0.005952526736363318,7.157853186130524,400,400,False
wave1-euler,euler-b4-L4-unroll-s31415-B,euler,4,4,unroll,31415,B,best_one_step,0.0043783440862534195,0.019586909832503704,0.021988058288149263,0.0,0.8900669642857143,0.005952526736363318,7.157853186130524,400,400,False
wave1-euler,euler-b4-L4-unroll-s31415-B,euler,4,4,unroll,31415,B,best_rollout,0.0043783440862534195,0.019586909832503704,0.021988058288149263,0.0,0.8900669642857143,0.005952526736363318,7.157853186130524,400,400,False
wave1-euler,euler-b4-L4-unroll-s31415-B,euler,4,4,unroll,31415,B,epoch120,0.0057880041154231565,0.02591442276122363,0.028373660702532263,0.0,0.8699776785714286,0.008022720489861511,7.157853186130524,400,120,False
wave2-midpoint,midpoint-b4-L4-detached-s161803-A,midpoint,4,4,detached,161803,A,final,0.004385425020190871,0.021141156554222107,0.023036882281303402,0.0,0.8825334821428571,0.006135441732451031,5.301526881754398,400,400,False
wave2-midpoint,midpoint-b4-L4-detached-s161803-A,midpoint,4,4,detached,161803,A,best_one_step,0.004385425020190871,0.021141156554222107,0.023036882281303402,0.0,0.8825334821428571,0.006135441732451031,5.301526881754398,400,400,False
wave2-midpoint,midpoint-b4-L4-detached-s161803-A,midpoint,4,4,detached,161803,A,best_rollout,0.004385425020190871,0.021141156554222107,0.023036882281303402,0.0,0.8825334821428571,0.006135441732451031,5.301526881754398,400,400,False
wave2-midpoint,midpoint-b4-L4-detached-s161803-A,midpoint,4,4,detached,161803,A,epoch120,0.005654107066192122,0.026903692632913593,0.028645357117056847,0.0,0.861328125,0.008005882650370428,5.301526881754398,400,120,False
wave2-midpoint,midpoint-b4-L4-detached-s161803-B,midpoint,4,4,detached,161803,B,final,0.004404983005968479,0.021192852575249197,0.02321226533905863,0.0,0.8803013392857143,0.006157913367519485,5.184039730578661,400,400,False
wave2-midpoint,midpoint-b4-L4-detached-s161803-B,midpoint,4,4,detached,161803,B,best_one_step,0.004404983005968479,0.021192852575249197,0.02321226533905863,0.0,0.8803013392857143,0.006157913367519485,5.184039730578661,400,400,False
wave2-midpoint,midpoint-b4-L4-detached-s161803-B,midpoint,4,4,detached,161803,B,best_rollout,0.004404983005968479,0.021192852575249197,0.02321226533905863,0.0,0.8803013392857143,0.006157913367519485,5.184039730578661,400,400,False
wave2-midpoint,midpoint-b4-L4-detached-s161803-B,midpoint,4,4,detached,161803,B,epoch120,0.005774916823102904,0.027227031750587723,0.02915619905246094,0.0,0.8618861607142857,0.00814090246193834,5.184039730578661,400,120,False
wave2-midpoint,midpoint-b4-L4-detached-s271828-A,midpoint,4,4,detached,271828,A,final,0.007118902160980056,0.03229571878910065,0.03617635369300843,0.0,0.8325892857142857,0.010232781730815623,5.231122966855764,400,400,False
wave2-midpoint,midpoint-b4-L4-detached-s271828-A,midpoint,4,4,detached,271828,A,best_one_step,0.007118902160980056,0.03229571878910065,0.03617635369300843,0.0,0.8325892857142857,0.010232781730815623,5.231122966855764,400,400,False
wave2-midpoint,midpoint-b4-L4-detached-s271828-A,midpoint,4,4,detached,271828,A,best_rollout,0.006893095126980275,0.030588714405894276,0.032268475741147995,0.0,0.8501674107142857,0.009644937529784927,5.231122966855764,400,70,False
wave2-midpoint,midpoint-b4-L4-detached-s271828-A,midpoint,4,4,detached,271828,A,epoch120,0.007754696957574382,0.03509330749511719,0.03811486810445786,0.0,0.8239397321428572,0.011170432688319057,5.231122966855764,400,120,False
wave2-midpoint,midpoint-b4-L4-detached-s271828-B,midpoint,4,4,detached,271828,B,final,0.007132008324997171,0.03273481411686626,0.03690916763668328,0.0,0.8314732142857143,0.010269225425027223,5.248243998736143,400,400,False
wave2-midpoint,midpoint-b4-L4-detached-s271828-B,midpoint,4,4,detached,271828,B,best_one_step,0.007132008324997171,0.03273481411686626,0.03690916763668328,0.0,0.8314732142857143,0.010269225425027223,5.248243998736143,400,400,False
wave2-midpoint,midpoint-b4-L4-detached-s271828-B,midpoint,4,4,detached,271828,B,best_rollout,0.007132008324997171,0.03273481411686626,0.03690916763668328,0.0,0.8314732142857143,0.010269225425027223,5.248243998736143,400,400,False
wave2-midpoint,midpoint-b4-L4-detached-s271828-B,midpoint,4,4,detached,271828,B,epoch120,0.007881596684090525,0.036258279511142445,0.0396172008653584,0.0,0.8225446428571428,0.011458522999399201,5.248243998736143,400,120,False
wave2-midpoint,midpoint-b4-L4-detached-s31415-A,midpoint,4,4,detached,31415,A,final,0.003988867440810352,0.018856082111597065,0.020470324903726574,0.0,0.8953683035714286,0.005463176240602951,5.196697849780321,400,400,False
wave2-midpoint,midpoint-b4-L4-detached-s31415-A,midpoint,4,4,detached,31415,A,best_one_step,0.003988867440810352,0.018856082111597065,0.020470324903726574,0.0,0.8953683035714286,0.005463176240602951,5.196697849780321,400,400,False
wave2-midpoint,midpoint-b4-L4-detached-s31415-A,midpoint,4,4,detached,31415,A,best_rollout,0.003988867440810352,0.018856082111597065,0.020470324903726574,0.0,0.8953683035714286,0.005463176240602951,5.196697849780321,400,400,False
wave2-midpoint,midpoint-b4-L4-detached-s31415-A,midpoint,4,4,detached,31415,A,epoch120,0.00519879950819971,0.024470912292599675,0.02579948864877224,0.0,0.8775111607142857,0.007225733520915335,5.196697849780321,400,120,False
wave2-midpoint,midpoint-b4-L4-detached-s31415-B,midpoint,4,4,detached,31415,B,final,0.003574229671483855,0.017164268004623166,0.01900487023745623,0.0,0.9034598214285714,0.004925550030594412,5.1145055666565895,400,400,False
wave2-midpoint,midpoint-b4-L4-detached-s31415-B,midpoint,4,4,detached,31415,B,best_one_step,0.003574229671483855,0.017164268004623166,0.01900487023745623,0.0,0.9034598214285714,0.004925550030594412,5.1145055666565895,400,400,False
wave2-midpoint,midpoint-b4-L4-detached-s31415-B,midpoint,4,4,detached,31415,B,best_rollout,0.003574229671483855,0.017164268004623166,0.01900487023745623,0.0,0.9034598214285714,0.004925550030594412,5.1145055666565895,400,400,False
wave2-midpoint,midpoint-b4-L4-detached-s31415-B,midpoint,4,4,detached,31415,B,epoch120,0.004911062797031069,0.023380851188694138,0.025118004557144514,0.0,0.8811383928571429,0.0068677242334518876,5.1145055666565895,400,120,False
wave2-midpoint,midpoint-b4-L4-initial-s161803-A,midpoint,4,4,initial,161803,A,final,0.006386444172939152,0.030446523800492287,0.03390759229660034,0.0,0.83203125,0.009213374644979478,1.4905586205422878,400,400,False
wave2-midpoint,midpoint-b4-L4-initial-s161803-A,midpoint,4,4,initial,161803,A,best_one_step,0.006386444172939152,0.030446523800492287,0.03390759229660034,0.0,0.83203125,0.009213374644979478,1.4905586205422878,400,400,False
wave2-midpoint,midpoint-b4-L4-initial-s161803-A,midpoint,4,4,initial,161803,A,best_rollout,0.006386444172939152,0.030446523800492287,0.03390759229660034,0.0,0.83203125,0.009213374644979478,1.4905586205422878,400,400,False
wave2-midpoint,midpoint-b4-L4-initial-s161803-A,midpoint,4,4,initial,161803,A,epoch120,0.00705309758126917,0.03339548408985138,0.03676685318350792,0.0,0.82421875,0.010239696558814291,1.4905586205422878,400,120,False
wave2-midpoint,midpoint-b4-L4-initial-s161803-B,midpoint,4,4,initial,161803,B,final,0.006471311509698609,0.030757470475574845,0.034394564664549813,0.0,0.8306361607142857,0.009329213686536851,1.4626251459121704,400,400,False
wave2-midpoint,midpoint-b4-L4-initial-s161803-B,midpoint,4,4,initial,161803,B,best_one_step,0.006471311509698609,0.030757470475574845,0.034394564664549813,0.0,0.8306361607142857,0.009329213686536851,1.4626251459121704,400,400,False
wave2-midpoint,midpoint-b4-L4-initial-s161803-B,midpoint,4,4,initial,161803,B,best_rollout,0.006471311509698609,0.030757470475574845,0.034394564664549813,0.0,0.8306361607142857,0.009329213686536851,1.4626251459121704,400,400,False
wave2-midpoint,midpoint-b4-L4-initial-s161803-B,midpoint,4,4,initial,161803,B,epoch120,0.0071818065846174775,0.03395751362739266,0.03754110854449512,0.0,0.8231026785714286,0.010443484699709514,1.4626251459121704,400,120,False
wave2-midpoint,midpoint-b4-L4-initial-s271828-A,midpoint,4,4,initial,271828,A,final,0.007304896085927825,0.03450780734419823,0.03794733434915543,0.0,0.8205915178571428,0.010664181839241409,1.4817373789846897,400,400,False
wave2-midpoint,midpoint-b4-L4-initial-s271828-A,midpoint,4,4,initial,271828,A,best_one_step,0.007304896085927825,0.03450780734419823,0.03794733434915543,0.0,0.8205915178571428,0.010664181839241409,1.4817373789846897,400,400,False
wave2-midpoint,midpoint-b4-L4-initial-s271828-A,midpoint,4,4,initial,271828,A,best_rollout,0.006389365066448223,0.029737938195467,0.03108968399465084,0.0,0.85546875,0.009068398947845752,1.4817373789846897,400,50,False
wave2-midpoint,midpoint-b4-L4-initial-s271828-A,midpoint,4,4,initial,271828,A,epoch120,0.008045073451359857,0.03768637031316758,0.041212320327758796,0.0,0.8094308035714286,0.011795452693406948,1.4817373789846897,400,120,False
wave2-midpoint,midpoint-b4-L4-initial-s271828-B,midpoint,4,4,initial,271828,B,final,0.00747028040486612,0.03515944119256617,0.03885162855056125,0.0,0.8189174107142857,0.010877876230451295,1.4848227687180042,400,400,False
wave2-midpoint,midpoint-b4-L4-initial-s271828-B,midpoint,4,4,initial,271828,B,best_one_step,0.00747028040486612,0.03515944119256617,0.03885162855056125,0.0,0.8189174107142857,0.010877876230451295,1.4848227687180042,400,400,False
wave2-midpoint,midpoint-b4-L4-initial-s271828-B,midpoint,4,4,initial,271828,B,best_rollout,0.006288386864303887,0.029493746070558883,0.030812425182072837,0.0,0.8604910714285714,0.008901070339937643,1.4848227687180042,400,50,False
wave2-midpoint,midpoint-b4-L4-initial-s271828-B,midpoint,4,4,initial,271828,B,epoch120,0.008292518609635657,0.03865012098390902,0.042483931840428736,0.0,0.8069196428571428,0.012121573050417618,1.4848227687180042,400,120,False
wave2-midpoint,midpoint-b4-L4-initial-s31415-A,midpoint,4,4,initial,31415,A,final,0.005979074798838348,0.02861787192523479,0.03193399310112,0.0,0.8404017857142857,0.008639637727789215,1.5087511613965034,400,400,False
wave2-midpoint,midpoint-b4-L4-initial-s31415-A,midpoint,4,4,initial,31415,A,best_one_step,0.005979074798838348,0.02861787192523479,0.03193399310112,0.0,0.8404017857142857,0.008639637727789215,1.5087511613965034,400,400,False
wave2-midpoint,midpoint-b4-L4-initial-s31415-A,midpoint,4,4,initial,31415,A,best_rollout,0.005979074798838348,0.02861787192523479,0.03193399310112,0.0,0.8404017857142857,0.008639637727789215,1.5087511613965034,400,400,False
wave2-midpoint,midpoint-b4-L4-initial-s31415-A,midpoint,4,4,initial,31415,A,epoch120,0.006684958746098548,0.03180326521396637,0.035081326961517334,0.0,0.830078125,0.00971778124790565,1.5087511613965034,400,120,False
wave2-midpoint,midpoint-b4-L4-initial-s31415-B,midpoint,4,4,initial,31415,B,final,0.005507678574939829,0.026427651020129873,0.029871278116998985,0.0,0.8465401785714286,0.007907073237914616,1.4680118449032307,400,400,False
wave2-midpoint,midpoint-b4-L4-initial-s31415-B,midpoint,4,4,initial,31415,B,best_one_step,0.005507678574939829,0.026427651020129873,0.029871278116998985,0.0,0.8465401785714286,0.007907073237914616,1.4680118449032307,400,400,False
wave2-midpoint,midpoint-b4-L4-initial-s31415-B,midpoint,4,4,initial,31415,B,best_rollout,0.005507678574939829,0.026427651020129873,0.029871278116998985,0.0,0.8465401785714286,0.007907073237914616,1.4680118449032307,400,400,False
wave2-midpoint,midpoint-b4-L4-initial-s31415-B,midpoint,4,4,initial,31415,B,epoch120,0.0066234277039297585,0.031361128113259265,0.035177649917251474,0.0,0.830078125,0.009575815414105165,1.4680118449032307,400,120,False
wave2-midpoint,midpoint-b4-L4-teacher-s161803-A,midpoint,4,4,teacher,161803,A,final,0.003973163941024599,0.017285384237766266,0.017569407820701596,0.0,0.921875,0.0049279370332562435,1.4833039678633213,400,400,False
wave2-midpoint,midpoint-b4-L4-teacher-s161803-A,midpoint,4,4,teacher,161803,A,best_one_step,0.007088350122277879,0.030845498666167263,0.03328838199377059,0.0,0.8409598214285714,0.00963120492077813,1.4833039678633213,400,40,False
wave2-midpoint,midpoint-b4-L4-teacher-s161803-A,midpoint,4,4,teacher,161803,A,best_rollout,0.003973163941024599,0.017285384237766266,0.017569407820701596,0.0,0.921875,0.0049279370332562435,1.4833039678633213,400,400,False
wave2-midpoint,midpoint-b4-L4-teacher-s161803-A,midpoint,4,4,teacher,161803,A,epoch120,0.004744379479704482,0.020215019583702087,0.02003845199942589,0.0,0.9154575892857143,0.005836273362807193,1.4833039678633213,400,120,False
wave2-midpoint,midpoint-b4-L4-teacher-s161803-B,midpoint,4,4,teacher,161803,B,final,0.004030511010469438,0.017738827839443777,0.018210131912176245,0.0,0.919921875,0.005064133467405323,1.4652208536863327,400,400,False
wave2-midpoint,midpoint-b4-L4-teacher-s161803-B,midpoint,4,4,teacher,161803,B,best_one_step,0.007337480989424677,0.03444181340652454,0.038051791158555996,0.0,0.822265625,0.010640746675652346,1.4652208536863327,400,40,False
wave2-midpoint,midpoint-b4-L4-teacher-s161803-B,midpoint,4,4,teacher,161803,B,best_rollout,0.004030511010469438,0.017738827839443777,0.018210131912176245,0.0,0.919921875,0.005064133467405323,1.4652208536863327,400,400,False
wave2-midpoint,midpoint-b4-L4-teacher-s161803-B,midpoint,4,4,teacher,161803,B,epoch120,0.004855773282585374,0.020613290428285917,0.020612253641565013,0.0,0.9135044642857143,0.005984413114502208,1.4652208536863327,400,120,False
wave2-midpoint,midpoint-b4-L4-teacher-s271828-A,midpoint,4,4,teacher,271828,A,final,0.0057720014192755,0.025905750691890717,0.027696605771780018,0.0,0.8761160714285714,0.007991367189792218,1.4882800877094269,400,400,False
wave2-midpoint,midpoint-b4-L4-teacher-s271828-A,midpoint,4,4,teacher,271828,A,best_one_step,0.008071458760038385,0.03613258898258209,0.03924518823623657,0.0,0.8203125,0.011580941156137363,1.4882800877094269,400,60,False
wave2-midpoint,midpoint-b4-L4-teacher-s271828-A,midpoint,4,4,teacher,271828,A,best_rollout,0.0057720014192755,0.025905750691890717,0.027696605771780018,0.0,0.8761160714285714,0.007991367189792218,1.4882800877094269,400,400,False
wave2-midpoint,midpoint-b4-L4-teacher-s271828-A,midpoint,4,4,teacher,271828,A,epoch120,0.006485125452221358,0.02793972380459309,0.029019460082054135,0.0,0.8694196428571428,0.0088009104399465,1.4882800877094269,400,120,False
wave2-midpoint,midpoint-b4-L4-teacher-s271828-B,midpoint,4,4,teacher,271828,B,final,0.006034987112764029,0.02785707499444092,0.030229531953030086,0.0,0.8655133928571428,0.008564878900166792,1.4615063779056072,400,400,False
wave2-midpoint,midpoint-b4-L4-teacher-s271828-B,midpoint,4,4,teacher,271828,B,best_one_step,0.008415894631813928,0.03694533551332972,0.04028728026978479,0.0,0.8180803571428572,0.011975575333707572,1.4615063779056072,400,60,False
wave2-midpoint,midpoint-b4-L4-teacher-s271828-B,midpoint,4,4,teacher,271828,B,best_rollout,0.006034987112764029,0.02785707499444092,0.030229531953030086,0.0,0.8655133928571428,0.008564878900166792,1.4615063779056072,400,400,False
wave2-midpoint,midpoint-b4-L4-teacher-s271828-B,midpoint,4,4,teacher,271828,B,epoch120,0.00640209423585884,0.028829188908658487,0.030150346309111797,0.0,0.8663504464285714,0.008923533442629727,1.4615063779056072,400,120,False
wave2-midpoint,midpoint-b4-L4-teacher-s31415-A,midpoint,4,4,teacher,31415,A,final,0.0038194322030225473,0.015364899300038811,0.015368389897048473,0.0,0.935546875,0.004462316768511374,1.485476367175579,400,400,False
wave2-midpoint,midpoint-b4-L4-teacher-s31415-A,midpoint,4,4,teacher,31415,A,best_one_step,0.010585310385665594,0.04590610042214393,0.052866011857986436,0.0,0.7628348214285714,0.014779452209897818,1.485476367175579,400,30,False
wave2-midpoint,midpoint-b4-L4-teacher-s31415-A,midpoint,4,4,teacher,31415,A,best_rollout,0.0038194322030225473,0.015364899300038811,0.015368389897048473,0.0,0.935546875,0.004462316768511374,1.485476367175579,400,400,False
wave2-midpoint,midpoint-b4-L4-teacher-s31415-A,midpoint,4,4,teacher,31415,A,epoch120,0.004526809739203517,0.018414616584777836,0.017960436642169952,0.0,0.9274553571428571,0.005335080259774264,1.485476367175579,400,120,False
wave2-midpoint,midpoint-b4-L4-teacher-s31415-B,midpoint,4,4,teacher,31415,B,final,0.0034461842100511095,0.014498525150282392,0.014829888355817035,0.0,0.9377790178571429,0.004127920763819081,1.482538104057312,400,400,False
wave2-midpoint,midpoint-b4-L4-teacher-s31415-B,midpoint,4,4,teacher,31415,B,best_one_step,0.004786053411854519,0.021664422315325317,0.022585376608700674,0.0,0.8967633928571429,0.00631701636268102,1.482538104057312,400,80,False
wave2-midpoint,midpoint-b4-L4-teacher-s31415-B,midpoint,4,4,teacher,31415,B,best_rollout,0.0034461842100511095,0.014498525150282392,0.014829888355817035,0.0,0.9377790178571429,0.004127920763819081,1.482538104057312,400,400,False
wave2-midpoint,midpoint-b4-L4-teacher-s31415-B,midpoint,4,4,teacher,31415,B,epoch120,0.004289602799977053,0.018166967138796945,0.018180479021085463,0.0,0.9235491071428571,0.005210147847250626,1.482538104057312,400,120,False
wave2-midpoint,midpoint-b4-L4-unroll-s161803-A,midpoint,4,4,unroll,161803,A,final,0.00485609463000514,0.023437391966581345,0.025568034499883655,0.0,0.8708147321428572,0.006870539210364476,5.4044202864170074,400,400,False
wave2-midpoint,midpoint-b4-L4-unroll-s161803-A,midpoint,4,4,unroll,161803,A,best_one_step,0.00485609463000514,0.023437391966581345,0.025568034499883655,0.0,0.8708147321428572,0.006870539210364476,5.4044202864170074,400,400,False
wave2-midpoint,midpoint-b4-L4-unroll-s161803-A,midpoint,4,4,unroll,161803,A,best_rollout,0.00485609463000514,0.023437391966581345,0.025568034499883655,0.0,0.8708147321428572,0.006870539210364476,5.4044202864170074,400,400,False
wave2-midpoint,midpoint-b4-L4-unroll-s161803-A,midpoint,4,4,unroll,161803,A,epoch120,0.0058756792024256274,0.028021449223160747,0.030013537034392357,0.0,0.8551897321428572,0.008383355121577831,5.4044202864170074,400,120,False
wave2-midpoint,midpoint-b4-L4-unroll-s161803-B,midpoint,4,4,unroll,161803,B,final,0.004890995161404946,0.023541953749294287,0.025821535017619055,0.0,0.8699776785714286,0.006913450572197144,5.314069010317326,400,400,False
wave2-midpoint,midpoint-b4-L4-unroll-s161803-B,midpoint,4,4,unroll,161803,B,best_one_step,0.004890995161404946,0.023541953749294287,0.025821535017619055,0.0,0.8699776785714286,0.006913450572197144,5.314069010317326,400,400,False
wave2-midpoint,midpoint-b4-L4-unroll-s161803-B,midpoint,4,4,unroll,161803,B,best_rollout,0.004890995161404946,0.023541953749294287,0.025821535017619055,0.0,0.8699776785714286,0.006913450572197144,5.314069010317326,400,400,False
wave2-midpoint,midpoint-b4-L4-unroll-s161803-B,midpoint,4,4,unroll,161803,B,epoch120,0.005996775365976505,0.028321317192329602,0.030501279106575137,0.0,0.8571428571428572,0.008514389386036927,5.314069010317326,400,120,False
wave2-midpoint,midpoint-b4-L4-unroll-s271828-A,midpoint,4,4,unroll,271828,A,final,0.00739265303540478,0.033848363906145096,0.03772834688425064,0.0,0.8250558035714286,0.010693830039966915,5.422407854348421,400,400,False
wave2-midpoint,midpoint-b4-L4-unroll-s271828-A,midpoint,4,4,unroll,271828,A,best_one_step,0.00739265303540478,0.033848363906145096,0.03772834688425064,0.0,0.8250558035714286,0.010693830039966915,5.422407854348421,400,400,False
wave2-midpoint,midpoint-b4-L4-unroll-s271828-A,midpoint,4,4,unroll,271828,A,best_rollout,0.006958846615285601,0.03181883692741394,0.03378726169466972,0.0,0.8440290178571428,0.009934939891397753,5.422407854348421,400,70,False
wave2-midpoint,midpoint-b4-L4-unroll-s271828-A,midpoint,4,4,unroll,271828,A,epoch120,0.007921632262755227,0.03632384538650513,0.039596088230609894,0.0,0.818359375,0.011503813134858655,5.422407854348421,400,120,False
wave2-midpoint,midpoint-b4-L4-unroll-s271828-B,midpoint,4,4,unroll,271828,B,final,0.007533993773830879,0.034602114721725086,0.03889835330754501,0.0,0.8233816964285714,0.010887415995784796,5.499931205064058,400,400,False
wave2-midpoint,midpoint-b4-L4-unroll-s271828-B,midpoint,4,4,unroll,271828,B,best_one_step,0.007533993773830879,0.034602114721725086,0.03889835330754501,0.0,0.8233816964285714,0.010887415995784796,5.499931205064058,400,400,False
wave2-midpoint,midpoint-b4-L4-unroll-s271828-B,midpoint,4,4,unroll,271828,B,best_rollout,0.007130839312503342,0.033147644671056624,0.035516519470221664,0.0,0.8387276785714286,0.010316239566825385,5.499931205064058,400,70,False
wave2-midpoint,midpoint-b4-L4-unroll-s271828-B,midpoint,4,4,unroll,271828,B,epoch120,0.00817560270552043,0.03763224261105361,0.04131073532399715,0.0,0.8136160714285714,0.011911095093036755,5.499931205064058,400,120,False
wave2-midpoint,midpoint-b4-L4-unroll-s31415-A,midpoint,4,4,unroll,31415,A,final,0.00450925034789454,0.02148189209401608,0.023368364199995998,0.0,0.8811383928571429,0.006294140005972956,5.441921513527632,400,400,False
wave2-midpoint,midpoint-b4-L4-unroll-s31415-A,midpoint,4,4,unroll,31415,A,best_one_step,0.00450925034789454,0.02148189209401608,0.023368364199995998,0.0,0.8811383928571429,0.006294140005972956,5.441921513527632,400,400,False
wave2-midpoint,midpoint-b4-L4-unroll-s31415-A,midpoint,4,4,unroll,31415,A,best_rollout,0.00450925034789454,0.02148189209401608,0.023368364199995998,0.0,0.8811383928571429,0.006294140005972956,5.441921513527632,400,400,False
wave2-midpoint,midpoint-b4-L4-unroll-s31415-A,midpoint,4,4,unroll,31415,A,epoch120,0.005429783463504845,0.025750068947672847,0.027393940836191174,0.0,0.8685825892857143,0.007657694889128667,5.441921513527632,400,120,False
wave2-midpoint,midpoint-b4-L4-unroll-s31415-B,midpoint,4,4,unroll,31415,B,final,0.004075736973450235,0.01971252291990101,0.021895486822523902,0.0,0.8861607142857143,0.0057207806485173,5.33310466632247,400,400,False
wave2-midpoint,midpoint-b4-L4-unroll-s31415-B,midpoint,4,4,unroll,31415,B,best_one_step,0.004075736973450235,0.01971252291990101,0.021895486822523902,0.0,0.8861607142857143,0.0057207806485173,5.33310466632247,400,400,False
wave2-midpoint,midpoint-b4-L4-unroll-s31415-B,midpoint,4,4,unroll,31415,B,best_rollout,0.004075736973450235,0.01971252291990101,0.021895486822523902,0.0,0.8861607142857143,0.0057207806485173,5.33310466632247,400,400,False
wave2-midpoint,midpoint-b4-L4-unroll-s31415-B,midpoint,4,4,unroll,31415,B,epoch120,0.005208769785565652,0.02496940921878993,0.027132312642133123,0.0,0.8702566964285714,0.007403075469127104,5.33310466632247,400,120,False
oracle,midpoint-b4-L4-oracle-s161803-A,midpoint,4,4,oracle,161803,A,final,3.6180767961825706e-05,3.0499448257614865e-05,3.1753170333104215e-05,0.0,1.0,2.620208736179347e-05,2.180091429501772,2000,2000,True
oracle,midpoint-b4-L4-oracle-s161803-A,midpoint,4,4,oracle,161803,A,best_one_step,4.910440921640747e-06,2.6673098545870757e-05,2.779966234811581e-05,0.0,1.0,4.908085603573715e-06,2.180091429501772,2000,1960,True
oracle,midpoint-b4-L4-oracle-s161803-A,midpoint,4,4,oracle,161803,A,best_rollout,4.910440921640747e-06,2.6673098545870757e-05,2.779966234811581e-05,0.0,1.0,4.908085603573715e-06,2.180091429501772,2000,1960,True
oracle,midpoint-b4-L4-oracle-s161803-A,midpoint,4,4,oracle,161803,A,epoch120,0.0078179486352786,0.009168819524347786,0.005840166471898553,0.0,1.0,0.0038897548139995046,2.180091429501772,2000,120,True
oracle,midpoint-b4-L4-oracle-s161803-B,midpoint,4,4,oracle,161803,B,final,5.718291503432167e-06,2.5275731432964236e-05,2.642945139400812e-05,0.0,1.0,5.678932563522113e-06,2.101275820285082,2000,2000,True
oracle,midpoint-b4-L4-oracle-s161803-B,midpoint,4,4,oracle,161803,B,best_one_step,5.718291503432167e-06,2.5275731432964236e-05,2.642945139400812e-05,0.0,1.0,5.678932563522113e-06,2.101275820285082,2000,2000,True
oracle,midpoint-b4-L4-oracle-s161803-B,midpoint,4,4,oracle,161803,B,best_rollout,5.718291503432167e-06,2.5275731432964236e-05,2.642945139400812e-05,0.0,1.0,5.678932563522113e-06,2.101275820285082,2000,2000,True
oracle,midpoint-b4-L4-oracle-s161803-B,midpoint,4,4,oracle,161803,B,epoch120,0.007805656167272395,0.009162232048177172,0.005836403462634399,0.0,1.0,0.003912826102588644,2.101275820285082,2000,120,True
oracle,midpoint-b4-L4-oracle-s271828-A,midpoint,4,4,oracle,271828,A,final,2.803658458765885e-06,1.0172040674660824e-05,1.228341261594323e-05,0.0,1.0,2.503612601979107e-06,2.2104369923472404,2000,2000,True
oracle,midpoint-b4-L4-oracle-s271828-A,midpoint,4,4,oracle,271828,A,best_one_step,2.4606774542506012e-06,1.035267723636934e-05,1.3128192222211517e-05,0.0,1.0,2.4613136371960444e-06,2.2104369923472404,2000,720,True
oracle,midpoint-b4-L4-oracle-s271828-A,midpoint,4,4,oracle,271828,A,best_rollout,2.2448197067130203e-06,1.0563217074377466e-05,1.4338285836856812e-05,0.0,1.0,2.4773052587078127e-06,2.2104369923472404,2000,690,True
oracle,midpoint-b4-L4-oracle-s271828-A,midpoint,4,4,oracle,271828,A,epoch120,0.008502174243761084,0.010056492872536184,0.006352290511131286,0.0,1.0,0.004251634912313472,2.2104369923472404,2000,120,True
oracle,midpoint-b4-L4-oracle-s271828-B,midpoint,4,4,oracle,271828,B,final,2.887402302370384e-06,1.0167225686753595e-05,1.2613539070639069e-05,0.0,1.0,2.6074636661908066e-06,2.1348249167203903,2000,2000,True
oracle,midpoint-b4-L4-oracle-s271828-B,midpoint,4,4,oracle,271828,B,best_one_step,2.519696967368959e-06,1.0371319559084817e-05,1.3564457777467191e-05,0.0,1.0,2.548302810012304e-06,2.1348249167203903,2000,720,True
oracle,midpoint-b4-L4-oracle-s271828-B,midpoint,4,4,oracle,271828,B,best_rollout,2.3608112415501224e-06,1.0467701025536945e-05,1.4236307766039154e-05,0.0,1.0,2.5550391999534276e-06,2.1348249167203903,2000,700,True
oracle,midpoint-b4-L4-oracle-s271828-B,midpoint,4,4,oracle,271828,B,epoch120,0.008474563420566189,0.010059245732560316,0.006354428093998675,0.0,1.0,0.004247369828248664,2.1348249167203903,2000,120,True
oracle,midpoint-b4-L4-oracle-s31415-A,midpoint,4,4,oracle,31415,A,final,7.148810745433741e-06,3.353039937792347e-05,3.396563988644629e-05,0.0,1.0,6.414993600114828e-06,2.188794545829296,2000,2000,True
oracle,midpoint-b4-L4-oracle-s31415-A,midpoint,4,4,oracle,31415,A,best_one_step,7.148810745433741e-06,3.353039937792347e-05,3.396563988644629e-05,0.0,1.0,6.414993600114828e-06,2.188794545829296,2000,2000,True
oracle,midpoint-b4-L4-oracle-s31415-A,midpoint,4,4,oracle,31415,A,best_rollout,7.148810745433741e-06,3.353039937792347e-05,3.396563988644629e-05,0.0,1.0,6.414993600114828e-06,2.188794545829296,2000,2000,True
oracle,midpoint-b4-L4-oracle-s31415-A,midpoint,4,4,oracle,31415,A,epoch120,0.007581516202034421,0.009021620266139504,0.005761831533163788,0.0,1.0,0.0037934928857311628,2.188794545829296,2000,120,True
oracle,midpoint-b4-L4-oracle-s31415-B,midpoint,4,4,oracle,31415,B,final,6.989325474491791e-06,3.296035309356248e-05,3.3442712024480604e-05,0.0,1.0,6.252456675762351e-06,2.1457955092191696,2000,2000,True
oracle,midpoint-b4-L4-oracle-s31415-B,midpoint,4,4,oracle,31415,B,best_one_step,6.989325474491791e-06,3.296035309356248e-05,3.3442712024480604e-05,0.0,1.0,6.252456675762351e-06,2.1457955092191696,2000,2000,True
oracle,midpoint-b4-L4-oracle-s31415-B,midpoint,4,4,oracle,31415,B,best_rollout,6.989325474491791e-06,3.296035309356248e-05,3.3442712024480604e-05,0.0,1.0,6.252456675762351e-06,2.1457955092191696,2000,2000,True
oracle,midpoint-b4-L4-oracle-s31415-B,midpoint,4,4,oracle,31415,B,epoch120,0.007566204984481144,0.009006426905953999,0.005752284397153284,0.0,1.0,0.0038292777119973863,2.1457955092191696,2000,120,True
long-L4,midpoint-b4-L4-detached-s161803-A,midpoint,4,4,detached,161803,A,final,7.899791703075824e-07,0.0001075287073035724,9.874343959381804e-06,0.0,1.0,1.791297866135212e-06,28.24559050798416,2000,2000,False
long-L4,midpoint-b4-L4-detached-s161803-A,midpoint,4,4,detached,161803,A,best_one_step,7.91665311141938e-07,0.00010748778731795029,9.861861144599972e-06,0.0,1.0,1.7884501478664558e-06,28.24559050798416,2000,1990,False
long-L4,midpoint-b4-L4-detached-s161803-A,midpoint,4,4,detached,161803,A,best_rollout,7.834750433438314e-07,0.00010736162221292034,9.819616025197313e-06,0.0,1.0,1.779716145667106e-06,28.24559050798416,2000,1970,False
long-L4,midpoint-b4-L4-detached-s161803-A,midpoint,4,4,detached,161803,A,epoch120,0.006340352764333845,0.028972957283258438,0.03156636282801628,0.0,0.8716517857142857,0.00847849336732223,28.24559050798416,2000,120,False
long-L4,midpoint-b4-L4-detached-s161803-A,midpoint,4,4,detached,161803,A,epoch400,0.004618957105608165,0.021446878090500828,0.02404586598277092,0.0,0.892578125,0.0060904036954582,28.24559050798416,2000,400,False
long-L4,midpoint-b4-L4-detached-s161803-B,midpoint,4,4,detached,161803,B,final,2.2852753043558662e-06,7.23948964736497e-05,4.666410054684386e-06,0.0,1.0,1.3744013086906031e-06,28.649775188416243,2000,2000,False
long-L4,midpoint-b4-L4-detached-s161803-B,midpoint,4,4,detached,161803,B,best_one_step,7.475287525757293e-07,7.739622233127858e-05,5.226173418414366e-06,0.0,1.0,1.0544228958631397e-06,28.649775188416243,2000,1920,False
long-L4,midpoint-b4-L4-detached-s161803-B,midpoint,4,4,detached,161803,B,best_rollout,7.475287525757293e-07,7.739622233127858e-05,5.226173418414366e-06,0.0,1.0,1.0544228958631397e-06,28.649775188416243,2000,1920,False
long-L4,midpoint-b4-L4-detached-s161803-B,midpoint,4,4,detached,161803,B,epoch120,0.006538262776054108,0.02963060876490548,0.03244043018764134,0.0,0.8694196428571428,0.008742114679781372,28.649775188416243,2000,120,False
long-L4,midpoint-b4-L4-detached-s161803-B,midpoint,4,4,detached,161803,B,epoch400,0.004721930740690256,0.021817322258108465,0.024558664884473974,0.0,0.8920200892857143,0.006237167399237791,28.649775188416243,2000,400,False
long-L4,midpoint-b4-L4-detached-s271828-A,midpoint,4,4,detached,271828,A,final,9.894988248738628e-06,4.4082309614168514e-05,7.317604467971245e-05,0.0,1.0,1.3378260918177344e-05,26.209430437535048,2000,2000,False
long-L4,midpoint-b4-L4-detached-s271828-A,midpoint,4,4,detached,271828,A,best_one_step,9.894988248738628e-06,4.4082309614168514e-05,7.317604467971245e-05,0.0,1.0,1.3378260918177344e-05,26.209430437535048,2000,2000,False
long-L4,midpoint-b4-L4-detached-s271828-A,midpoint,4,4,detached,271828,A,best_rollout,9.894988248738628e-06,4.4082309614168514e-05,7.317604467971245e-05,0.0,1.0,1.3378260918177344e-05,26.209430437535048,2000,2000,False
long-L4,midpoint-b4-L4-detached-s271828-A,midpoint,4,4,detached,271828,A,epoch120,0.0061342718740471465,0.027165422216057774,0.02827127836644649,0.0,0.8897879464285714,0.007764208816769492,26.209430437535048,2000,120,False
long-L4,midpoint-b4-L4-detached-s271828-A,midpoint,4,4,detached,271828,A,epoch400,0.005184981070708941,0.023361166939139366,0.025143397971987728,0.0,0.8978794642857143,0.006568651249700812,26.209430437535048,2000,400,False
long-L4,midpoint-b4-L4-detached-s271828-B,midpoint,4,4,detached,271828,B,final,0.0001506683402493125,4.98166127555505e-05,7.799196871903327e-05,0.0,1.0,6.0310290123751815e-05,25.801433455199003,2000,2000,False
long-L4,midpoint-b4-L4-detached-s271828-B,midpoint,4,4,detached,271828,B,best_one_step,1.1121116839354773e-05,4.390331424769437e-05,7.409996001782841e-05,0.0,1.0,1.4005917857451643e-05,25.801433455199003,2000,1970,False
long-L4,midpoint-b4-L4-detached-s271828-B,midpoint,4,4,detached,271828,B,best_rollout,1.0969735437995906e-05,4.355538167985915e-05,7.361882362413414e-05,0.0,1.0,1.388967444372123e-05,25.801433455199003,2000,1980,False
long-L4,midpoint-b4-L4-detached-s271828-B,midpoint,4,4,detached,271828,B,epoch120,0.006380241721228608,0.028832190527571768,0.030456751928167394,0.0,0.8830915178571429,0.008319702275494705,25.801433455199003,2000,120,False
long-L4,midpoint-b4-L4-detached-s271828-B,midpoint,4,4,detached,271828,B,epoch400,0.006209828728109794,0.02789330740611184,0.03057641762594578,0.0,0.880859375,0.00809230034011327,25.801433455199003,2000,400,False
long-L4,midpoint-b4-L4-detached-s31415-A,midpoint,4,4,detached,31415,A,final,1.1432165245810353e-06,0.0001427211391273887,1.587390215718187e-05,0.0,1.0,2.849101674018298e-06,27.559539917856455,2000,2000,False
long-L4,midpoint-b4-L4-detached-s31415-A,midpoint,4,4,detached,31415,A,best_one_step,1.1113638891178628e-06,0.0001427808601874858,1.58826333063189e-05,0.0,1.0,2.8364787101525336e-06,27.559539917856455,2000,1990,False
long-L4,midpoint-b4-L4-detached-s31415-A,midpoint,4,4,detached,31415,A,best_rollout,1.1246638044765714e-06,0.00014325651864055533,1.5971567336237044e-05,0.0,1.0,2.8472730474495606e-06,27.559539917856455,2000,1880,False
long-L4,midpoint-b4-L4-detached-s31415-A,midpoint,4,4,detached,31415,A,epoch120,0.005317346831499621,0.02339528873562813,0.024658631533384327,0.0,0.9012276785714286,0.006562976745437768,27.559539917856455,2000,120,False
long-L4,midpoint-b4-L4-detached-s31415-A,midpoint,4,4,detached,31415,A,epoch400,0.004084000441140393,0.018262661993503567,0.01991510204970837,0.0,0.9162946428571429,0.005047378717664339,27.559539917856455,2000,400,False
long-L4,midpoint-b4-L4-detached-s31415-B,midpoint,4,4,detached,31415,B,final,1.2738634339751725e-06,0.0001387029657564234,1.6298541629794033e-05,0.0,1.0,2.995775900932596e-06,26.322690691798925,2000,2000,False
long-L4,midpoint-b4-L4-detached-s31415-B,midpoint,4,4,detached,31415,B,best_one_step,1.2738634339751725e-06,0.0001387029657564234,1.6298541629794033e-05,0.0,1.0,2.995775900932596e-06,26.322690691798925,2000,2000,False
long-L4,midpoint-b4-L4-detached-s31415-B,midpoint,4,4,detached,31415,B,best_rollout,1.2738634339751725e-06,0.0001387029657564234,1.6298541629794033e-05,0.0,1.0,2.995775900932596e-06,26.322690691798925,2000,2000,False
long-L4,midpoint-b4-L4-detached-s31415-B,midpoint,4,4,detached,31415,B,epoch120,0.0050567104507620204,0.02253350810855941,0.024081036490292387,0.0,0.904296875,0.006326108711186975,26.322690691798925,2000,120,False
long-L4,midpoint-b4-L4-detached-s31415-B,midpoint,4,4,detached,31415,B,epoch400,0.003821374536683826,0.017388317649607535,0.019377508954225065,0.0,0.9157366071428571,0.004814856007776906,26.322690691798925,2000,400,False
long-L4,midpoint-b4-L4-initial-s161803-A,midpoint,4,4,initial,161803,A,final,5.557359117042454e-07,7.350098894676196e-05,3.987660875282018e-06,0.0,1.0,6.824115024523406e-07,8.25695476680994,2000,2000,False
long-L4,midpoint-b4-L4-initial-s161803-A,midpoint,4,4,initial,161803,A,best_one_step,5.469464066431628e-07,7.342347817029801e-05,3.974586434196679e-06,0.0,1.0,6.785198344116363e-07,8.25695476680994,2000,1990,False
long-L4,midpoint-b4-L4-initial-s161803-A,midpoint,4,4,initial,161803,A,best_rollout,5.302839025513512e-07,7.296120747923852e-05,3.917114099749594e-06,0.0,1.0,6.638154335184565e-07,8.25695476680994,2000,1950,False
long-L4,midpoint-b4-L4-initial-s161803-A,midpoint,4,4,initial,161803,A,epoch120,0.0070940967591286005,0.03250648453831673,0.035937048494815826,0.0,0.8543526785714286,0.00971211504224832,8.25695476680994,2000,120,False
long-L4,midpoint-b4-L4-initial-s161803-A,midpoint,4,4,initial,161803,A,epoch400,0.006336003853432052,0.02927374839782715,0.032823465764522546,0.0,0.8616071428571428,0.008640841142987552,8.25695476680994,2000,400,False
long-L4,midpoint-b4-L4-initial-s161803-B,midpoint,4,4,initial,161803,B,final,6.745519813751133e-07,5.5485622531194944e-05,2.857132248404789e-06,0.0,1.0,5.197339481554277e-07,8.131458353251219,2000,2000,False
long-L4,midpoint-b4-L4-initial-s161803-B,midpoint,4,4,initial,161803,B,best_one_step,9.505890246522896e-07,5.93571428874735e-05,3.0777593296077188e-06,0.0,1.0,7.270898586913656e-07,8.131458353251219,2000,1890,False
long-L4,midpoint-b4-L4-initial-s161803-B,midpoint,4,4,initial,161803,B,best_rollout,6.745519813751133e-07,5.5485622531194944e-05,2.857132248404789e-06,0.0,1.0,5.197339481554277e-07,8.131458353251219,2000,2000,False
long-L4,midpoint-b4-L4-initial-s161803-B,midpoint,4,4,initial,161803,B,epoch120,0.007128003608283182,0.03275345614363043,0.036300604116422275,0.0,0.8540736607142857,0.009787965539076847,8.131458353251219,2000,120,False
long-L4,midpoint-b4-L4-initial-s161803-B,midpoint,4,4,initial,161803,B,epoch400,0.0063493427411737725,0.02933890933019649,0.03297938535835829,0.0,0.8618861607142857,0.008660199925024547,8.131458353251219,2000,400,False
long-L4,midpoint-b4-L4-initial-s271828-A,midpoint,4,4,initial,271828,A,final,1.4073399854605376e-05,5.757827966590413e-05,0.00010097467747982595,0.0,1.0,1.925935026048731e-05,8.115835793316364,2000,2000,False
long-L4,midpoint-b4-L4-initial-s271828-A,midpoint,4,4,initial,271828,A,best_one_step,1.3478357316920879e-05,5.780697756563313e-05,0.00010132850002264605,0.0,1.0,1.9221622599123052e-05,8.115835793316364,2000,1990,False
long-L4,midpoint-b4-L4-initial-s271828-A,midpoint,4,4,initial,271828,A,best_rollout,1.3478357316920879e-05,5.780697756563313e-05,0.00010132850002264605,0.0,1.0,1.9221622599123052e-05,8.115835793316364,2000,1990,False
long-L4,midpoint-b4-L4-initial-s271828-A,midpoint,4,4,initial,271828,A,epoch120,0.00797117689788811,0.036367449909448624,0.039864193648099906,0.0,0.8431919642857143,0.011019285438214836,8.115835793316364,2000,120,False
long-L4,midpoint-b4-L4-initial-s271828-A,midpoint,4,4,initial,271828,A,epoch400,0.007118139266259017,0.0327174961566925,0.03612013161182403,0.0,0.8546316964285714,0.009752052244359904,8.115835793316364,2000,400,False
long-L4,midpoint-b4-L4-initial-s271828-B,midpoint,4,4,initial,271828,B,final,1.8026506950256327e-05,7.65538481165029e-05,0.00012768744293345917,0.0,1.0,2.4908606209256495e-05,8.163671892136335,2000,2000,False
long-L4,midpoint-b4-L4-initial-s271828-B,midpoint,4,4,initial,271828,B,best_one_step,1.8026506950256327e-05,7.65538481165029e-05,0.00012768744293345917,0.0,1.0,2.4908606209256495e-05,8.163671892136335,2000,2000,False
long-L4,midpoint-b4-L4-initial-s271828-B,midpoint,4,4,initial,271828,B,best_rollout,1.8026506950256327e-05,7.65538481165029e-05,0.00012768744293345917,0.0,1.0,2.4908606209256495e-05,8.163671892136335,2000,2000,False
long-L4,midpoint-b4-L4-initial-s271828-B,midpoint,4,4,initial,271828,B,epoch120,0.008193020498314921,0.03724633728677317,0.04101279430966141,0.0,0.8426339285714286,0.011342046786150422,8.163671892136335,2000,120,False
long-L4,midpoint-b4-L4-initial-s271828-B,midpoint,4,4,initial,271828,B,epoch400,0.0073058680538405805,0.033462328188476165,0.037104238004283426,0.0,0.8518415178571428,0.010022497802742997,8.163671892136335,2000,400,False
long-L4,midpoint-b4-L4-initial-s31415-A,midpoint,4,4,initial,31415,A,final,1.060967766279705e-06,0.00011841029481729486,1.1653992260107764e-05,0.0,1.0,2.08979966779676e-06,7.418540351092815,2000,2000,False
long-L4,midpoint-b4-L4-initial-s31415-A,midpoint,4,4,initial,31415,A,best_one_step,1.060967766279705e-06,0.00011841029481729486,1.1653992260107764e-05,0.0,1.0,2.08979966779676e-06,7.418540351092815,2000,2000,False
long-L4,midpoint-b4-L4-initial-s31415-A,midpoint,4,4,initial,31415,A,best_rollout,1.0530069190322708e-06,0.00011786405957536781,1.1549043847480797e-05,0.0,1.0,2.0622810062133363e-06,7.418540351092815,2000,1910,False
long-L4,midpoint-b4-L4-initial-s31415-A,midpoint,4,4,initial,31415,A,epoch120,0.006703071129691382,0.030719742178916924,0.03399135172367095,0.0,0.861328125,0.009089375541370959,7.418540351092815,2000,120,False
long-L4,midpoint-b4-L4-initial-s31415-A,midpoint,4,4,initial,31415,A,epoch400,0.005917822669167094,0.027324749156832695,0.030699927359819416,0.0,0.8705357142857143,0.008020548888790467,7.418540351092815,2000,400,False
long-L4,midpoint-b4-L4-initial-s31415-B,midpoint,4,4,initial,31415,B,final,1.5388789025671838e-06,0.00012597403510207418,1.614849490496748e-05,0.0,1.0,3.0812147700503453e-06,7.568155325949192,2000,2000,False
long-L4,midpoint-b4-L4-initial-s31415-B,midpoint,4,4,initial,31415,B,best_one_step,1.5388789025671838e-06,0.00012597403510207418,1.614849490496748e-05,0.0,1.0,3.0812147700503453e-06,7.568155325949192,2000,2000,False
long-L4,midpoint-b4-L4-initial-s31415-B,midpoint,4,4,initial,31415,B,best_rollout,1.5388789025671838e-06,0.00012597403510207418,1.614849490496748e-05,0.0,1.0,3.0812147700503453e-06,7.568155325949192,2000,2000,False
long-L4,midpoint-b4-L4-initial-s31415-B,midpoint,4,4,initial,31415,B,epoch120,0.006574951766491278,0.030153889305538358,0.03387637718510511,0.0,0.8624441964285714,0.008960941527709496,7.568155325949192,2000,120,False
long-L4,midpoint-b4-L4-initial-s31415-B,midpoint,4,4,initial,31415,B,epoch400,0.005374478186989921,0.024870418052943766,0.02828688717618297,0.0,0.8777901785714286,0.007242970761486392,7.568155325949192,2000,400,False
long-L4,midpoint-b4-L4-teacher-s161803-A,midpoint,4,4,teacher,161803,A,final,0.0002285851792216036,0.0001160823085228913,3.0665742087876424e-05,0.0,1.0,7.810560834035288e-05,8.470733892172575,2000,2000,False
long-L4,midpoint-b4-L4-teacher-s161803-A,midpoint,4,4,teacher,161803,A,best_one_step,5.786771562293774e-07,8.904169226298105e-05,5.82593111175811e-06,0.0,1.0,1.0153292825526055e-06,8.470733892172575,2000,1450,False
long-L4,midpoint-b4-L4-teacher-s161803-A,midpoint,4,4,teacher,161803,A,best_rollout,4.2701334149035156e-07,8.455495117232201e-05,4.8294191401510025e-06,0.0,1.0,7.896483552073334e-07,8.470733892172575,2000,1160,False
long-L4,midpoint-b4-L4-teacher-s161803-A,midpoint,4,4,teacher,161803,A,epoch120,0.005216689149344216,0.021782167255878452,0.022242419421672825,0.0,0.9140625,0.0060424532654456235,8.470733892172575,2000,120,False
long-L4,midpoint-b4-L4-teacher-s161803-A,midpoint,4,4,teacher,161803,A,epoch400,0.004239893193665146,0.017961543053388596,0.018859930336475376,0.0,0.9235491071428571,0.004904156575918843,8.470733892172575,2000,400,False
long-L4,midpoint-b4-L4-teacher-s161803-B,midpoint,4,4,teacher,161803,B,final,3.839315500991089e-06,4.1722470143602277e-05,5.679484919748386e-06,0.0,1.0,1.8905716412180393e-06,8.43360460549593,2000,2000,False
long-L4,midpoint-b4-L4-teacher-s161803-B,midpoint,4,4,teacher,161803,B,best_one_step,3.839315500991089e-06,4.1722470143602277e-05,5.679484919748386e-06,0.0,1.0,1.8905716412180393e-06,8.43360460549593,2000,2000,False
long-L4,midpoint-b4-L4-teacher-s161803-B,midpoint,4,4,teacher,161803,B,best_rollout,3.839315500991089e-06,4.1722470143602277e-05,5.679484919748386e-06,0.0,1.0,1.8905716412180393e-06,8.43360460549593,2000,2000,False
long-L4,midpoint-b4-L4-teacher-s161803-B,midpoint,4,4,teacher,161803,B,epoch120,0.005245659134971739,0.022016984383225063,0.022545342908003373,0.0,0.9132254464285714,0.006117726917406403,8.43360460549593,2000,120,False
long-L4,midpoint-b4-L4-teacher-s161803-B,midpoint,4,4,teacher,161803,B,epoch400,0.004334568592901498,0.01865485966180003,0.019738603311456496,0.0,0.9193638392857143,0.005124891854950982,8.43360460549593,2000,400,False
long-L4,midpoint-b4-L4-teacher-s271828-A,midpoint,4,4,teacher,271828,A,final,7.808426343521797e-06,2.761852010735311e-05,4.3454456317704164e-05,0.0,1.0,7.744464894351506e-06,8.358304049819708,2000,2000,False
long-L4,midpoint-b4-L4-teacher-s271828-A,midpoint,4,4,teacher,271828,A,best_one_step,7.808426343521797e-06,2.761852010735311e-05,4.3454456317704164e-05,0.0,1.0,7.744464894351506e-06,8.358304049819708,2000,2000,False
long-L4,midpoint-b4-L4-teacher-s271828-A,midpoint,4,4,teacher,271828,A,best_rollout,7.808426343521797e-06,2.761852010735311e-05,4.3454456317704164e-05,0.0,1.0,7.744464894351506e-06,8.358304049819708,2000,2000,False
long-L4,midpoint-b4-L4-teacher-s271828-A,midpoint,4,4,teacher,271828,A,epoch120,0.0054732026057906285,0.021332627162337303,0.020801030099391934,0.0,0.9235491071428571,0.005854853012113572,8.358304049819708,2000,120,False
long-L4,midpoint-b4-L4-teacher-s271828-A,midpoint,4,4,teacher,271828,A,epoch400,0.004711014004974485,0.018660724163055423,0.01878022775053978,0.0,0.9294084821428571,0.005006037241288063,8.358304049819708,2000,400,False
long-L4,midpoint-b4-L4-teacher-s271828-B,midpoint,4,4,teacher,271828,B,final,9.528261518613665e-06,3.112562416619742e-05,4.639522171273016e-05,0.0,1.0,8.861624123157299e-06,8.269050739705563,2000,2000,False
long-L4,midpoint-b4-L4-teacher-s271828-B,midpoint,4,4,teacher,271828,B,best_one_step,9.528261518613665e-06,3.112562416619742e-05,4.639522171273016e-05,0.0,1.0,8.861624123157299e-06,8.269050739705563,2000,2000,False
long-L4,midpoint-b4-L4-teacher-s271828-B,midpoint,4,4,teacher,271828,B,best_rollout,9.528261518613665e-06,3.112562416619742e-05,4.639522171273016e-05,0.0,1.0,8.861624123157299e-06,8.269050739705563,2000,2000,False
long-L4,midpoint-b4-L4-teacher-s271828-B,midpoint,4,4,teacher,271828,B,epoch120,0.0055422521104898925,0.022748078632398427,0.02264721152792236,0.0,0.9182477678571429,0.006267828672639658,8.269050739705563,2000,120,False
long-L4,midpoint-b4-L4-teacher-s271828-B,midpoint,4,4,teacher,271828,B,epoch400,0.005651754631592431,0.023481641164030412,0.024562421631096135,0.0,0.9109933035714286,0.00654736420150067,8.269050739705563,2000,400,False
long-L4,midpoint-b4-L4-teacher-s31415-A,midpoint,4,4,teacher,31415,A,final,1.0581685385031336e-05,0.00012153124407632276,1.161209911515471e-05,0.0,1.0,5.1935894195050785e-06,8.542199309915304,2000,2000,False
long-L4,midpoint-b4-L4-teacher-s31415-A,midpoint,4,4,teacher,31415,A,best_one_step,6.987832426388492e-07,0.0001203860738314688,1.0674033546820285e-05,0.0,1.0,1.8631477680861302e-06,8.542199309915304,2000,1970,False
long-L4,midpoint-b4-L4-teacher-s31415-A,midpoint,4,4,teacher,31415,A,best_rollout,6.989038116082028e-07,0.00012043891911162066,1.0682542779250065e-05,0.0,1.0,1.8643257000164006e-06,8.542199309915304,2000,1960,False
long-L4,midpoint-b4-L4-teacher-s31415-A,midpoint,4,4,teacher,31415,A,epoch120,0.004807422483117016,0.018002575263381008,0.01760078221559525,0.0,0.9369419642857143,0.004847648630755438,8.542199309915304,2000,120,False
long-L4,midpoint-b4-L4-teacher-s31415-A,midpoint,4,4,teacher,31415,A,epoch400,0.003936023781973133,0.0150986211374402,0.01521755941212177,0.0,0.9428013392857143,0.004039234309202827,8.542199309915304,2000,400,False
long-L4,midpoint-b4-L4-teacher-s31415-B,midpoint,4,4,teacher,31415,B,final,2.6616813369936225e-06,0.00010390257797448558,9.639804348834092e-06,0.0,1.0,2.26824305019988e-06,8.301412303000689,2000,2000,False
long-L4,midpoint-b4-L4-teacher-s31415-B,midpoint,4,4,teacher,31415,B,best_one_step,1.1538062194911445e-06,0.00010849697409379235,9.966692064801538e-06,0.0,1.0,1.8677636097984772e-06,8.301412303000689,2000,1920,False
long-L4,midpoint-b4-L4-teacher-s31415-B,midpoint,4,4,teacher,31415,B,best_rollout,1.1538062194911445e-06,0.00010849697409379235,9.966692064801538e-06,0.0,1.0,1.8677636097984772e-06,8.301412303000689,2000,1920,False
long-L4,midpoint-b4-L4-teacher-s31415-B,midpoint,4,4,teacher,31415,B,epoch120,0.004604714303605113,0.017568402718709464,0.017384487874858547,0.0,0.9386160714285714,0.0047249644564905735,8.301412303000689,2000,120,False
long-L4,midpoint-b4-L4-teacher-s31415-B,midpoint,4,4,teacher,31415,B,epoch400,0.0038135412048636917,0.015427023997546564,0.01603609031599587,0.0,0.9405691964285714,0.004151496292081797,8.301412303000689,2000,400,False
long-L4,midpoint-b4-L4-unroll-s161803-A,midpoint,4,4,unroll,161803,A,final,6.17114898381142e-07,9.435704851057387e-05,7.1614522312302125e-06,0.0,1.0,1.2805420826320238e-06,30.414476942270994,2000,2000,False
long-L4,midpoint-b4-L4-unroll-s161803-A,midpoint,4,4,unroll,161803,A,best_one_step,6.174809575806586e-07,9.428020712221043e-05,7.1430149546358675e-06,0.0,1.0,1.2765293399086821e-06,30.414476942270994,2000,1990,False
long-L4,midpoint-b4-L4-unroll-s161803-A,midpoint,4,4,unroll,161803,A,best_rollout,6.00274596351692e-07,9.38765151659026e-05,7.0289424911607065e-06,0.0,1.0,1.2534642579181538e-06,30.414476942270994,2000,1960,False
long-L4,midpoint-b4-L4-unroll-s161803-A,midpoint,4,4,unroll,161803,A,epoch120,0.006696278344658074,0.03073233924806118,0.03376470133662223,0.0,0.8621651785714286,0.00908721508739586,30.414476942270994,2000,120,False
long-L4,midpoint-b4-L4-unroll-s161803-A,midpoint,4,4,unroll,161803,A,epoch400,0.005299671729139907,0.02464878186583519,0.02766970917582512,0.0,0.8805803571428571,0.007117551611339072,30.414476942270994,2000,400,False
long-L4,midpoint-b4-L4-unroll-s161803-B,midpoint,4,4,unroll,161803,B,final,4.159870535012804e-07,5.6074519553738206e-05,2.7721586134838286e-06,0.0,1.0,4.365144106442898e-07,29.94300064444542,2000,2000,False
long-L4,midpoint-b4-L4-unroll-s161803-B,midpoint,4,4,unroll,161803,B,best_one_step,5.181513656176738e-07,6.210734274448264e-05,3.3253718522701814e-06,0.0,1.0,6.242811170033347e-07,29.94300064444542,2000,1940,False
long-L4,midpoint-b4-L4-unroll-s161803-B,midpoint,4,4,unroll,161803,B,best_rollout,4.159870535012804e-07,5.6074519553738206e-05,2.7721586134838286e-06,0.0,1.0,4.365144106442898e-07,29.94300064444542,2000,2000,False
long-L4,midpoint-b4-L4-unroll-s161803-B,midpoint,4,4,unroll,161803,B,epoch120,0.006929000832370794,0.03143709732609292,0.034705979760691216,0.0,0.861328125,0.009377744485917834,29.94300064444542,2000,120,False
long-L4,midpoint-b4-L4-unroll-s161803-B,midpoint,4,4,unroll,161803,B,epoch400,0.005415318435184826,0.025030288158210196,0.028209660585130674,0.0,0.8794642857142857,0.007274906697916571,29.94300064444542,2000,400,False
long-L4,midpoint-b4-L4-unroll-s271828-A,midpoint,4,4,unroll,271828,A,final,1.3030912171554831e-05,6.296578067122031e-05,9.813354699872433e-05,0.0,1.0,1.81907829060538e-05,30.42140080779791,2000,2000,False
long-L4,midpoint-b4-L4-unroll-s271828-A,midpoint,4,4,unroll,271828,A,best_one_step,1.3030912171554831e-05,6.296578067122031e-05,9.813354699872433e-05,0.0,1.0,1.81907829060538e-05,30.42140080779791,2000,2000,False
long-L4,midpoint-b4-L4-unroll-s271828-A,midpoint,4,4,unroll,271828,A,best_rollout,1.3030912171554831e-05,6.296578067122031e-05,9.813354699872433e-05,0.0,1.0,1.81907829060538e-05,30.42140080779791,2000,2000,False
long-L4,midpoint-b4-L4-unroll-s271828-A,midpoint,4,4,unroll,271828,A,epoch120,0.00637184669320041,0.028510266914963715,0.02993438951671124,0.0,0.8822544642857143,0.008229152720145839,30.42140080779791,2000,120,False
long-L4,midpoint-b4-L4-unroll-s271828-A,midpoint,4,4,unroll,271828,A,epoch400,0.005636836721691121,0.025633994489908215,0.027573645114898685,0.0,0.8883928571428571,0.007307625529250017,30.42140080779791,2000,400,False
long-L4,midpoint-b4-L4-unroll-s271828-B,midpoint,4,4,unroll,271828,B,final,1.3945157118796732e-05,6.158587506140546e-05,0.00010007533916597218,0.0,1.0,1.9030795095852722e-05,30.07931426540017,2000,2000,False
long-L4,midpoint-b4-L4-unroll-s271828-B,midpoint,4,4,unroll,271828,B,best_one_step,1.6250417533041733e-05,6.378525307501456e-05,0.00010211659641708684,0.0,1.0,1.9863281530556564e-05,30.07931426540017,2000,1940,False
long-L4,midpoint-b4-L4-unroll-s271828-B,midpoint,4,4,unroll,271828,B,best_rollout,1.4992814892542989e-05,6.357272500833008e-05,0.00010198897337970435,0.0,1.0,1.950768483313211e-05,30.07931426540017,2000,1930,False
long-L4,midpoint-b4-L4-unroll-s271828-B,midpoint,4,4,unroll,271828,B,epoch120,0.006636457274062906,0.030172174791878108,0.03210736237773178,0.0,0.8766741071428571,0.008788151758580843,30.07931426540017,2000,120,False
long-L4,midpoint-b4-L4-unroll-s271828-B,midpoint,4,4,unroll,271828,B,epoch400,0.006663165531596021,0.03010137215192761,0.033012320373720885,0.0,0.8722098214285714,0.008837128136379048,30.07931426540017,2000,400,False
long-L4,midpoint-b4-L4-unroll-s31415-A,midpoint,4,4,unroll,31415,A,final,7.483108337119053e-07,0.00011606288899201901,9.845382010098548e-06,0.0,1.0,1.702963662629768e-06,31.12790247797966,2000,2000,False
long-L4,midpoint-b4-L4-unroll-s31415-A,midpoint,4,4,unroll,31415,A,best_one_step,7.888307827148338e-07,0.00011848292342619973,1.0396681318525225e-05,0.0,1.0,1.804078659992869e-06,31.12790247797966,2000,1880,False
long-L4,midpoint-b4-L4-unroll-s31415-A,midpoint,4,4,unroll,31415,A,best_rollout,7.483108337119053e-07,0.00011606288899201901,9.845382010098548e-06,0.0,1.0,1.702963662629768e-06,31.12790247797966,2000,2000,False
long-L4,midpoint-b4-L4-unroll-s31415-A,midpoint,4,4,unroll,31415,A,epoch120,0.005531763722716082,0.02468500286340714,0.02627507597208023,0.0,0.89453125,0.006991112847859798,31.12790247797966,2000,120,False
long-L4,midpoint-b4-L4-unroll-s31415-A,midpoint,4,4,unroll,31415,A,epoch400,0.004571134254334494,0.020703786984086037,0.022640641778707504,0.0,0.9048549107142857,0.005802514555602476,31.12790247797966,2000,400,False
long-L4,midpoint-b4-L4-unroll-s31415-B,midpoint,4,4,unroll,31415,B,final,0.00025905508281243823,0.000131464390513887,3.1098695356999295e-05,0.0,1.0,8.623353233506007e-05,29.951577682048082,2000,2000,False
long-L4,midpoint-b4-L4-unroll-s31415-B,midpoint,4,4,unroll,31415,B,best_one_step,7.640249225154424e-07,0.00010395557253934371,8.057832348934633e-06,0.0,1.0,1.4225525536795105e-06,29.951577682048082,2000,1970,False
long-L4,midpoint-b4-L4-unroll-s31415-B,midpoint,4,4,unroll,31415,B,best_rollout,7.812999793937437e-07,0.00010403561687917975,8.063325990824467e-06,0.0,1.0,1.4257628066659224e-06,29.951577682048082,2000,1980,False
long-L4,midpoint-b4-L4-unroll-s31415-B,midpoint,4,4,unroll,31415,B,epoch120,0.005308673948737588,0.02407334697209313,0.02605589882102577,0.0,0.8956473214285714,0.006840493736521621,29.951577682048082,2000,120,False
long-L4,midpoint-b4-L4-unroll-s31415-B,midpoint,4,4,unroll,31415,B,epoch400,0.004277598183823936,0.019685500677975632,0.022023970358451782,0.0,0.9070870535714286,0.005529900547487965,29.951577682048082,2000,400,False
rate-L4,midpoint-b4-L4-detached-s161803-A,midpoint,4,4,detached,161803,A,final,6.118532119052111e-07,9.300149395130567e-05,7.1433996708947225e-06,0.0,1.0,1.2711457713273148e-06,28.90933882817626,2000,2000,False
rate-L4,midpoint-b4-L4-detached-s161803-A,midpoint,4,4,detached,161803,A,best_one_step,6.118532119052111e-07,9.300149395130567e-05,7.1433996708947225e-06,0.0,1.0,1.2711457713273148e-06,28.90933882817626,2000,2000,False
rate-L4,midpoint-b4-L4-detached-s161803-A,midpoint,4,4,detached,161803,A,best_rollout,5.674112089647959e-07,9.241137740900735e-05,7.02630131854676e-06,0.0,1.0,1.2390412575705163e-06,28.90933882817626,2000,1920,False
rate-L4,midpoint-b4-L4-detached-s161803-A,midpoint,4,4,detached,161803,A,epoch120,0.006935170654653242,0.03181114047765732,0.0351291261613369,0.0,0.8582589285714286,0.009469541247671864,28.90933882817626,2000,120,False
rate-L4,midpoint-b4-L4-detached-s161803-A,midpoint,4,4,detached,161803,A,epoch400,0.005680788020307506,0.026303606107830998,0.029709562659263614,0.0,0.8727678571428572,0.007675636019764145,28.90933882817626,2000,400,False
rate-L4,midpoint-b4-L4-detached-s161803-B,midpoint,4,4,detached,161803,B,final,6.965715720334903e-07,6.306623267289292e-05,5.199840925040061e-06,0.0,1.0,8.440421769686498e-07,28.749425418674946,2000,2000,False
rate-L4,midpoint-b4-L4-detached-s161803-B,midpoint,4,4,detached,161803,B,best_one_step,6.965715720334903e-07,6.306623267289292e-05,5.199840925040061e-06,0.0,1.0,8.440421769686498e-07,28.749425418674946,2000,2000,False
rate-L4,midpoint-b4-L4-detached-s161803-B,midpoint,4,4,detached,161803,B,best_rollout,6.965715720334903e-07,6.306623267289292e-05,5.199840925040061e-06,0.0,1.0,8.440421769686498e-07,28.749425418674946,2000,2000,False
rate-L4,midpoint-b4-L4-detached-s161803-B,midpoint,4,4,detached,161803,B,epoch120,0.0069601502931220605,0.031878541106371075,0.03530888669658535,0.0,0.8599330357142857,0.009507418939301175,28.749425418674946,2000,120,False
rate-L4,midpoint-b4-L4-detached-s161803-B,midpoint,4,4,detached,161803,B,epoch400,0.0057242765222244515,0.02646994653303945,0.030055014861650426,0.0,0.8741629464285714,0.007751812303711621,28.749425418674946,2000,400,False
rate-L4,midpoint-b4-L4-detached-s271828-A,midpoint,4,4,detached,271828,A,final,1.326342607308005e-05,5.878898809896782e-05,9.996628796216102e-05,0.0,1.0,1.879537778335667e-05,28.992924075573683,2000,2000,False
rate-L4,midpoint-b4-L4-detached-s271828-A,midpoint,4,4,detached,271828,A,best_one_step,1.326342607308005e-05,5.878898809896782e-05,9.996628796216102e-05,0.0,1.0,1.879537778335667e-05,28.992924075573683,2000,2000,False
rate-L4,midpoint-b4-L4-detached-s271828-A,midpoint,4,4,detached,271828,A,best_rollout,1.326342607308005e-05,5.878898809896782e-05,9.996628796216102e-05,0.0,1.0,1.879537778335667e-05,28.992924075573683,2000,2000,False
rate-L4,midpoint-b4-L4-detached-s271828-A,midpoint,4,4,detached,271828,A,epoch120,0.007464684565013912,0.034187830984592445,0.037140831351280205,0.0,0.853515625,0.010226057177751744,28.992924075573683,2000,120,False
rate-L4,midpoint-b4-L4-detached-s271828-A,midpoint,4,4,detached,271828,A,epoch400,0.0065822772070908645,0.030184987932443626,0.03327101469039918,0.0,0.86328125,0.008870714860006202,28.992924075573683,2000,400,False
rate-L4,midpoint-b4-L4-detached-s271828-B,midpoint,4,4,detached,271828,B,final,0.0001879069815409384,8.743398586223522e-05,0.00013171873824499483,0.0,1.0,8.019161399242872e-05,28.68805655837059,2000,2000,False
rate-L4,midpoint-b4-L4-detached-s271828-B,midpoint,4,4,detached,271828,B,best_one_step,1.722242280922901e-05,6.110353099576723e-05,0.00010630140878586952,0.0,1.0,2.110508676260117e-05,28.68805655837059,2000,1960,False
rate-L4,midpoint-b4-L4-detached-s271828-B,midpoint,4,4,detached,271828,B,best_rollout,1.691702933746242e-05,6.071737036164961e-05,0.00010581309877548341,0.0,1.0,2.093590941439111e-05,28.68805655837059,2000,1970,False
rate-L4,midpoint-b4-L4-detached-s271828-B,midpoint,4,4,detached,271828,B,epoch120,0.007667893366658801,0.034828380932179465,0.03793795617846575,0.0,0.8540736607142857,0.010479890127432794,28.68805655837059,2000,120,False
rate-L4,midpoint-b4-L4-detached-s271828-B,midpoint,4,4,detached,271828,B,epoch400,0.007089438319352191,0.03216113341536195,0.0354161038171897,0.0,0.8657924107142857,0.009552038085032103,28.68805655837059,2000,400,False
rate-L4,midpoint-b4-L4-detached-s31415-A,midpoint,4,4,detached,31415,A,final,9.287298042849512e-07,0.0001324458135059103,1.3668936844624122e-05,0.0,1.0,2.449083097614947e-06,29.144272182136774,2000,2000,False
rate-L4,midpoint-b4-L4-detached-s31415-A,midpoint,4,4,detached,31415,A,best_one_step,9.429408843857874e-07,0.00013326430052984495,1.3845786270394445e-05,0.0,1.0,2.4787238962501703e-06,29.144272182136774,2000,1770,False
rate-L4,midpoint-b4-L4-detached-s31415-A,midpoint,4,4,detached,31415,A,best_rollout,9.526441892184267e-07,0.00013371776731219132,1.392391823173966e-05,0.0,1.0,2.486019686779928e-06,29.144272182136774,2000,1470,False
rate-L4,midpoint-b4-L4-detached-s31415-A,midpoint,4,4,detached,31415,A,epoch120,0.006004570718205622,0.027640035375952717,0.03007488511502743,0.0,0.8766741071428571,0.007995152535999906,29.144272182136774,2000,120,False
rate-L4,midpoint-b4-L4-detached-s31415-A,midpoint,4,4,detached,31415,A,epoch400,0.004978659398149543,0.02312804013490677,0.025749772787094113,0.0,0.8892299107142857,0.0065897633102588475,29.144272182136774,2000,400,False
rate-L4,midpoint-b4-L4-detached-s31415-B,midpoint,4,4,detached,31415,B,final,8.805017860788186e-07,0.00011151068166350911,1.0059558846179825e-05,0.0,1.0,1.8227203947995555e-06,28.684023685753345,2000,2000,False
rate-L4,midpoint-b4-L4-detached-s31415-B,midpoint,4,4,detached,31415,B,best_one_step,9.424596654490834e-07,0.00011469936508478867,1.0953359923725227e-05,0.0,1.0,1.9979641815991176e-06,28.684023685753345,2000,1850,False
rate-L4,midpoint-b4-L4-detached-s31415-B,midpoint,4,4,detached,31415,B,best_rollout,8.805017860788186e-07,0.00011151068166350911,1.0059558846179825e-05,0.0,1.0,1.8227203947995555e-06,28.684023685753345,2000,2000,False
rate-L4,midpoint-b4-L4-detached-s31415-B,midpoint,4,4,detached,31415,B,epoch120,0.00597682131173242,0.027336499927804774,0.029904890342939746,0.0,0.8816964285714286,0.007909599822358011,28.684023685753345,2000,120,False
rate-L4,midpoint-b4-L4-detached-s31415-B,midpoint,4,4,detached,31415,B,epoch400,0.005086431699092037,0.023328396287905232,0.026141095417869083,0.0,0.8931361607142857,0.006681364029755711,28.684023685753345,2000,400,False
rate-L4,midpoint-b4-L4-initial-s161803-A,midpoint,4,4,initial,161803,A,final,4.397236229864809e-07,6.564406794495875e-05,2.7920514185097983e-06,0.0,1.0,3.931728092458401e-07,8.406397499144077,2000,2000,False
rate-L4,midpoint-b4-L4-initial-s161803-A,midpoint,4,4,initial,161803,A,best_one_step,3.8236068176301943e-07,6.551143451360986e-05,2.766396846709539e-06,0.0,1.0,3.7680873224502657e-07,8.406397499144077,2000,1980,False
rate-L4,midpoint-b4-L4-initial-s161803-A,midpoint,4,4,initial,161803,A,best_rollout,3.8065402979500386e-07,6.545199721585956e-05,2.7642233817459804e-06,0.0,1.0,3.758575379391001e-07,8.406397499144077,2000,1970,False
rate-L4,midpoint-b4-L4-initial-s161803-A,midpoint,4,4,initial,161803,A,epoch120,0.007411154050028408,0.03394339233636857,0.037779714912176125,0.0,0.8479352678571428,0.010218063964785537,8.406397499144077,2000,120,False
rate-L4,midpoint-b4-L4-initial-s161803-A,midpoint,4,4,initial,161803,A,epoch400,0.0066652051029866,0.030723644420504573,0.03460270166397095,0.0,0.8560267857142857,0.009137019289367776,8.406397499144077,2000,400,False
rate-L4,midpoint-b4-L4-initial-s161803-B,midpoint,4,4,initial,161803,B,final,4.3559406482677814e-07,4.871347093661816e-05,2.7677886014723e-06,0.0,1.0,2.82256604295092e-07,8.21765149757266,2000,2000,False
rate-L4,midpoint-b4-L4-initial-s161803-B,midpoint,4,4,initial,161803,B,best_one_step,4.3559406482677814e-07,4.871347093661816e-05,2.7677886014723e-06,0.0,1.0,2.82256604295092e-07,8.21765149757266,2000,2000,False
rate-L4,midpoint-b4-L4-initial-s161803-B,midpoint,4,4,initial,161803,B,best_rollout,4.3559406482677814e-07,4.871347093661816e-05,2.7677886014723e-06,0.0,1.0,2.82256604295092e-07,8.21765149757266,2000,2000,False
rate-L4,midpoint-b4-L4-initial-s161803-B,midpoint,4,4,initial,161803,B,epoch120,0.007448195140785936,0.034078608600324016,0.037958142060114025,0.0,0.8484933035714286,0.010266156694956702,8.21765149757266,2000,120,False
rate-L4,midpoint-b4-L4-initial-s161803-B,midpoint,4,4,initial,161803,B,epoch400,0.006726855119569717,0.0309406981163694,0.03487726896746542,0.0,0.8571428571428572,0.009213593147962006,8.21765149757266,2000,400,False
rate-L4,midpoint-b4-L4-initial-s271828-A,midpoint,4,4,initial,271828,A,final,2.7266570642233878e-05,7.73319261497818e-05,0.00012834351218771179,0.0,1.0,2.770815645142175e-05,8.25577925145626,2000,2000,False
rate-L4,midpoint-b4-L4-initial-s271828-A,midpoint,4,4,initial,271828,A,best_one_step,1.6593454886587977e-05,7.602406549267471e-05,0.00012712963507510727,0.0,1.0,2.4378558994033542e-05,8.25577925145626,2000,1960,False
rate-L4,midpoint-b4-L4-initial-s271828-A,midpoint,4,4,initial,271828,A,best_rollout,1.6541042916605016e-05,7.548074063379316e-05,0.0001264793536392971,0.0,1.0,2.4302270246092894e-05,8.25577925145626,2000,1970,False
rate-L4,midpoint-b4-L4-initial-s271828-A,midpoint,4,4,initial,271828,A,epoch120,0.008468658860272598,0.03839237242937089,0.042424410581588745,0.0,0.8353794642857143,0.011767343844522991,8.25577925145626,2000,120,False
rate-L4,midpoint-b4-L4-initial-s271828-A,midpoint,4,4,initial,271828,A,epoch400,0.007662009801448095,0.035009399056434624,0.0389084592461586,0.0,0.84375,0.010573531532350683,8.25577925145626,2000,400,False
rate-L4,midpoint-b4-L4-initial-s271828-B,midpoint,4,4,initial,271828,B,final,1.8239911889938264e-05,8.348583584024483e-05,0.00013734714409228675,0.0,1.0,2.6513920128781265e-05,8.166227251291275,2000,2000,False
rate-L4,midpoint-b4-L4-initial-s271828-B,midpoint,4,4,initial,271828,B,best_one_step,1.8239911889938264e-05,8.348583584024483e-05,0.00013734714409228675,0.0,1.0,2.6513920128781265e-05,8.166227251291275,2000,2000,False
rate-L4,midpoint-b4-L4-initial-s271828-B,midpoint,4,4,initial,271828,B,best_rollout,1.8239911889938264e-05,8.348583584024483e-05,0.00013734714409228675,0.0,1.0,2.6513920128781265e-05,8.166227251291275,2000,2000,False
rate-L4,midpoint-b4-L4-initial-s271828-B,midpoint,4,4,initial,271828,B,epoch120,0.008546101266073344,0.03868660736312278,0.04280518569294733,0.0,0.8362165178571428,0.01187545687768402,8.166227251291275,2000,120,False
rate-L4,midpoint-b4-L4-initial-s271828-B,midpoint,4,4,initial,271828,B,epoch400,0.007757281116043465,0.03537897406803576,0.03936916315259279,0.0,0.8470982142857143,0.010706348367728826,8.166227251291275,2000,400,False
rate-L4,midpoint-b4-L4-initial-s31415-A,midpoint,4,4,initial,31415,A,final,1.1078275452064315e-06,0.0001131427270593121,9.904487342282664e-06,0.0,1.0,1.8808596589671332e-06,8.373392187058926,2000,2000,False
rate-L4,midpoint-b4-L4-initial-s31415-A,midpoint,4,4,initial,31415,A,best_one_step,7.994653271459417e-07,0.00011511501361383122,1.0388404007244398e-05,0.0,1.0,1.8581441817347142e-06,8.373392187058926,2000,1620,False
rate-L4,midpoint-b4-L4-initial-s31415-A,midpoint,4,4,initial,31415,A,best_rollout,7.197642246470857e-07,0.00011244965571677304,9.642117220209915e-06,0.0,1.0,1.7039395391694028e-06,8.373392187058926,2000,1710,False
rate-L4,midpoint-b4-L4-initial-s31415-A,midpoint,4,4,initial,31415,A,epoch120,0.006740373079353052,0.03108041733503341,0.03442758321762084,0.0,0.8602120535714286,0.009207130806721024,8.373392187058926,2000,120,False
rate-L4,midpoint-b4-L4-initial-s31415-A,midpoint,4,4,initial,31415,A,epoch400,0.005923164957960283,0.02748515270650387,0.030767831951379776,0.0,0.8699776785714286,0.008031667671716697,8.373392187058926,2000,400,False
rate-L4,midpoint-b4-L4-initial-s31415-B,midpoint,4,4,initial,31415,B,final,8.466827661907923e-07,0.00010663394182998132,8.754018656587298e-06,0.0,1.0,1.5654379476267548e-06,8.236662354320288,2000,2000,False
rate-L4,midpoint-b4-L4-initial-s31415-B,midpoint,4,4,initial,31415,B,best_one_step,8.466827661907923e-07,0.00010663394182998132,8.754018656587298e-06,0.0,1.0,1.5654379476267548e-06,8.236662354320288,2000,2000,False
rate-L4,midpoint-b4-L4-initial-s31415-B,midpoint,4,4,initial,31415,B,best_rollout,8.466827661907923e-07,0.00010663394182998132,8.754018656587298e-06,0.0,1.0,1.5654379476267548e-06,8.236662354320288,2000,2000,False
rate-L4,midpoint-b4-L4-initial-s31415-B,midpoint,4,4,initial,31415,B,epoch120,0.006607814238932012,0.03038173156917477,0.03382883978669727,0.0,0.8649553571428572,0.00898458597685128,8.236662354320288,2000,120,False
rate-L4,midpoint-b4-L4-initial-s31415-B,midpoint,4,4,initial,31415,B,epoch400,0.005644915303984288,0.026189099766000402,0.02949027001681146,0.0,0.8755580357142857,0.007622126299963101,8.236662354320288,2000,400,False
rate-L4,midpoint-b4-L4-teacher-s161803-A,midpoint,4,4,teacher,161803,A,final,5.205282948725549e-07,8.010416058823469e-05,4.612491466104986e-06,0.0,1.0,7.789197845194117e-07,8.38456578925252,2000,2000,False
rate-L4,midpoint-b4-L4-teacher-s161803-A,midpoint,4,4,teacher,161803,A,best_one_step,5.205282948725549e-07,8.010416058823469e-05,4.612491466104986e-06,0.0,1.0,7.789197845194117e-07,8.38456578925252,2000,2000,False
rate-L4,midpoint-b4-L4-teacher-s161803-A,midpoint,4,4,teacher,161803,A,best_rollout,4.872114636622458e-07,7.939327042549851e-05,4.544530384009705e-06,0.0,1.0,7.591150180794966e-07,8.38456578925252,2000,1870,False
rate-L4,midpoint-b4-L4-teacher-s161803-A,midpoint,4,4,teacher,161803,A,epoch120,0.005768655000621704,0.02603044360876084,0.02766933105885982,0.0,0.8897879464285714,0.007424597383279325,8.38456578925252,2000,120,False
rate-L4,midpoint-b4-L4-teacher-s161803-A,midpoint,4,4,teacher,161803,A,epoch400,0.004950596002943223,0.022563774138689045,0.024511491879820827,0.0,0.8984375,0.0063354800980024465,8.38456578925252,2000,400,False
rate-L4,midpoint-b4-L4-teacher-s161803-B,midpoint,4,4,teacher,161803,B,final,1.10463832644649e-06,4.497784306659338e-05,6.318541406501295e-06,0.0,1.0,9.394380478124715e-07,8.309518575668335,2000,2000,False
rate-L4,midpoint-b4-L4-teacher-s161803-B,midpoint,4,4,teacher,161803,B,best_one_step,1.10463832644649e-06,4.497784306659338e-05,6.318541406501295e-06,0.0,1.0,9.394380478124715e-07,8.309518575668335,2000,2000,False
rate-L4,midpoint-b4-L4-teacher-s161803-B,midpoint,4,4,teacher,161803,B,best_rollout,1.10463832644649e-06,4.497784306659338e-05,6.318541406501295e-06,0.0,1.0,9.394380478124715e-07,8.309518575668335,2000,2000,False
rate-L4,midpoint-b4-L4-teacher-s161803-B,midpoint,4,4,teacher,161803,B,epoch120,0.0058083649195290145,0.02624749763358852,0.028017508806838332,0.0,0.8892299107142857,0.007512916120702001,8.309518575668335,2000,120,False
rate-L4,midpoint-b4-L4-teacher-s161803-B,midpoint,4,4,teacher,161803,B,epoch400,0.005308884412049553,0.024255673045083873,0.026599329928991274,0.0,0.8956473214285714,0.006910933553248543,8.309518575668335,2000,400,False
rate-L4,midpoint-b4-L4-teacher-s271828-A,midpoint,4,4,teacher,271828,A,final,1.1659004544511045e-05,4.1728813812369474e-05,7.033759902697059e-05,0.0,1.0,1.381960458073131e-05,8.42846967279911,2000,2000,False
rate-L4,midpoint-b4-L4-teacher-s271828-A,midpoint,4,4,teacher,271828,A,best_one_step,1.0316105382179256e-05,4.354461634648036e-05,7.248145266203203e-05,0.0,1.0,1.3366534895931009e-05,8.42846967279911,2000,1960,False
rate-L4,midpoint-b4-L4-teacher-s271828-A,midpoint,4,4,teacher,271828,A,best_rollout,1.0316105382179256e-05,4.354461634648036e-05,7.248145266203203e-05,0.0,1.0,1.3366534895931009e-05,8.42846967279911,2000,1960,False
rate-L4,midpoint-b4-L4-teacher-s271828-A,midpoint,4,4,teacher,271828,A,epoch120,0.006461117252019973,0.029216405004262928,0.03079432621598244,0.0,0.87890625,0.008448413299352394,8.42846967279911,2000,120,False
rate-L4,midpoint-b4-L4-teacher-s271828-A,midpoint,4,4,teacher,271828,A,epoch400,0.005806877418958825,0.026098921895027157,0.027893975377082825,0.0,0.8878348214285714,0.007419534963747495,8.42846967279911,2000,400,False
rate-L4,midpoint-b4-L4-teacher-s271828-B,midpoint,4,4,teacher,271828,B,final,1.0709733603551526e-05,3.837827273329304e-05,6.923790316902888e-05,0.0,1.0,1.3421371409590895e-05,8.479455392807722,2000,2000,False
rate-L4,midpoint-b4-L4-teacher-s271828-B,midpoint,4,4,teacher,271828,B,best_one_step,1.6216235114995634e-05,4.14212336469592e-05,7.241169704151612e-05,0.0,1.0,1.516802949518865e-05,8.479455392807722,2000,1940,False
rate-L4,midpoint-b4-L4-teacher-s271828-B,midpoint,4,4,teacher,271828,B,best_rollout,1.3315412301718466e-05,4.0248932278573166e-05,7.103876876110624e-05,0.0,1.0,1.4104967810500263e-05,8.479455392807722,2000,1960,False
rate-L4,midpoint-b4-L4-teacher-s271828-B,midpoint,4,4,teacher,271828,B,epoch120,0.0067347063200217565,0.02991833547245273,0.03166250454639981,0.0,0.8814174107142857,0.008748075912071286,8.479455392807722,2000,120,False
rate-L4,midpoint-b4-L4-teacher-s271828-B,midpoint,4,4,teacher,271828,B,epoch400,0.006472501269324266,0.0285035675144879,0.030450635576881182,0.0,0.8889508928571429,0.008222867300467632,8.479455392807722,2000,400,False
rate-L4,midpoint-b4-L4-teacher-s31415-A,midpoint,4,4,teacher,31415,A,final,7.636758226842962e-07,0.0001208724715979769,1.1241005267947922e-05,0.0,1.0,1.998818335484149e-06,8.381819043308496,2000,2000,False
rate-L4,midpoint-b4-L4-teacher-s31415-A,midpoint,4,4,teacher,31415,A,best_one_step,7.634303673357792e-07,0.00012087589857401337,1.1239018931519245e-05,0.0,1.0,1.997978162024813e-06,8.381819043308496,2000,1980,False
rate-L4,midpoint-b4-L4-teacher-s31415-A,midpoint,4,4,teacher,31415,A,best_rollout,7.800020427013088e-07,0.00012177958706161,1.1408096725062931e-05,0.0,1.0,2.023613424569871e-06,8.381819043308496,2000,1700,False
rate-L4,midpoint-b4-L4-teacher-s31415-A,midpoint,4,4,teacher,31415,A,epoch120,0.005308654906644669,0.023597877472639087,0.024823155254125595,0.0,0.9006696428571429,0.0066076602625311995,8.381819043308496,2000,120,False
rate-L4,midpoint-b4-L4-teacher-s31415-A,midpoint,4,4,teacher,31415,A,epoch400,0.004495659725180424,0.02003461495041847,0.021449988707900044,0.0,0.9115513392857143,0.005535660016317261,8.381819043308496,2000,400,False
rate-L4,midpoint-b4-L4-teacher-s31415-B,midpoint,4,4,teacher,31415,B,final,1.3009397185570101e-06,9.479802865780396e-05,8.542553285703053e-06,0.0,1.0,1.7202359004213445e-06,8.291353069245815,2000,2000,False
rate-L4,midpoint-b4-L4-teacher-s31415-B,midpoint,4,4,teacher,31415,B,best_one_step,1.3009397185570101e-06,9.479802865780396e-05,8.542553285703053e-06,0.0,1.0,1.7202359004213445e-06,8.291353069245815,2000,2000,False
rate-L4,midpoint-b4-L4-teacher-s31415-B,midpoint,4,4,teacher,31415,B,best_rollout,1.104694842307484e-06,9.438573159308568e-05,8.391651585849818e-06,0.0,1.0,1.6315496692431502e-06,8.291353069245815,2000,1980,False
rate-L4,midpoint-b4-L4-teacher-s31415-B,midpoint,4,4,teacher,31415,B,epoch120,0.005422857426496964,0.02382636956483724,0.02518834341089131,0.0,0.9017857142857143,0.006695481580282621,8.291353069245815,2000,120,False
rate-L4,midpoint-b4-L4-teacher-s31415-B,midpoint,4,4,teacher,31415,B,epoch400,0.004954167927524077,0.02144001202288836,0.02310907948147696,0.0,0.91015625,0.006019569833980912,8.291353069245815,2000,400,False
rate-L4,midpoint-b4-L4-unroll-s161803-A,midpoint,4,4,unroll,161803,A,final,7.033795919441382e-07,7.934882887639112e-05,6.0959914662817044e-06,0.0,1.0,1.0699011128776643e-06,30.42865537852049,2000,2000,False
rate-L4,midpoint-b4-L4-unroll-s161803-A,midpoint,4,4,unroll,161803,A,best_one_step,7.033795919441382e-07,7.934882887639112e-05,6.0959914662817044e-06,0.0,1.0,1.0699011128776643e-06,30.42865537852049,2000,2000,False
rate-L4,midpoint-b4-L4-unroll-s161803-A,midpoint,4,4,unroll,161803,A,best_rollout,6.522789365142621e-07,7.86476230132393e-05,6.0096381275798186e-06,0.0,1.0,1.037776033089647e-06,30.42865537852049,2000,1950,False
rate-L4,midpoint-b4-L4-unroll-s161803-A,midpoint,4,4,unroll,161803,A,epoch120,0.007238609931456568,0.03313528746366501,0.03677963837981224,0.0,0.8510044642857143,0.009940425280498185,30.42865537852049,2000,120,False
rate-L4,midpoint-b4-L4-unroll-s161803-A,midpoint,4,4,unroll,161803,A,epoch400,0.0062968030336600575,0.028972465544939045,0.03273072093725205,0.0,0.8607700892857143,0.00856829592500262,30.42865537852049,2000,400,False
rate-L4,midpoint-b4-L4-unroll-s161803-B,midpoint,4,4,unroll,161803,B,final,1.0274793148850374e-06,5.064995060144056e-05,6.834741884241009e-06,0.0,1.0,1.0648596620372186e-06,30.20363162457943,2000,2000,False
rate-L4,midpoint-b4-L4-unroll-s161803-B,midpoint,4,4,unroll,161803,B,best_one_step,1.0274793148850374e-06,5.064995060144056e-05,6.834741884241009e-06,0.0,1.0,1.0648596620372186e-06,30.20363162457943,2000,2000,False
rate-L4,midpoint-b4-L4-unroll-s161803-B,midpoint,4,4,unroll,161803,B,best_rollout,1.0068525478311343e-06,5.055632121099498e-05,6.8150446299193585e-06,0.0,1.0,1.0570465927590072e-06,30.20363162457943,2000,1990,False
rate-L4,midpoint-b4-L4-unroll-s161803-B,midpoint,4,4,unroll,161803,B,epoch120,0.007260847882390783,0.03319599291710369,0.03694993305356869,0.0,0.8515625,0.009973975226670423,30.20363162457943,2000,120,False
rate-L4,midpoint-b4-L4-unroll-s161803-B,midpoint,4,4,unroll,161803,B,epoch400,0.00631115657442735,0.029003892190503207,0.032902667938365375,0.0,0.8657924107142857,0.00859714044896767,30.20363162457943,2000,400,False
rate-L4,midpoint-b4-L4-unroll-s271828-A,midpoint,4,4,unroll,271828,A,final,1.5857359684673648e-05,7.497162005165597e-05,0.0001219019759446383,0.0,1.0,2.3122986023597905e-05,30.269134249538183,2000,2000,False
rate-L4,midpoint-b4-L4-unroll-s271828-A,midpoint,4,4,unroll,271828,A,best_one_step,1.5857359684673648e-05,7.497162005165597e-05,0.0001219019759446383,0.0,1.0,2.3122986023597905e-05,30.269134249538183,2000,2000,False
rate-L4,midpoint-b4-L4-unroll-s271828-A,midpoint,4,4,unroll,271828,A,best_rollout,1.5857359684673648e-05,7.497162005165597e-05,0.0001219019759446383,0.0,1.0,2.3122986023597905e-05,30.269134249538183,2000,2000,False
rate-L4,midpoint-b4-L4-unroll-s271828-A,midpoint,4,4,unroll,271828,A,epoch120,0.007733720239880108,0.03536006435751915,0.03859737515449524,0.0,0.8479352678571428,0.010652827748073107,30.269134249538183,2000,120,False
rate-L4,midpoint-b4-L4-unroll-s271828-A,midpoint,4,4,unroll,271828,A,epoch400,0.006983179664786863,0.03205893933773041,0.035353850573301315,0.0,0.857421875,0.009515218927268948,30.269134249538183,2000,400,False
rate-L4,midpoint-b4-L4-unroll-s271828-B,midpoint,4,4,unroll,271828,B,final,4.5554557060291454e-05,7.258956589294545e-05,0.00012154743539367861,0.0,1.0,3.342387091051425e-05,30.112681686878204,2000,2000,False
rate-L4,midpoint-b4-L4-unroll-s271828-B,midpoint,4,4,unroll,271828,B,best_one_step,1.9665483287908268e-05,7.405683671480398e-05,0.00012377943275474656,0.0,1.0,2.459386670131784e-05,30.112681686878204,2000,1960,False
rate-L4,midpoint-b4-L4-unroll-s271828-B,midpoint,4,4,unroll,271828,B,best_rollout,1.931711105587568e-05,7.42746596697826e-05,0.00012407502582893883,0.0,1.0,2.4537675436226788e-05,30.112681686878204,2000,1950,False
rate-L4,midpoint-b4-L4-unroll-s271828-B,midpoint,4,4,unroll,271828,B,epoch120,0.007860786590992624,0.03573609909814973,0.03906068700784058,0.0,0.8510044642857143,0.010801178365570117,30.112681686878204,2000,120,False
rate-L4,midpoint-b4-L4-unroll-s271828-B,midpoint,4,4,unroll,271828,B,epoch400,0.007352417850898698,0.033380241455143726,0.03676242591839476,0.0,0.861328125,0.009975272560088393,30.112681686878204,2000,400,False
rate-L4,midpoint-b4-L4-unroll-s31415-A,midpoint,4,4,unroll,31415,A,final,0.0001962359839612652,0.00013159247464500368,3.108218879788182e-05,0.0,1.0,6.948687636327613e-05,30.400010127574205,2000,2000,False
rate-L4,midpoint-b4-L4-unroll-s31415-A,midpoint,4,4,unroll,31415,A,best_one_step,5.887615718120979e-07,0.00010962352098431444,8.537466783309349e-06,0.0,1.0,1.4791637084934956e-06,30.400010127574205,2000,1680,False
rate-L4,midpoint-b4-L4-unroll-s31415-A,midpoint,4,4,unroll,31415,A,best_rollout,5.964652693085373e-07,0.00010999263031408185,8.577921107644214e-06,0.0,1.0,1.4854539044789273e-06,30.400010127574205,2000,1420,False
rate-L4,midpoint-b4-L4-unroll-s31415-A,midpoint,4,4,unroll,31415,A,epoch120,0.0062534267035129504,0.02883926406502724,0.03157857805490493,0.0,0.8708147321428572,0.008409989585533672,30.400010127574205,2000,120,False
rate-L4,midpoint-b4-L4-unroll-s31415-A,midpoint,4,4,unroll,31415,A,epoch400,0.005427745196531774,0.02523580752313137,0.028134306892752647,0.0,0.8794642857142857,0.0072733838480770405,30.400010127574205,2000,400,False
rate-L4,midpoint-b4-L4-unroll-s31415-B,midpoint,4,4,unroll,31415,B,final,7.028792838745808e-07,9.47778013387556e-05,6.941850990125316e-06,0.0,1.0,1.2083795898747016e-06,30.11189717426896,2000,2000,False
rate-L4,midpoint-b4-L4-unroll-s31415-B,midpoint,4,4,unroll,31415,B,best_one_step,7.028792838745808e-07,9.47778013387556e-05,6.941850990125316e-06,0.0,1.0,1.2083795898747016e-06,30.11189717426896,2000,2000,False
rate-L4,midpoint-b4-L4-unroll-s31415-B,midpoint,4,4,unroll,31415,B,best_rollout,7.028792838745808e-07,9.47778013387556e-05,6.941850990125316e-06,0.0,1.0,1.2083795898747016e-06,30.11189717426896,2000,2000,False
rate-L4,midpoint-b4-L4-unroll-s31415-B,midpoint,4,4,unroll,31415,B,epoch120,0.00615946541242146,0.028287490874906146,0.031146837245368812,0.0,0.8755580357142857,0.008243099840771,30.11189717426896,2000,120,False
rate-L4,midpoint-b4-L4-unroll-s31415-B,midpoint,4,4,unroll,31415,B,epoch400,0.00538104127730708,0.024752165631117106,0.027776026931640437,0.0,0.8836495535714286,0.0071421259405213215,30.11189717426896,2000,400,False
long-L8,midpoint-b4-L8-detached-s161803-A,midpoint,4,8,detached,161803,A,final,6.722111907306633e-07,0.00010510188440093765,8.813487511361023e-06,0.0,1.0,1.558798857252144e-06,56.506057381629944,2000,2000,False
long-L8,midpoint-b4-L8-detached-s161803-A,midpoint,4,8,detached,161803,A,best_one_step,6.210394993275e-07,0.00010602320253383364,8.981499377114238e-06,0.0,1.0,1.570926678756068e-06,56.506057381629944,2000,1880,False
long-L8,midpoint-b4-L8-detached-s161803-A,midpoint,4,8,detached,161803,A,best_rollout,6.16189339154502e-07,0.00010600759560475131,8.973136573331436e-06,0.0,1.0,1.5677554565567959e-06,56.506057381629944,2000,1890,False
long-L8,midpoint-b4-L8-detached-s161803-A,midpoint,4,8,detached,161803,A,epoch120,0.0061318644473417035,0.027818841859698296,0.030125305056571957,0.0,0.8775111607142857,0.008089052591489189,56.506057381629944,2000,120,False
long-L8,midpoint-b4-L8-detached-s161803-A,midpoint,4,8,detached,161803,A,epoch400,0.004243596772226913,0.01959923841059208,0.021897351369261745,0.0,0.9015066964285714,0.005502951568880391,56.506057381629944,2000,400,False
long-L8,midpoint-b4-L8-detached-s161803-B,midpoint,4,8,detached,161803,B,final,6.682330091158941e-07,8.138243981117652e-05,5.586175165728632e-06,0.0,1.0,1.0460928159876943e-06,56.416179571300745,2000,2000,False
long-L8,midpoint-b4-L8-detached-s161803-B,midpoint,4,8,detached,161803,B,best_one_step,6.682330091158941e-07,8.138243981117652e-05,5.586175165728632e-06,0.0,1.0,1.0460928159876943e-06,56.416179571300745,2000,2000,False
long-L8,midpoint-b4-L8-detached-s161803-B,midpoint,4,8,detached,161803,B,best_rollout,6.682330091158941e-07,8.138243981117652e-05,5.586175165728632e-06,0.0,1.0,1.0460928159876943e-06,56.416179571300745,2000,2000,False
long-L8,midpoint-b4-L8-detached-s161803-B,midpoint,4,8,detached,161803,B,epoch120,0.006145339793184925,0.02781964167921952,0.03021781054086135,0.0,0.8791852678571429,0.008107642290294845,56.416179571300745,2000,120,False
long-L8,midpoint-b4-L8-detached-s161803-B,midpoint,4,8,detached,161803,B,epoch400,0.0042119356394214194,0.01950263809190785,0.021952941079485828,0.0,0.9029017857142857,0.005497485218090315,56.416179571300745,2000,400,False
long-L8,midpoint-b4-L8-detached-s271828-A,midpoint,4,8,detached,271828,A,final,3.1172388290264924e-06,1.3534109712054496e-05,1.68790702446131e-05,0.0,1.0,2.8529414918018777e-06,56.26815300807357,2000,2000,False
long-L8,midpoint-b4-L8-detached-s271828-A,midpoint,4,8,detached,271828,A,best_one_step,3.0648221733765436e-06,1.3726453289564238e-05,1.7131333152065057e-05,0.0,1.0,2.7004577623677285e-06,56.26815300807357,2000,1990,False
long-L8,midpoint-b4-L8-detached-s271828-A,midpoint,4,8,detached,271828,A,best_rollout,3.0648221733765436e-06,1.3726453289564238e-05,1.7131333152065057e-05,0.0,1.0,2.7004577623677285e-06,56.26815300807357,2000,1990,False
long-L8,midpoint-b4-L8-detached-s271828-A,midpoint,4,8,detached,271828,A,epoch120,0.00529426073720244,0.0196294542402029,0.018692985177040097,0.0,0.9349888392857143,0.005311357699094673,56.26815300807357,2000,120,False
long-L8,midpoint-b4-L8-detached-s271828-A,midpoint,4,8,detached,271828,A,epoch400,0.003867272598831414,0.01469033490866422,0.014832868240773685,0.0,0.9455915178571429,0.00385498472209754,56.26815300807357,2000,400,False
long-L8,midpoint-b4-L8-detached-s271828-B,midpoint,4,8,detached,271828,B,final,5.752356992102587e-06,1.889473953195836e-05,2.9097872648596744e-05,0.0,1.0,5.1416389054278025e-06,55.594471737742424,2000,2000,False
long-L8,midpoint-b4-L8-detached-s271828-B,midpoint,4,8,detached,271828,B,best_one_step,5.752356992102587e-06,1.889473953195836e-05,2.9097872648596744e-05,0.0,1.0,5.1416389054278025e-06,55.594471737742424,2000,2000,False
long-L8,midpoint-b4-L8-detached-s271828-B,midpoint,4,8,detached,271828,B,best_rollout,5.752356992102587e-06,1.889473953195836e-05,2.9097872648596744e-05,0.0,1.0,5.1416389054278025e-06,55.594471737742424,2000,2000,False
long-L8,midpoint-b4-L8-detached-s271828-B,midpoint,4,8,detached,271828,B,epoch120,0.00535629546117244,0.020891710792929615,0.020318898521443106,0.0,0.9299665178571429,0.005674418559656442,55.594471737742424,2000,120,False
long-L8,midpoint-b4-L8-detached-s271828-B,midpoint,4,8,detached,271828,B,epoch400,0.004797564852674236,0.020532546664626335,0.021656151899438682,0.0,0.9182477678571429,0.005642288739989451,55.594471737742424,2000,400,False
long-L8,midpoint-b4-L8-detached-s31415-A,midpoint,4,8,detached,31415,A,final,8.519478959091742e-07,0.00013666121230926354,1.1629665095824757e-05,0.0,1.0,1.8789043415501893e-06,56.3855867870152,2000,2000,False
long-L8,midpoint-b4-L8-detached-s31415-A,midpoint,4,8,detached,31415,A,best_one_step,8.519478959091742e-07,0.00013666121230926354,1.1629665095824757e-05,0.0,1.0,1.8789043415501893e-06,56.3855867870152,2000,2000,False
long-L8,midpoint-b4-L8-detached-s31415-A,midpoint,4,8,detached,31415,A,best_rollout,8.519478959091742e-07,0.00013666121230926354,1.1629665095824757e-05,0.0,1.0,1.8789043415501893e-06,56.3855867870152,2000,2000,False
long-L8,midpoint-b4-L8-detached-s31415-A,midpoint,4,8,detached,31415,A,epoch120,0.004638260296259199,0.017858525738120086,0.017574328929185864,0.0,0.9361049107142857,0.004788352877941936,56.3855867870152,2000,120,False
long-L8,midpoint-b4-L8-detached-s31415-A,midpoint,4,8,detached,31415,A,epoch400,0.0028637893217793695,0.01101819146424532,0.011556942015886303,0.0,0.9539620535714286,0.0029051641064231993,56.3855867870152,2000,400,False
long-L8,midpoint-b4-L8-detached-s31415-B,midpoint,4,8,detached,31415,B,final,1.318164056946301e-06,0.00012058682979911653,1.1506094100492414e-05,0.0,1.0,2.094599009952834e-06,55.71997889876366,2000,2000,False
long-L8,midpoint-b4-L8-detached-s31415-B,midpoint,4,8,detached,31415,B,best_one_step,1.3773695111872766e-06,0.0001261738689819361,1.262894132851024e-05,0.0,1.0,2.2993370857263116e-06,55.71997889876366,2000,1940,False
long-L8,midpoint-b4-L8-detached-s31415-B,midpoint,4,8,detached,31415,B,best_rollout,1.3773695111872766e-06,0.0001261738689819361,1.262894132851024e-05,0.0,1.0,2.2993370857263116e-06,55.71997889876366,2000,1940,False
long-L8,midpoint-b4-L8-detached-s31415-B,midpoint,4,8,detached,31415,B,epoch120,0.004610583870535425,0.017859707545780618,0.01782930895566244,0.0,0.9361049107142857,0.004836058157322058,55.71997889876366,2000,120,False
long-L8,midpoint-b4-L8-detached-s31415-B,midpoint,4,8,detached,31415,B,epoch400,0.0031269906933439648,0.013426714397364467,0.014760652785497538,0.0,0.9386160714285714,0.0036231078366539553,55.71997889876366,2000,400,False
long-L8,midpoint-b4-L8-initial_repeat-s161803-A,midpoint,4,8,initial_repeat,161803,A,final,5.564510506768408e-07,5.260505713522437e-05,3.667200417112329e-06,0.0,1.0,4.6726476400835634e-07,8.39730691537261,2000,2000,False
long-L8,midpoint-b4-L8-initial_repeat-s161803-A,midpoint,4,8,initial_repeat,161803,A,best_one_step,5.564510506768408e-07,5.260505713522437e-05,3.667200417112329e-06,0.0,1.0,4.6726476400835634e-07,8.39730691537261,2000,2000,False
long-L8,midpoint-b4-L8-initial_repeat-s161803-A,midpoint,4,8,initial_repeat,161803,A,best_rollout,5.564510506768408e-07,5.260505713522437e-05,3.667200417112329e-06,0.0,1.0,4.6726476400835634e-07,8.39730691537261,2000,2000,False
long-L8,midpoint-b4-L8-initial_repeat-s161803-A,midpoint,4,8,initial_repeat,161803,A,epoch120,0.008992323650768365,0.039847292006015785,0.045296590775251395,0.0,0.8208705357142857,0.012408203658659663,8.39730691537261,2000,120,False
long-L8,midpoint-b4-L8-initial_repeat-s161803-A,midpoint,4,8,initial_repeat,161803,A,epoch400,0.00832912789383927,0.03710104152560235,0.04257876425981521,0.0,0.8275669642857143,0.011455097514295605,8.39730691537261,2000,400,False
long-L8,midpoint-b4-L8-initial_repeat-s161803-B,midpoint,4,8,initial_repeat,161803,B,final,6.817470795442189e-06,2.994956173431212e-05,4.628235870005312e-05,0.0,1.0,8.58335718534807e-06,8.274125806987286,2000,2000,False
long-L8,midpoint-b4-L8-initial_repeat-s161803-B,midpoint,4,8,initial_repeat,161803,B,best_one_step,6.817470795442189e-06,2.994956173431212e-05,4.628235870005312e-05,0.0,1.0,8.58335718534807e-06,8.274125806987286,2000,2000,False
long-L8,midpoint-b4-L8-initial_repeat-s161803-B,midpoint,4,8,initial_repeat,161803,B,best_rollout,6.817470795442189e-06,2.994956173431212e-05,4.628235870005312e-05,0.0,1.0,8.58335718534807e-06,8.274125806987286,2000,2000,False
long-L8,midpoint-b4-L8-initial_repeat-s161803-B,midpoint,4,8,initial_repeat,161803,B,epoch120,0.009347548514048731,0.04062833420660695,0.04641125867290002,0.0,0.8200334821428572,0.012752530034969208,8.274125806987286,2000,120,False
long-L8,midpoint-b4-L8-initial_repeat-s161803-B,midpoint,4,8,initial_repeat,161803,B,epoch400,0.008401790169775191,0.03695428892374724,0.04257095582081858,0.0,0.8286830357142857,0.011457701828130875,8.274125806987286,2000,400,False
long-L8,midpoint-b4-L8-initial_repeat-s271828-A,midpoint,4,8,initial_repeat,271828,A,final,2.4083721020935106e-05,0.00011686320067383341,0.00017692867550067595,0.0,0.9997209821428571,3.4583550712968904e-05,8.428344823420048,2000,2000,False
long-L8,midpoint-b4-L8-initial_repeat-s271828-A,midpoint,4,8,initial_repeat,271828,A,best_one_step,2.4083721020935106e-05,0.00011686320067383341,0.00017692867550067595,0.0,0.9997209821428571,3.4583550712968904e-05,8.428344823420048,2000,2000,False
long-L8,midpoint-b4-L8-initial_repeat-s271828-A,midpoint,4,8,initial_repeat,271828,A,best_rollout,2.4083721020935106e-05,0.00011686320067383341,0.00017692867550067595,0.0,0.9997209821428571,3.4583550712968904e-05,8.428344823420048,2000,2000,False
long-L8,midpoint-b4-L8-initial_repeat-s271828-A,midpoint,4,8,initial_repeat,271828,A,epoch120,0.00783505721139441,0.035789959132671356,0.039124317467212684,0.0,0.8468191964285714,0.010811000344714912,8.428344823420048,2000,120,False
long-L8,midpoint-b4-L8-initial_repeat-s271828-A,midpoint,4,8,initial_repeat,271828,A,epoch400,0.007280147976011429,0.0334126427769661,0.036691710352897644,0.0,0.8523995535714286,0.009975889424652985,8.428344823420048,2000,400,False
long-L8,midpoint-b4-L8-initial_repeat-s271828-B,midpoint,4,8,initial_repeat,271828,B,final,3.939272791423046e-05,0.00012960385865798968,0.0001931474405506847,0.0,0.9997209821428571,4.2808521704263903e-05,8.457200236618519,2000,2000,False
long-L8,midpoint-b4-L8-initial_repeat-s271828-B,midpoint,4,8,initial_repeat,271828,B,best_one_step,2.87538440331997e-05,0.00013233042553633227,0.000196359796404358,0.0,0.9997209821428571,3.9149435807695156e-05,8.457200236618519,2000,1950,False
long-L8,midpoint-b4-L8-initial_repeat-s271828-B,midpoint,4,8,initial_repeat,271828,B,best_rollout,2.770184742945153e-05,0.0001311429292551187,0.00019492863088288085,0.0,0.9997209821428571,3.864241904360511e-05,8.457200236618519,2000,1960,False
long-L8,midpoint-b4-L8-initial_repeat-s271828-B,midpoint,4,8,initial_repeat,271828,B,epoch120,0.008159828069773107,0.037135256472194636,0.040887142554247406,0.0,0.8440290178571428,0.011308149191138744,8.457200236618519,2000,120,False
long-L8,midpoint-b4-L8-initial_repeat-s271828-B,midpoint,4,8,initial_repeat,271828,B,epoch400,0.007776122365056361,0.03541391201811265,0.03922850201874116,0.0,0.8487723214285714,0.010698223984075802,8.457200236618519,2000,400,False
long-L8,midpoint-b4-L8-initial_repeat-s31415-A,midpoint,4,8,initial_repeat,31415,A,final,4.018871537001987e-06,0.00011370246647857138,9.68389576883055e-06,0.0,1.0,2.57963581142848e-06,8.357747994363308,2000,2000,False
long-L8,midpoint-b4-L8-initial_repeat-s31415-A,midpoint,4,8,initial_repeat,31415,A,best_one_step,7.737822582377362e-07,0.00011550248018465938,9.711131497169838e-06,0.0,1.0,1.6634782386057339e-06,8.357747994363308,2000,1940,False
long-L8,midpoint-b4-L8-initial_repeat-s31415-A,midpoint,4,8,initial_repeat,31415,A,best_rollout,7.876193149875778e-07,0.00011551467468962075,9.725646123115444e-06,0.0,1.0,1.6660041328542996e-06,8.357747994363308,2000,1930,False
long-L8,midpoint-b4-L8-initial_repeat-s31415-A,midpoint,4,8,initial_repeat,31415,A,epoch120,0.0059471821770475785,0.02710562199354172,0.029356256127357483,0.0,0.8803013392857143,0.007835559350437478,8.357747994363308,2000,120,False
long-L8,midpoint-b4-L8-initial_repeat-s31415-A,midpoint,4,8,initial_repeat,31415,A,epoch400,0.005293923915100921,0.023414272814989093,0.02594227716326714,0.0,0.8897879464285714,0.006765575352803681,8.357747994363308,2000,400,False
long-L8,midpoint-b4-L8-initial_repeat-s31415-B,midpoint,4,8,initial_repeat,31415,B,final,9.903810367851713e-07,8.782126205245196e-05,6.558415372301699e-06,0.0,1.0,1.231709215125356e-06,8.278582859784365,2000,2000,False
long-L8,midpoint-b4-L8-initial_repeat-s31415-B,midpoint,4,8,initial_repeat,31415,B,best_one_step,9.903810367851713e-07,8.782126205245196e-05,6.558415372301699e-06,0.0,1.0,1.231709215125356e-06,8.278582859784365,2000,2000,False
long-L8,midpoint-b4-L8-initial_repeat-s31415-B,midpoint,4,8,initial_repeat,31415,B,best_rollout,9.903810367851713e-07,8.782126205245196e-05,6.558415372301699e-06,0.0,1.0,1.231709215125356e-06,8.278582859784365,2000,2000,False
long-L8,midpoint-b4-L8-initial_repeat-s31415-B,midpoint,4,8,initial_repeat,31415,B,epoch120,0.005987978148780005,0.02662473549119631,0.028914263364070953,0.0,0.8833705357142857,0.007745923142279198,8.278582859784365,2000,120,False
long-L8,midpoint-b4-L8-initial_repeat-s31415-B,midpoint,4,8,initial_repeat,31415,B,epoch400,0.0054325731835146995,0.023828795856139652,0.02673256345731896,0.0,0.8872767857142857,0.006952542763586717,8.278582859784365,2000,400,False
long-L8,midpoint-b4-L8-teacher-s161803-A,midpoint,4,8,teacher,161803,A,final,4.094568433188477e-07,8.427939610555768e-05,4.721816821984246e-06,0.0,1.0,7.644716079657352e-07,9.685701735317707,2000,2000,False
long-L8,midpoint-b4-L8-teacher-s161803-A,midpoint,4,8,teacher,161803,A,best_one_step,4.094568433188477e-07,8.427939610555768e-05,4.721816821984246e-06,0.0,1.0,7.644716079657352e-07,9.685701735317707,2000,2000,False
long-L8,midpoint-b4-L8-teacher-s161803-A,midpoint,4,8,teacher,161803,A,best_rollout,4.041184558282639e-07,8.615779370302341e-05,4.954268661094832e-06,0.0,1.0,8.032970733100467e-07,9.685701735317707,2000,1390,False
long-L8,midpoint-b4-L8-teacher-s161803-A,midpoint,4,8,teacher,161803,A,epoch120,0.004915957452489787,0.015746172517538064,0.014447841793298714,0.0,0.9553571428571429,0.0042462288204043915,9.685701735317707,2000,120,False
long-L8,midpoint-b4-L8-teacher-s161803-A,midpoint,4,8,teacher,161803,A,epoch400,0.003897242161205863,0.012709566392004492,0.0120935020968318,0.0,0.9623325892857143,0.0033762971586396287,9.685701735317707,2000,400,False
long-L8,midpoint-b4-L8-teacher-s161803-B,midpoint,4,8,teacher,161803,B,final,1.1301557160680276e-06,4.805370683233945e-05,4.975301744235346e-06,0.0,1.0,9.529511060249919e-07,9.091903895139694,2000,2000,False
long-L8,midpoint-b4-L8-teacher-s161803-B,midpoint,4,8,teacher,161803,B,best_one_step,1.1301557160680276e-06,4.805370683233945e-05,4.975301744235346e-06,0.0,1.0,9.529511060249919e-07,9.091903895139694,2000,2000,False
long-L8,midpoint-b4-L8-teacher-s161803-B,midpoint,4,8,teacher,161803,B,best_rollout,1.1301557160680276e-06,4.805370683233945e-05,4.975301744235346e-06,0.0,1.0,9.529511060249919e-07,9.091903895139694,2000,2000,False
long-L8,midpoint-b4-L8-teacher-s161803-B,midpoint,4,8,teacher,161803,B,epoch120,0.004820451313469547,0.016048322201706627,0.014881876986835178,0.0,0.9542410714285714,0.00429677473187222,9.091903895139694,2000,120,False
long-L8,midpoint-b4-L8-teacher-s161803-B,midpoint,4,8,teacher,161803,B,epoch400,0.003935651147442218,0.01425499804182399,0.014063190852549779,0.0,0.9520089285714286,0.0037957635345013166,9.091903895139694,2000,400,False
long-L8,midpoint-b4-L8-teacher-s271828-A,midpoint,4,8,teacher,271828,A,final,4.575094311459123e-06,1.320655519521096e-05,7.56219560571481e-06,0.0,1.0,1.3319652624492342e-06,9.282722938805819,2000,2000,False
long-L8,midpoint-b4-L8-teacher-s271828-A,midpoint,4,8,teacher,271828,A,best_one_step,4.575094311459123e-06,1.320655519521096e-05,7.56219560571481e-06,0.0,1.0,1.3319652624492342e-06,9.282722938805819,2000,2000,False
long-L8,midpoint-b4-L8-teacher-s271828-A,midpoint,4,8,teacher,271828,A,best_rollout,6.170732673774617e-06,2.0791989300050776e-05,3.0150904422043826e-05,0.0,1.0,4.905160815838407e-06,9.282722938805819,2000,770,False
long-L8,midpoint-b4-L8-teacher-s271828-A,midpoint,4,8,teacher,271828,A,epoch120,0.005969778259860606,0.012751855887472626,0.00977765955030918,0.0,0.9854910714285714,0.0035680565764011156,9.282722938805819,2000,120,False
long-L8,midpoint-b4-L8-teacher-s271828-A,midpoint,4,8,teacher,271828,A,epoch400,0.005166752846444941,0.010392944328486923,0.008356583304703239,0.0,0.9871651785714286,0.0028353396948066463,9.282722938805819,2000,400,False
long-L8,midpoint-b4-L8-teacher-s271828-B,midpoint,4,8,teacher,271828,B,final,7.364747919082273e-06,1.5758843781076436e-05,1.202730601363276e-05,0.0,1.0,2.5630065361295925e-06,9.737544432282448,2000,2000,False
long-L8,midpoint-b4-L8-teacher-s271828-B,midpoint,4,8,teacher,271828,B,best_one_step,7.364747919082273e-06,1.5758843781076436e-05,1.202730601363276e-05,0.0,1.0,2.5630065361295925e-06,9.737544432282448,2000,2000,False
long-L8,midpoint-b4-L8-teacher-s271828-B,midpoint,4,8,teacher,271828,B,best_rollout,5.502825818588939e-06,1.515628160882638e-05,1.1735377912417577e-05,0.0,1.0,2.285270491571224e-06,9.737544432282448,2000,1970,False
long-L8,midpoint-b4-L8-teacher-s271828-B,midpoint,4,8,teacher,271828,B,epoch120,0.0057898876026024285,0.013437338913408186,0.010662468701718972,0.0,0.9821428571428571,0.003684589250357439,9.737544432282448,2000,120,False
long-L8,midpoint-b4-L8-teacher-s271828-B,midpoint,4,8,teacher,271828,B,epoch400,0.005214445114341947,0.01474243148872311,0.013440717717145547,0.0,0.9595424107142857,0.003957325957037399,9.737544432282448,2000,400,False
long-L8,midpoint-b4-L8-teacher-s31415-A,midpoint,4,8,teacher,31415,A,final,5.173373507717569e-07,9.863196464721119e-05,5.6496332945243955e-06,0.0,1.0,8.032193255143033e-07,8.419976949691772,2000,2000,False
long-L8,midpoint-b4-L8-teacher-s31415-A,midpoint,4,8,teacher,31415,A,best_one_step,5.173373507717569e-07,9.863196464721119e-05,5.6496332945243955e-06,0.0,1.0,8.032193255143033e-07,8.419976949691772,2000,2000,False
long-L8,midpoint-b4-L8-teacher-s31415-A,midpoint,4,8,teacher,31415,A,best_rollout,5.173373507717569e-07,9.863196464721119e-05,5.6496332945243955e-06,0.0,1.0,8.032193255143033e-07,8.419976949691772,2000,2000,False
long-L8,midpoint-b4-L8-teacher-s31415-A,midpoint,4,8,teacher,31415,A,epoch120,0.005334072593627374,0.011219662614166735,0.008717644028365615,0.0,0.9871651785714286,0.0031269951397232044,8.419976949691772,2000,120,False
long-L8,midpoint-b4-L8-teacher-s31415-A,midpoint,4,8,teacher,31415,A,epoch400,0.004411396816486859,0.00880881585180759,0.007228649221360682,0.0,0.9874441964285714,0.002562699474663793,8.419976949691772,2000,400,False
long-L8,midpoint-b4-L8-teacher-s31415-B,midpoint,4,8,teacher,31415,B,final,9.147086052730467e-06,8.874416659984793e-05,9.722029457218804e-06,0.0,1.0,4.302051956935071e-06,7.783930946141481,2000,2000,False
long-L8,midpoint-b4-L8-teacher-s31415-B,midpoint,4,8,teacher,31415,B,best_one_step,9.147086052730467e-06,8.874416659984793e-05,9.722029457218804e-06,0.0,1.0,4.302051956935071e-06,7.783930946141481,2000,2000,False
long-L8,midpoint-b4-L8-teacher-s31415-B,midpoint,4,8,teacher,31415,B,best_rollout,9.147086052730467e-06,8.874416659984793e-05,9.722029457218804e-06,0.0,1.0,4.302051956935071e-06,7.783930946141481,2000,2000,False
long-L8,midpoint-b4-L8-teacher-s31415-B,midpoint,4,8,teacher,31415,B,epoch120,0.005552332952078224,0.011398342877577216,0.008912115243237142,0.0,0.9860491071428571,0.0032796509284493906,7.783930946141481,2000,120,False
long-L8,midpoint-b4-L8-teacher-s31415-B,midpoint,4,8,teacher,31415,B,epoch400,0.00395288070783725,0.01226799836681784,0.01145452600536559,0.0,0.9651227678571429,0.0032830437221425175,7.783930946141481,2000,400,False
long-L8,midpoint-b4-L8-unroll-s161803-A,midpoint,4,8,unroll,161803,A,final,5.293794209501009e-07,9.103606862481678e-05,6.6619286371860696e-06,0.0,1.0,1.1569828884660418e-06,59.64470138400793,2000,2000,False
long-L8,midpoint-b4-L8-unroll-s161803-A,midpoint,4,8,unroll,161803,A,best_one_step,5.460232728324656e-07,9.267063433071593e-05,6.9704051384178515e-06,0.0,1.0,1.2182456805301786e-06,59.64470138400793,2000,1880,False
long-L8,midpoint-b4-L8-unroll-s161803-A,midpoint,4,8,unroll,161803,A,best_rollout,5.40563815178023e-07,9.26568609429524e-05,6.963054147490765e-06,0.0,1.0,1.2154752839045855e-06,59.64470138400793,2000,1870,False
long-L8,midpoint-b4-L8-unroll-s161803-A,midpoint,4,8,unroll,161803,A,epoch120,0.006624707054153229,0.030295528471469876,0.03317743539810181,0.0,0.8646763392857143,0.008940297013920054,59.64470138400793,2000,120,False
long-L8,midpoint-b4-L8-unroll-s161803-A,midpoint,4,8,unroll,161803,A,epoch400,0.00546670066373944,0.025309124961495403,0.028191810473799702,0.0,0.8797433035714286,0.00731485954114625,59.64470138400793,2000,400,False
long-L8,midpoint-b4-L8-unroll-s161803-B,midpoint,4,8,unroll,161803,B,final,5.653042999798976e-07,5.643716731889249e-05,4.443147275042195e-06,0.0,1.0,6.935343764793919e-07,58.93766327947378,2000,2000,False
long-L8,midpoint-b4-L8-unroll-s161803-B,midpoint,4,8,unroll,161803,B,best_one_step,5.653042999798976e-07,5.643716731889249e-05,4.443147275042195e-06,0.0,1.0,6.935343764793919e-07,58.93766327947378,2000,2000,False
long-L8,midpoint-b4-L8-unroll-s161803-B,midpoint,4,8,unroll,161803,B,best_rollout,5.653042999798976e-07,5.643716731889249e-05,4.443147275042195e-06,0.0,1.0,6.935343764793919e-07,58.93766327947378,2000,2000,False
long-L8,midpoint-b4-L8-unroll-s161803-B,midpoint,4,8,unroll,161803,B,epoch120,0.006675879901694587,0.03042782013524296,0.03344375003103866,0.0,0.8660714285714286,0.009008323416004617,58.93766327947378,2000,120,False
long-L8,midpoint-b4-L8-unroll-s161803-B,midpoint,4,8,unroll,161803,B,epoch400,0.005444245462691005,0.025236818801633816,0.028251077907851342,0.0,0.8811383928571429,0.007306502760807294,58.93766327947378,2000,400,False
long-L8,midpoint-b4-L8-unroll-s271828-A,midpoint,4,8,unroll,271828,A,final,4.881402485729779e-06,1.8314753106096763e-05,2.9619041015394035e-05,0.0,1.0,5.2209766046898015e-06,60.01718861609697,2000,2000,False
long-L8,midpoint-b4-L8-unroll-s271828-A,midpoint,4,8,unroll,271828,A,best_one_step,4.758247745840832e-06,1.8940832887892608e-05,3.0364113627001664e-05,0.0,1.0,5.02679572828186e-06,60.01718861609697,2000,1940,False
long-L8,midpoint-b4-L8-unroll-s271828-A,midpoint,4,8,unroll,271828,A,best_rollout,4.758247745840832e-06,1.8940832887892608e-05,3.0364113627001664e-05,0.0,1.0,5.02679572828186e-06,60.01718861609697,2000,1940,False
long-L8,midpoint-b4-L8-unroll-s271828-A,midpoint,4,8,unroll,271828,A,epoch120,0.005556065155701491,0.022942818701267242,0.02285860478878021,0.0,0.9143415178571429,0.006334459078257495,60.01718861609697,2000,120,False
long-L8,midpoint-b4-L8-unroll-s271828-A,midpoint,4,8,unroll,271828,A,epoch400,0.004635423597356098,0.01940835453569889,0.019968334585428234,0.0,0.9232700892857143,0.005258501606314754,60.01718861609697,2000,400,False
long-L8,midpoint-b4-L8-unroll-s271828-B,midpoint,4,8,unroll,271828,B,final,6.075808146205632e-05,3.575467593863272e-05,5.2225480351380324e-05,0.0,1.0,2.5316007542479282e-05,59.12896928191185,2000,2000,False
long-L8,midpoint-b4-L8-unroll-s271828-B,midpoint,4,8,unroll,271828,B,best_one_step,7.823823284163878e-06,2.631240212492734e-05,4.325748543080754e-05,0.0,1.0,7.78766991986214e-06,59.12896928191185,2000,1950,False
long-L8,midpoint-b4-L8-unroll-s271828-B,midpoint,4,8,unroll,271828,B,best_rollout,7.41262487807858e-06,2.5990013619291337e-05,4.282765424233253e-05,0.0,1.0,7.628895085717175e-06,59.12896928191185,2000,1960,False
long-L8,midpoint-b4-L8-unroll-s271828-B,midpoint,4,8,unroll,271828,B,epoch120,0.0056956538254806935,0.024218829449121404,0.024491033688806053,0.0,0.9109933035714286,0.0067378898201207625,59.12896928191185,2000,120,False
long-L8,midpoint-b4-L8-unroll-s271828-B,midpoint,4,8,unroll,271828,B,epoch400,0.005611700626253624,0.024689165457565738,0.026187321146882984,0.0,0.9026227678571429,0.006960003975691206,59.12896928191185,2000,400,False
long-L8,midpoint-b4-L8-unroll-s31415-A,midpoint,4,8,unroll,31415,A,final,6.162101665068824e-07,0.00011637893476290622,8.364635505131439e-06,0.0,1.0,1.3228813409536254e-06,61.92519408464432,2000,2000,False
long-L8,midpoint-b4-L8-unroll-s31415-A,midpoint,4,8,unroll,31415,A,best_one_step,6.162101665068824e-07,0.00011637893476290622,8.364635505131439e-06,0.0,1.0,1.3228813409536254e-06,61.92519408464432,2000,2000,False
long-L8,midpoint-b4-L8-unroll-s31415-A,midpoint,4,8,unroll,31415,A,best_rollout,6.162101665068824e-07,0.00011637893476290622,8.364635505131439e-06,0.0,1.0,1.3228813409536254e-06,61.92519408464432,2000,2000,False
long-L8,midpoint-b4-L8-unroll-s31415-A,midpoint,4,8,unroll,31415,A,epoch120,0.004926297161655906,0.020777590572834015,0.02127347886562347,0.0,0.91796875,0.00568457500746347,61.92519408464432,2000,120,False
long-L8,midpoint-b4-L8-unroll-s31415-A,midpoint,4,8,unroll,31415,A,epoch400,0.0037241516272065248,0.016022771596908566,0.01711842976510525,0.0,0.9280133928571429,0.004327382936258839,61.92519408464432,2000,400,False
long-L8,midpoint-b4-L8-unroll-s31415-B,midpoint,4,8,unroll,31415,B,final,9.54736555100789e-07,9.058045807075916e-05,7.668426613486816e-06,0.0,1.0,1.2982265011594622e-06,59.06348967552185,2000,2000,False
long-L8,midpoint-b4-L8-unroll-s31415-B,midpoint,4,8,unroll,31415,B,best_one_step,9.54736555100789e-07,9.058045807075916e-05,7.668426613486816e-06,0.0,1.0,1.2982265011594622e-06,59.06348967552185,2000,2000,False
long-L8,midpoint-b4-L8-unroll-s31415-B,midpoint,4,8,unroll,31415,B,best_rollout,9.54736555100789e-07,9.058045807075916e-05,7.668426613486816e-06,0.0,1.0,1.2982265011594622e-06,59.06348967552185,2000,2000,False
long-L8,midpoint-b4-L8-unroll-s31415-B,midpoint,4,8,unroll,31415,B,epoch120,0.004806554136698731,0.020598416173721615,0.021466296506259364,0.0,0.916015625,0.00568013900667039,59.06348967552185,2000,120,False
long-L8,midpoint-b4-L8-unroll-s31415-B,midpoint,4,8,unroll,31415,B,epoch400,0.003851238899574428,0.017223742070931327,0.018983635790811408,0.0,0.921875,0.004745463047210756,59.06348967552185,2000,400,False
