cell,track,seed,n,noise,model,split,nu,horizon,lag,mse,relative_l2,max_state,fraction_abs_gt_1_5,energy_monotone_fraction,energy_max_increase,energy_mean_positive_increase,energy_is_lyapunov_candidate
0,irregular,42,16,0.0,autonomous,test,0.005,0.6,0.06,0.0011727673700079322,0.05783946067094803,1.0922778844833374,0.0,1.0,-0.014969557523727417,0.0,True
0,irregular,42,16,0.0,autonomous,test,0.005,0.6,0.12,0.0011734410654753447,0.05785606801509857,1.0922424793243408,0.0,1.0,-0.0318831205368042,0.0,True
0,irregular,42,16,0.0,autonomous,test,0.005,0.6,0.24,0.0011762111680582166,0.05792432278394699,1.0921437740325928,0.0,1.0,-0.06908916682004929,0.0,True
0,irregular,42,16,0.0,autonomous,test,0.005,1.2,0.06,0.0052832686342298985,0.09200496226549149,1.145822525024414,0.0,1.0,-0.011437535285949707,0.0,True
0,irregular,42,16,0.0,autonomous,test,0.005,1.2,0.12,0.00528350193053484,0.09200699627399445,1.145798921585083,0.0,1.0,-0.0244753360748291,0.0,True
0,irregular,42,16,0.0,autonomous,test,0.005,1.2,0.24,0.005283081438392401,0.09200333803892136,1.1456916332244873,0.0,1.0,-0.05669403076171875,0.0,True
0,irregular,42,16,0.0,autonomous,test,0.005,2.4,0.06,0.013970853760838509,0.12371320277452469,1.1587040424346924,0.0,0.8960937261581421,0.004467010498046875,0.00020215306722093374,True
0,irregular,42,16,0.0,autonomous,test,0.005,2.4,0.12,0.013967378064990044,0.12369780987501144,1.1587035655975342,0.0,0.8968750238418579,0.008877277374267578,0.00040026084752753377,True
0,irregular,42,16,0.0,autonomous,test,0.005,2.4,0.24,0.013950083404779434,0.12362120300531387,1.1586940288543701,0.0,0.8999999761581421,0.017212986946105957,0.0007719136774539948,True
0,irregular,42,16,0.0,autonomous,test,0.02,0.6,0.06,0.0011147530749440193,0.056902799755334854,1.0884675979614258,0.0,1.0,-0.012618958950042725,0.0,True
0,irregular,42,16,0.0,autonomous,test,0.02,0.6,0.12,0.001115365419536829,0.0569184273481369,1.088433027267456,0.0,1.0,-0.0267123281955719,0.0,True
0,irregular,42,16,0.0,autonomous,test,0.02,0.6,0.24,0.001117936335504055,0.05698398873209953,1.0883369445800781,0.0,1.0,-0.05364854633808136,0.0,True
0,irregular,42,16,0.0,autonomous,test,0.02,1.2,0.06,0.004921600688248873,0.09020550549030304,1.144214391708374,0.0,1.0,-0.0026477575302124023,0.0,True
0,irregular,42,16,0.0,autonomous,test,0.02,1.2,0.12,0.004921336658298969,0.09020308405160904,1.1441887617111206,0.0,1.0,-0.006623983383178711,0.0,True
0,irregular,42,16,0.0,autonomous,test,0.02,1.2,0.24,0.0049195121973752975,0.09018637239933014,1.1440750360488892,0.0,1.0,-0.02004539966583252,0.0,True
0,irregular,42,16,0.0,autonomous,test,0.02,2.4,0.06,0.013181697577238083,0.1234239712357521,1.1586031913757324,0.0,0.824999988079071,0.006760954856872559,0.00051499082474038,True
0,irregular,42,16,0.0,autonomous,test,0.02,2.4,0.12,0.013177057728171349,0.12340224534273148,1.1586012840270996,0.0,0.832812488079071,0.013295650482177734,0.0010210551554337144,True
0,irregular,42,16,0.0,autonomous,test,0.02,2.4,0.24,0.013156900182366371,0.12330782413482666,1.1585885286331177,0.0,0.831250011920929,0.026524662971496582,0.0019882849883288145,True
0,irregular,42,16,0.0,autonomous,test,0.08,0.6,0.06,0.0009482727036811411,0.05419345572590828,1.0748059749603271,0.0,1.0,-0.006184011697769165,0.0,True
0,irregular,42,16,0.0,autonomous,test,0.08,0.6,0.12,0.000948806235101074,0.05420869588851929,1.0747737884521484,0.0,1.0,-0.012954682111740112,0.0,True
0,irregular,42,16,0.0,autonomous,test,0.08,0.6,0.24,0.0009509219089522958,0.05426910147070885,1.074690341949463,0.0,1.0,-0.02463430166244507,0.0,True
0,irregular,42,16,0.0,autonomous,test,0.08,1.2,0.06,0.0041165342554450035,0.08646436035633087,1.139461874961853,0.0,1.0,-0.0028505325317382812,0.0,True
0,irregular,42,16,0.0,autonomous,test,0.08,1.2,0.12,0.00411594333127141,0.08645815402269363,1.139432668685913,0.0,1.0,-0.007954955101013184,0.0,True
0,irregular,42,16,0.0,autonomous,test,0.08,1.2,0.24,0.004112909082323313,0.08642628788948059,1.1393057107925415,0.0,1.0,-0.026666879653930664,0.0,True
0,irregular,42,16,0.0,autonomous,test,0.08,2.4,0.06,0.011892017908394337,0.12415342777967453,1.1578837633132935,0.0,0.772656261920929,0.007468581199645996,0.0007568998262286186,True
0,irregular,42,16,0.0,autonomous,test,0.08,2.4,0.12,0.01188723836094141,0.12412847578525543,1.1578803062438965,0.0,0.7718750238418579,0.014721870422363281,0.0015039365971460938,True
0,irregular,42,16,0.0,autonomous,test,0.08,2.4,0.24,0.01186632364988327,0.12401924282312393,1.1578600406646729,0.0,0.784375011920929,0.028038382530212402,0.0029303289484232664,True
0,irregular,42,16,0.0,autonomous,stress,0.005,0.6,0.06,0.0033871629275381565,0.07667325437068939,1.1578400135040283,0.0,1.0,-0.02523481845855713,0.0,True
0,irregular,42,16,0.0,autonomous,stress,0.005,0.6,0.12,0.003386653494089842,0.07666748762130737,1.1578391790390015,0.0,1.0,-0.056099891662597656,0.0,True
0,irregular,42,16,0.0,autonomous,stress,0.005,0.6,0.24,0.0033859992399811745,0.07666008174419403,1.1578316688537598,0.0,1.0,-0.056099772453308105,0.0,True
0,irregular,42,16,0.0,autonomous,stress,0.005,1.2,0.06,0.009468459524214268,0.10981280356645584,1.158759355545044,0.0,1.0,-0.000308990478515625,0.0,True
0,irregular,42,16,0.0,autonomous,stress,0.005,1.2,0.12,0.009465567767620087,0.10979603230953217,1.1587592363357544,0.0,1.0,-0.0014607906341552734,0.0,True
0,irregular,42,16,0.0,autonomous,stress,0.005,1.2,0.24,0.009451191872358322,0.1097126230597496,1.1587531566619873,0.0,1.0,-0.007195115089416504,0.0,True
0,irregular,42,16,0.0,autonomous,stress,0.005,2.4,0.06,0.015981260687112808,0.13026063144207,1.1591471433639526,0.0,0.7554687261581421,0.003529071807861328,0.00037625469849444926,True
0,irregular,42,16,0.0,autonomous,stress,0.005,2.4,0.12,0.015978563576936722,0.13024964928627014,1.1591492891311646,0.0,0.7593749761581421,0.007002115249633789,0.0007484786328859627,True
0,irregular,42,16,0.0,autonomous,stress,0.005,2.4,0.24,0.015964385122060776,0.1301918476819992,1.1591482162475586,0.0,0.7593749761581421,0.013499259948730469,0.0014666083734482527,True
0,irregular,42,16,0.0,autonomous,stress,0.02,0.6,0.06,0.0032392586581408978,0.07575668394565582,1.1550415754318237,0.0,1.0,-0.019304394721984863,0.0,True
0,irregular,42,16,0.0,autonomous,stress,0.02,0.6,0.12,0.003238558303564787,0.0757484957575798,1.1550369262695312,0.0,1.0,-0.04435563087463379,0.0,True
0,irregular,42,16,0.0,autonomous,stress,0.02,0.6,0.24,0.0032375871669501066,0.0757371336221695,1.1550168991088867,0.0,1.0,-0.04436028003692627,0.0,True
0,irregular,42,16,0.0,autonomous,stress,0.02,1.2,0.06,0.008955691009759903,0.10889622569084167,1.1577562093734741,0.0,0.9859374761581421,0.003800630569458008,2.1434203517856076e-05,True
0,irregular,42,16,0.0,autonomous,stress,0.02,1.2,0.12,0.008951976895332336,0.108873650431633,1.157754898071289,0.0,0.987500011920929,0.007138848304748535,3.9737300539854914e-05,True
0,irregular,42,16,0.0,autonomous,stress,0.02,1.2,0.24,0.008935842663049698,0.10877548903226852,1.157738447189331,0.0,0.9937499761581421,0.011391401290893555,7.11962566128932e-05,True
0,irregular,42,16,0.0,autonomous,stress,0.02,2.4,0.06,0.01520202774554491,0.13128367066383362,1.1590856313705444,0.0,0.649218738079071,0.0051577091217041016,0.0009027086198329926,True
0,irregular,42,16,0.0,autonomous,stress,0.02,2.4,0.12,0.015198171138763428,0.1312670111656189,1.1590864658355713,0.0,0.6499999761581421,0.010195612907409668,0.0018014246597886086,True
0,irregular,42,16,0.0,autonomous,stress,0.02,2.4,0.24,0.015181107446551323,0.13119329512119293,1.1590845584869385,0.0,0.6656249761581421,0.019575834274291992,0.0035193630028516054,True
0,irregular,42,16,0.0,autonomous,stress,0.08,0.6,0.06,0.002820829628035426,0.0732877105474472,1.1458020210266113,0.0,1.0,-0.007912158966064453,0.0,True
0,irregular,42,16,0.0,autonomous,stress,0.08,0.6,0.12,0.002820111345499754,0.07327837496995926,1.145787239074707,0.0,1.0,-0.0206221342086792,0.0,True
0,irregular,42,16,0.0,autonomous,stress,0.08,0.6,0.24,0.002818661043420434,0.07325953245162964,1.1457364559173584,0.0,1.0,-0.02063310146331787,0.0,True
0,irregular,42,16,0.0,autonomous,stress,0.08,1.2,0.06,0.007838097400963306,0.10754811018705368,1.1541603803634644,0.0,0.9375,0.005645632743835449,0.00016333162784576416,True
0,irregular,42,16,0.0,autonomous,stress,0.08,1.2,0.12,0.00783422403037548,0.10752154141664505,1.1541507244110107,0.0,0.9468749761581421,0.01111900806427002,0.00031599774956703186,True
0,irregular,42,16,0.0,autonomous,stress,0.08,1.2,0.24,0.007817285135388374,0.10740523785352707,1.1541028022766113,0.0,0.9312499761581421,0.02213430404663086,0.0005322739598341286,True
0,irregular,42,16,0.0,autonomous,stress,0.08,2.4,0.06,0.013519778847694397,0.13187693059444427,1.1586769819259644,0.0,0.5679687261581421,0.006296753883361816,0.0012672641314566135,True
0,irregular,42,16,0.0,autonomous,stress,0.08,2.4,0.12,0.013514594174921513,0.13185162842273712,1.1586761474609375,0.0,0.5687500238418579,0.012521147727966309,0.002522815950214863,True
0,irregular,42,16,0.0,autonomous,stress,0.08,2.4,0.24,0.013491773046553135,0.1317402571439743,1.1586675643920898,0.0,0.5687500238418579,0.02458810806274414,0.004971767775714397,True
1,irregular,42,16,0.0,query,test,0.005,0.6,0.06,0.0011346100363880396,0.05689074099063873,1.0897104740142822,0.0,1.0,-0.015004456043243408,0.0,True
1,irregular,42,16,0.0,query,test,0.005,0.6,0.12,0.0011409135768190026,0.057048555463552475,1.090080738067627,0.0,1.0,-0.03196445107460022,0.0,True
1,irregular,42,16,0.0,query,test,0.005,0.6,0.24,0.0011417733039706945,0.0570700503885746,1.089916467666626,0.0,1.0,-0.06927519291639328,0.0,True
1,irregular,42,16,0.0,query,test,0.005,1.2,0.06,0.005115494132041931,0.0905323326587677,1.142353892326355,0.0,1.0,-0.011617302894592285,0.0,True
1,irregular,42,16,0.0,query,test,0.005,1.2,0.12,0.005136219784617424,0.09071554243564606,1.142800211906433,0.0,1.0,-0.024857521057128906,0.0,True
1,irregular,42,16,0.0,query,test,0.005,1.2,0.24,0.005102859809994698,0.09042046219110489,1.142615556716919,0.0,1.0,-0.05789828300476074,0.0,True
1,irregular,42,16,0.0,query,test,0.005,2.4,0.06,0.013485251925885677,0.12154415994882584,1.1550185680389404,0.0,0.899218738079071,0.004227638244628906,0.00018656626343727112,True
1,irregular,42,16,0.0,query,test,0.005,2.4,0.12,0.013535315170884132,0.12176956236362457,1.1554826498031616,0.0,0.901562511920929,0.008446097373962402,0.0003719257074408233,True
1,irregular,42,16,0.0,query,test,0.005,2.4,0.24,0.013437027111649513,0.12132664024829865,1.1554114818572998,0.0,0.903124988079071,0.016225695610046387,0.0006954967975616455,True
1,irregular,42,16,0.0,query,test,0.02,0.6,0.06,0.0010781148448586464,0.05595988780260086,1.0859260559082031,0.0,1.0,-0.012651890516281128,0.0,True
1,irregular,42,16,0.0,query,test,0.02,0.6,0.12,0.0010844238568097353,0.05612338334321976,1.086297631263733,0.0,1.0,-0.026786983013153076,0.0,True
1,irregular,42,16,0.0,query,test,0.02,0.6,0.24,0.0010852381819859147,0.05614445358514786,1.0861355066299438,0.0,1.0,-0.053804680705070496,0.0,True
1,irregular,42,16,0.0,query,test,0.02,1.2,0.06,0.004763293080031872,0.08874287456274033,1.1407588720321655,0.0,1.0,-0.0028488636016845703,0.0,True
1,irregular,42,16,0.0,query,test,0.02,1.2,0.12,0.0047850171104073524,0.08894501626491547,1.1412055492401123,0.0,1.0,-0.006987094879150391,0.0,True
1,irregular,42,16,0.0,query,test,0.02,1.2,0.24,0.004750586114823818,0.08862443268299103,1.14101243019104,0.0,1.0,-0.0210874080657959,0.0,True
1,irregular,42,16,0.0,query,test,0.02,2.4,0.06,0.012714501470327377,0.12121698260307312,1.1549184322357178,0.0,0.824999988079071,0.006426811218261719,0.0004864182265009731,True
1,irregular,42,16,0.0,query,test,0.02,2.4,0.12,0.012769635766744614,0.12147952616214752,1.155381202697754,0.0,0.8343750238418579,0.01274871826171875,0.0009733503684401512,True
1,irregular,42,16,0.0,query,test,0.02,2.4,0.24,0.012671684846282005,0.12101271003484726,1.1553072929382324,0.0,0.8343750238418579,0.025255799293518066,0.0018598508322611451,True
1,irregular,42,16,0.0,query,test,0.08,0.6,0.06,0.0009159608744084835,0.053262148052453995,1.0723538398742676,0.0,1.0,-0.006209880113601685,0.0,True
1,irregular,42,16,0.0,query,test,0.08,0.6,0.12,0.0009222793160006404,0.05344553664326668,1.0727335214614868,0.0,1.0,-0.013006091117858887,0.0,True
1,irregular,42,16,0.0,query,test,0.08,0.6,0.24,0.000923342420719564,0.05347633361816406,1.0725796222686768,0.0,1.0,-0.024721622467041016,0.0,True
1,irregular,42,16,0.0,query,test,0.08,1.2,0.06,0.0039785695262253284,0.08500310033559799,1.136042833328247,0.0,1.0,-0.0030274391174316406,0.0,True
1,irregular,42,16,0.0,query,test,0.08,1.2,0.12,0.004002914763987064,0.08526277542114258,1.1364939212799072,0.0,1.0,-0.00825047492980957,0.0,True
1,irregular,42,16,0.0,query,test,0.08,1.2,0.24,0.003971853293478489,0.08493132144212723,1.1362817287445068,0.0,1.0,-0.027611732482910156,0.0,True
1,irregular,42,16,0.0,query,test,0.08,2.4,0.06,0.011474283412098885,0.12195335328578949,1.1542022228240967,0.0,0.7749999761581421,0.007140517234802246,0.0007229487528093159,True
1,irregular,42,16,0.0,query,test,0.08,2.4,0.12,0.01152320858091116,0.12221308052539825,1.1546664237976074,0.0,0.7749999761581421,0.014167189598083496,0.0014454952906817198,True
1,irregular,42,16,0.0,query,test,0.08,2.4,0.24,0.011427553370594978,0.12170477211475372,1.1545835733413696,0.0,0.784375011920929,0.026894569396972656,0.002773913322016597,True
1,irregular,42,16,0.0,query,stress,0.005,0.6,0.06,0.003287927247583866,0.07554173469543457,1.1548266410827637,0.0,1.0,-0.02541482448577881,0.0,True
1,irregular,42,16,0.0,query,stress,0.005,0.6,0.12,0.0033011091873049736,0.07569301128387451,1.1552048921585083,0.0,1.0,-0.05639004707336426,0.0,True
1,irregular,42,16,0.0,query,stress,0.005,0.6,0.24,0.003278878517448902,0.07543771713972092,1.155168890953064,0.0,1.0,-0.056504130363464355,0.0,True
1,irregular,42,16,0.0,query,stress,0.005,1.2,0.06,0.00915877241641283,0.10800203680992126,1.1551918983459473,0.0,1.0,-0.0005379915237426758,0.0,True
1,irregular,42,16,0.0,query,stress,0.005,1.2,0.12,0.009192264638841152,0.10819932073354721,1.155639886856079,0.0,1.0,-0.0018846988677978516,0.0,True
1,irregular,42,16,0.0,query,stress,0.005,1.2,0.24,0.009101854637265205,0.10766591876745224,1.155577540397644,0.0,1.0,-0.008360743522644043,0.0,True
1,irregular,42,16,0.0,query,stress,0.005,2.4,0.06,0.015406012535095215,0.12789477407932281,1.1554605960845947,0.0,0.762499988079071,0.0034215450286865234,0.0003486732020974159,True
1,irregular,42,16,0.0,query,stress,0.005,2.4,0.12,0.015461538918316364,0.12812504172325134,1.1559239625930786,0.0,0.762499988079071,0.006792187690734863,0.0006992712733335793,True
1,irregular,42,16,0.0,query,stress,0.005,2.4,0.24,0.01535189338028431,0.12766994535923004,1.1558624505996704,0.0,0.768750011920929,0.012934207916259766,0.001339390524663031,True
1,irregular,42,16,0.0,query,stress,0.02,0.6,0.06,0.0031443494372069836,0.07463861256837845,1.152048110961914,0.0,1.0,-0.01947033405303955,0.0,True
1,irregular,42,16,0.0,query,stress,0.02,0.6,0.12,0.00315744336694479,0.07479385286569595,1.152422547340393,0.0,1.0,-0.04461264610290527,0.0,True
1,irregular,42,16,0.0,query,stress,0.02,0.6,0.24,0.003135127481073141,0.07452908158302307,1.1523716449737549,0.0,1.0,-0.04473245143890381,0.0,True
1,irregular,42,16,0.0,query,stress,0.02,1.2,0.06,0.008661458268761635,0.10709243267774582,1.1541972160339355,0.0,0.987500011920929,0.003581404685974121,1.8710456060944125e-05,True
1,irregular,42,16,0.0,query,stress,0.02,1.2,0.12,0.008695737458765507,0.10730414092540741,1.1546448469161987,0.0,0.9906250238418579,0.006733298301696777,3.4836306440411136e-05,True
1,irregular,42,16,0.0,query,stress,0.02,1.2,0.24,0.008603754453361034,0.10673511028289795,1.1545692682266235,0.0,0.9937499761581421,0.010272860527038574,6.420537829399109e-05,True
1,irregular,42,16,0.0,query,stress,0.02,2.4,0.06,0.014648359268903732,0.12887077033519745,1.1553984880447388,0.0,0.65234375,0.005015969276428223,0.0008579732966609299,True
1,irregular,42,16,0.0,query,stress,0.02,2.4,0.12,0.01470563467592001,0.12912246584892273,1.1558611392974854,0.0,0.653124988079071,0.00992274284362793,0.001720424392260611,True
1,irregular,42,16,0.0,query,stress,0.02,2.4,0.24,0.014599503949284554,0.12865568697452545,1.1557995080947876,0.0,0.668749988079071,0.01882922649383545,0.0033247158862650394,True
1,irregular,42,16,0.0,query,stress,0.08,0.6,0.06,0.0027384627610445023,0.07220979779958725,1.142869234085083,0.0,1.0,-0.00805521011352539,0.0,True
1,irregular,42,16,0.0,query,stress,0.08,0.6,0.12,0.0027513261884450912,0.07237919420003891,1.1432387828826904,0.0,1.0,-0.02083420753479004,0.0,True
1,irregular,42,16,0.0,query,stress,0.08,0.6,0.24,0.002729817759245634,0.07209572941064835,1.143150806427002,0.0,1.0,-0.020950913429260254,0.0,True
1,irregular,42,16,0.0,query,stress,0.08,1.2,0.06,0.007578167598694563,0.10574980825185776,1.150625467300415,0.0,0.9375,0.0054444074630737305,0.0001503605453763157,True
1,irregular,42,16,0.0,query,stress,0.08,1.2,0.12,0.007613755762577057,0.10599782317876816,1.1510711908340454,0.0,0.9468749761581421,0.010746240615844727,0.0002966504544019699,True
1,irregular,42,16,0.0,query,stress,0.08,1.2,0.24,0.007527960930019617,0.10539891570806503,1.1509591341018677,0.0,0.9437500238418579,0.02118849754333496,0.0004695773241110146,True
1,irregular,42,16,0.0,query,stress,0.08,2.4,0.06,0.013012814335525036,0.1293807327747345,1.1549928188323975,0.0,0.567187488079071,0.0060318708419799805,0.0012138901511207223,True
1,irregular,42,16,0.0,query,stress,0.08,2.4,0.12,0.013071147724986076,0.1296704113483429,1.1554553508758545,0.0,0.5718749761581421,0.012046098709106445,0.002428184263408184,True
1,irregular,42,16,0.0,query,stress,0.08,2.4,0.24,0.012973053380846977,0.12918291985988617,1.1553854942321777,0.0,0.574999988079071,0.02353227138519287,0.0047247023321688175,True
2,irregular,42,16,0.01,autonomous,test,0.005,0.6,0.06,0.0011749834520742297,0.05789408087730408,1.0921967029571533,0.0,1.0,-0.014897167682647705,0.0,True
2,irregular,42,16,0.01,autonomous,test,0.005,0.6,0.12,0.001175659243017435,0.0579107291996479,1.0921626091003418,0.0,1.0,-0.031726717948913574,0.0,True
2,irregular,42,16,0.01,autonomous,test,0.005,0.6,0.24,0.0011784443631768227,0.0579792819917202,1.0920625925064087,0.0,1.0,-0.06900805979967117,0.0,True
2,irregular,42,16,0.01,autonomous,test,0.005,1.2,0.06,0.005223176442086697,0.09148023277521133,1.1455845832824707,0.0,1.0,-0.011828303337097168,0.0,True
2,irregular,42,16,0.01,autonomous,test,0.005,1.2,0.12,0.005223480984568596,0.09148290008306503,1.1455609798431396,0.0,1.0,-0.025259017944335938,0.0,True
2,irregular,42,16,0.01,autonomous,test,0.005,1.2,0.24,0.005223369691520929,0.09148192405700684,1.145453929901123,0.0,1.0,-0.058234214782714844,0.0,True
2,irregular,42,16,0.01,autonomous,test,0.005,2.4,0.06,0.013900622725486755,0.12340185046195984,1.1583956480026245,0.0,0.9007812738418579,0.00426483154296875,0.00018293308676220477,True
2,irregular,42,16,0.01,autonomous,test,0.005,2.4,0.12,0.013897099532186985,0.1233862116932869,1.158395528793335,0.0,0.901562511920929,0.008461356163024902,0.00036345701664686203,True
2,irregular,42,16,0.01,autonomous,test,0.005,2.4,0.24,0.013879610225558281,0.12330855429172516,1.1583868265151978,0.0,0.903124988079071,0.016353845596313477,0.0006981689366512001,True
2,irregular,42,16,0.01,autonomous,test,0.02,0.6,0.06,0.001117950421757996,0.056984350085258484,1.0883979797363281,0.0,1.0,-0.012549489736557007,0.0,True
2,irregular,42,16,0.01,autonomous,test,0.02,0.6,0.12,0.0011185705661773682,0.05700015276670456,1.0883634090423584,0.0,1.0,-0.02656269073486328,0.0,True
2,irregular,42,16,0.01,autonomous,test,0.02,0.6,0.24,0.0011211602250114083,0.057066094130277634,1.0882668495178223,0.0,1.0,-0.05354434251785278,0.0,True
2,irregular,42,16,0.01,autonomous,test,0.02,1.2,0.06,0.004866058938205242,0.08969506621360779,1.1439841985702515,0.0,1.0,-0.0029021501541137695,0.0,True
2,irregular,42,16,0.01,autonomous,test,0.02,1.2,0.12,0.004865861497819424,0.08969324082136154,1.143958568572998,0.0,1.0,-0.007135272026062012,0.0,True
2,irregular,42,16,0.01,autonomous,test,0.02,1.2,0.24,0.004864330403506756,0.08967913687229156,1.1438450813293457,0.0,1.0,-0.02105081081390381,0.0,True
2,irregular,42,16,0.01,autonomous,test,0.02,2.4,0.06,0.013114487752318382,0.12310891598463058,1.1582967042922974,0.0,0.8304687738418579,0.0066536664962768555,0.0004858477914240211,True
2,irregular,42,16,0.01,autonomous,test,0.02,2.4,0.12,0.01310977153480053,0.12308677285909653,1.158294677734375,0.0,0.832812488079071,0.013091444969177246,0.0009663341334089637,True
2,irregular,42,16,0.01,autonomous,test,0.02,2.4,0.24,0.01308937557041645,0.12299098819494247,1.1582821607589722,0.0,0.8374999761581421,0.026096582412719727,0.001872216584160924,True
2,irregular,42,16,0.01,autonomous,test,0.08,0.6,0.06,0.0009553050622344017,0.054394032806158066,1.074774980545044,0.0,1.0,-0.006125271320343018,0.0,True
2,irregular,42,16,0.01,autonomous,test,0.08,0.6,0.12,0.0009558441233821213,0.05440937727689743,1.0747418403625488,0.0,1.0,-0.012828081846237183,0.0,True
2,irregular,42,16,0.01,autonomous,test,0.08,0.6,0.24,0.0009579870384186506,0.05447033420205116,1.0746580362319946,0.0,1.0,-0.02440035343170166,0.0,True
2,irregular,42,16,0.01,autonomous,test,0.08,1.2,0.06,0.004085022956132889,0.08613279461860657,1.1392581462860107,0.0,1.0,-0.0031479597091674805,0.0,True
2,irregular,42,16,0.01,autonomous,test,0.08,1.2,0.12,0.00408448651432991,0.0861271396279335,1.1392285823822021,0.0,1.0,-0.008547067642211914,0.0,True
2,irregular,42,16,0.01,autonomous,test,0.08,1.2,0.24,0.004081708379089832,0.0860978439450264,1.1391010284423828,0.0,1.0,-0.027811646461486816,0.0,True
2,irregular,42,16,0.01,autonomous,test,0.08,2.4,0.06,0.011843262240290642,0.12389867007732391,1.1575850248336792,0.0,0.776562511920929,0.00737154483795166,0.0007219511899165809,True
2,irregular,42,16,0.01,autonomous,test,0.08,2.4,0.12,0.011838393285870552,0.12387318909168243,1.1575818061828613,0.0,0.776562511920929,0.014514446258544922,0.001433085068129003,True
2,irregular,42,16,0.01,autonomous,test,0.08,2.4,0.24,0.011817099526524544,0.12376173585653305,1.1575613021850586,0.0,0.78125,0.02762770652770996,0.002798245521262288,True
2,irregular,42,16,0.01,autonomous,stress,0.005,0.6,0.06,0.003302538301795721,0.07570940256118774,1.1575887203216553,0.0,1.0,-0.025448203086853027,0.0,True
2,irregular,42,16,0.01,autonomous,stress,0.005,0.6,0.12,0.003302044002339244,0.07570373266935349,1.1575872898101807,0.0,1.0,-0.056490421295166016,0.0,True
2,irregular,42,16,0.01,autonomous,stress,0.005,0.6,0.24,0.0033014384098351,0.07569678872823715,1.1575802564620972,0.0,1.0,-0.05649077892303467,0.0,True
2,irregular,42,16,0.01,autonomous,stress,0.005,1.2,0.06,0.009261185303330421,0.10860418528318405,1.158459186553955,0.0,1.0,-0.0005059242248535156,0.0,True
2,irregular,42,16,0.01,autonomous,stress,0.005,1.2,0.12,0.009258360601961613,0.10858762264251709,1.1584590673446655,0.0,1.0,-0.0018683671951293945,0.0,True
2,irregular,42,16,0.01,autonomous,stress,0.005,1.2,0.24,0.009244322776794434,0.10850527882575989,1.1584535837173462,0.0,1.0,-0.008063554763793945,0.0,True
2,irregular,42,16,0.01,autonomous,stress,0.005,2.4,0.06,0.01576193794608116,0.12936371564865112,1.1588364839553833,0.0,0.76171875,0.0033518075942993164,0.00035080817178823054,True
2,irregular,42,16,0.01,autonomous,stress,0.005,2.4,0.12,0.015759263187646866,0.12935274839401245,1.1588380336761475,0.0,0.760937511920929,0.006674408912658691,0.0006992770358920097,True
2,irregular,42,16,0.01,autonomous,stress,0.005,2.4,0.24,0.01574517972767353,0.12929493188858032,1.1588373184204102,0.0,0.765625,0.012941837310791016,0.0013672902714461088,True
2,irregular,42,16,0.01,autonomous,stress,0.02,0.6,0.06,0.0031564603559672832,0.07478221505880356,1.1547971963882446,0.0,1.0,-0.01952528953552246,0.0,True
2,irregular,42,16,0.01,autonomous,stress,0.02,0.6,0.12,0.003155788406729698,0.07477425783872604,1.1547915935516357,0.0,1.0,-0.04476118087768555,0.0,True
2,irregular,42,16,0.01,autonomous,stress,0.02,0.6,0.24,0.0031548617407679558,0.07476327568292618,1.1547725200653076,0.0,1.0,-0.04476630687713623,0.0,True
2,irregular,42,16,0.01,autonomous,stress,0.02,1.2,0.06,0.008753083646297455,0.10765738040208817,1.1574615240097046,0.0,0.989062488079071,0.0036116838455200195,1.8548405932961032e-05,True
2,irregular,42,16,0.01,autonomous,stress,0.02,1.2,0.12,0.008749452419579029,0.10763505101203918,1.1574597358703613,0.0,0.9906250238418579,0.0067441463470458984,3.474354889476672e-05,True
2,irregular,42,16,0.01,autonomous,stress,0.02,1.2,0.24,0.008733676746487617,0.10753797739744186,1.1574437618255615,0.0,0.9937499761581421,0.010537862777709961,6.586164090549573e-05,True
2,irregular,42,16,0.01,autonomous,stress,0.02,2.4,0.06,0.015017535537481308,0.13048459589481354,1.15877366065979,0.0,0.655468761920929,0.004932284355163574,0.0008649667724967003,True
2,irregular,42,16,0.01,autonomous,stress,0.02,2.4,0.12,0.015013662166893482,0.13046777248382568,1.158776044845581,0.0,0.653124988079071,0.009778022766113281,0.0017247047508135438,True
2,irregular,42,16,0.01,autonomous,stress,0.02,2.4,0.24,0.014996418729424477,0.13039283454418182,1.1587741374969482,0.0,0.6656249761581421,0.018863916397094727,0.003378641325980425,True
2,irregular,42,16,0.01,autonomous,stress,0.08,0.6,0.06,0.0027454334776848555,0.07230164110660553,1.1455798149108887,0.0,1.0,-0.008139371871948242,0.0,True
2,irregular,42,16,0.01,autonomous,stress,0.08,0.6,0.12,0.0027447433676570654,0.07229255884885788,1.1455652713775635,0.0,1.0,-0.02104508876800537,0.0,True
2,irregular,42,16,0.01,autonomous,stress,0.08,0.6,0.24,0.0027433475479483604,0.07227417081594467,1.145514726638794,0.0,1.0,-0.021056294441223145,0.0,True
2,irregular,42,16,0.01,autonomous,stress,0.08,1.2,0.06,0.0076663861982524395,0.10636354982852936,1.1538817882537842,0.0,0.9375,0.005454421043395996,0.00015065129264257848,True
2,irregular,42,16,0.01,autonomous,stress,0.08,1.2,0.12,0.007662612944841385,0.10633737593889236,1.1538723707199097,0.0,0.9468749761581421,0.010744690895080566,0.0002945978194475174,True
2,irregular,42,16,0.01,autonomous,stress,0.08,1.2,0.24,0.007646049838513136,0.10622238367795944,1.1538242101669312,0.0,0.9375,0.02140486240386963,0.00047872139839455485,True
2,irregular,42,16,0.01,autonomous,stress,0.08,2.4,0.06,0.013401055708527565,0.13129660487174988,1.1583706140518188,0.0,0.5726562738418579,0.006167888641357422,0.0012230161810293794,True
2,irregular,42,16,0.01,autonomous,stress,0.08,2.4,0.12,0.013395886868238449,0.13127128779888153,1.158369541168213,0.0,0.5765625238418579,0.012256741523742676,0.002435114933177829,True
2,irregular,42,16,0.01,autonomous,stress,0.08,2.4,0.24,0.013372991234064102,0.13115905225276947,1.1583608388900757,0.0,0.574999988079071,0.02409207820892334,0.004794675391167402,True
3,irregular,42,16,0.01,query,test,0.005,0.6,0.06,0.0011934551876038313,0.05834737792611122,1.0906577110290527,0.0,1.0,-0.014896690845489502,0.0,True
3,irregular,42,16,0.01,query,test,0.005,0.6,0.12,0.001175115816295147,0.05789734423160553,1.0907490253448486,0.0,1.0,-0.031758248805999756,0.0,True
3,irregular,42,16,0.01,query,test,0.005,0.6,0.24,0.0011390633881092072,0.05700228363275528,1.0901257991790771,0.0,1.0,-0.0690593346953392,0.0,True
3,irregular,42,16,0.01,query,test,0.005,1.2,0.06,0.005285708233714104,0.09202620387077332,1.1431314945220947,0.0,1.0,-0.012154221534729004,0.0,True
3,irregular,42,16,0.01,query,test,0.005,1.2,0.12,0.005202925764024258,0.09130272269248962,1.143370270729065,0.0,1.0,-0.02580392360687256,0.0,True
3,irregular,42,16,0.01,query,test,0.005,1.2,0.24,0.004998187534511089,0.08948829025030136,1.1427124738693237,0.0,1.0,-0.059198737144470215,0.0,True
3,irregular,42,16,0.01,query,test,0.005,2.4,0.06,0.014550622552633286,0.12625406682491302,1.1556322574615479,0.0,0.9039062261581421,0.0039217472076416016,0.00016973559104371816,True
3,irregular,42,16,0.01,query,test,0.005,2.4,0.12,0.014068422839045525,0.12414443492889404,1.1559478044509888,0.0,0.903124988079071,0.007913351058959961,0.0003387928009033203,True
3,irregular,42,16,0.01,query,test,0.005,2.4,0.24,0.013139234855771065,0.11997468024492264,1.1555228233337402,0.0,0.909375011920929,0.015740394592285156,0.0006247799610719085,True
3,irregular,42,16,0.01,query,test,0.02,0.6,0.06,0.0011384563986212015,0.05750459060072899,1.0869030952453613,0.0,1.0,-0.01254415512084961,0.0,True
3,irregular,42,16,0.01,query,test,0.02,0.6,0.12,0.001119792927056551,0.057031285017728806,1.0869842767715454,0.0,1.0,-0.02658405900001526,0.0,True
3,irregular,42,16,0.01,query,test,0.02,0.6,0.24,0.0010830853134393692,0.05608873441815376,1.0863451957702637,0.0,1.0,-0.053583160042762756,0.0,True
3,irregular,42,16,0.01,query,test,0.02,1.2,0.06,0.004943368025124073,0.09040477126836777,1.1415618658065796,0.0,1.0,-0.00304567813873291,0.0,True
3,irregular,42,16,0.01,query,test,0.02,1.2,0.12,0.004858528263866901,0.08962563425302505,1.141791820526123,0.0,1.0,-0.007429361343383789,0.0,True
3,irregular,42,16,0.01,query,test,0.02,1.2,0.24,0.004645537119358778,0.08763908594846725,1.1411070823669434,0.0,1.0,-0.02217280864715576,0.0,True
3,irregular,42,16,0.01,query,test,0.02,2.4,0.06,0.013669680804014206,0.12568776309490204,1.1555354595184326,0.0,0.832812488079071,0.006437778472900391,0.00047167466254904866,True
3,irregular,42,16,0.01,query,test,0.02,2.4,0.12,0.01325160264968872,0.12375079840421677,1.1558488607406616,0.0,0.832812488079071,0.012696981430053711,0.0009336344664916396,True
3,irregular,42,16,0.01,query,test,0.02,2.4,0.24,0.012383613735437393,0.11962928622961044,1.155417799949646,0.0,0.8374999761581421,0.024872183799743652,0.001734845689497888,True
3,irregular,42,16,0.01,query,test,0.08,0.6,0.06,0.0009819469414651394,0.05514729395508766,1.0734336376190186,0.0,1.0,-0.00610196590423584,0.0,True
3,irregular,42,16,0.01,query,test,0.08,0.6,0.12,0.0009622460347600281,0.05459127947688103,1.073486566543579,0.0,1.0,-0.012813925743103027,0.0,True
3,irregular,42,16,0.01,query,test,0.08,0.6,0.24,0.0009238234488293529,0.05349025875329971,1.0727932453155518,0.0,1.0,-0.024416089057922363,0.0,True
3,irregular,42,16,0.01,query,test,0.08,1.2,0.06,0.004201309755444527,0.08735014498233795,1.1369259357452393,0.0,1.0,-0.003275752067565918,0.0,True
3,irregular,42,16,0.01,query,test,0.08,1.2,0.12,0.004109685309231281,0.08639240264892578,1.1371327638626099,0.0,1.0,-0.008791446685791016,0.0,True
3,irregular,42,16,0.01,query,test,0.08,1.2,0.24,0.003879455616697669,0.0839376226067543,1.136372447013855,0.0,1.0,-0.028179079294204712,0.0,True
3,irregular,42,16,0.01,query,test,0.08,2.4,0.06,0.012339765205979347,0.12646910548210144,1.1548469066619873,0.0,0.77734375,0.007179856300354004,0.0007065566023811698,True
3,irregular,42,16,0.01,query,test,0.08,2.4,0.12,0.011968269012868404,0.12455083429813385,1.1551525592803955,0.0,0.778124988079071,0.014095425605773926,0.001395159400999546,True
3,irregular,42,16,0.01,query,test,0.08,2.4,0.24,0.011182976886630058,0.12039534002542496,1.154693603515625,0.0,0.7875000238418579,0.026596426963806152,0.0026242700405418873,True
3,irregular,42,16,0.01,query,stress,0.005,0.6,0.06,0.0032772859558463097,0.07541938871145248,1.1553226709365845,0.0,1.0,-0.025550007820129395,0.0,True
3,irregular,42,16,0.01,query,stress,0.005,0.6,0.12,0.0032583517022430897,0.07520121335983276,1.155582070350647,0.0,1.0,-0.056702256202697754,0.0,True
3,irregular,42,16,0.01,query,stress,0.005,0.6,0.24,0.003188950940966606,0.0743960365653038,1.155360460281372,0.0,1.0,-0.05697202682495117,0.0,True
3,irregular,42,16,0.01,query,stress,0.005,1.2,0.06,0.009176945313811302,0.10810913145542145,1.1557767391204834,0.0,1.0,-0.000634312629699707,0.0,True
3,irregular,42,16,0.01,query,stress,0.005,1.2,0.12,0.009115450084209442,0.10774630308151245,1.1560839414596558,0.0,1.0,-0.002166271209716797,0.0,True
3,irregular,42,16,0.01,query,stress,0.005,1.2,0.24,0.008851060643792152,0.10617224127054214,1.1556849479675293,0.0,1.0,-0.009320378303527832,0.0,True
3,irregular,42,16,0.01,query,stress,0.005,2.4,0.06,0.015823930501937866,0.1296178549528122,1.156059741973877,0.0,0.765625,0.003273487091064453,0.00033344916300848126,True
3,irregular,42,16,0.01,query,stress,0.005,2.4,0.12,0.015601087361574173,0.12870194017887115,1.1563801765441895,0.0,0.762499988079071,0.006499171257019043,0.0006620425847359002,True
3,irregular,42,16,0.01,query,stress,0.005,2.4,0.24,0.015017541125416756,0.12627200782299042,1.1559741497039795,0.0,0.7749999761581421,0.01231837272644043,0.0012380294501781464,True
3,irregular,42,16,0.01,query,stress,0.02,0.6,0.06,0.0031351398210972548,0.07452922314405441,1.1525609493255615,0.0,1.0,-0.019607186317443848,0.0,True
3,irregular,42,16,0.01,query,stress,0.02,0.6,0.12,0.0031160390935838223,0.07430184632539749,1.15281081199646,0.0,1.0,-0.044937729835510254,0.0,True
3,irregular,42,16,0.01,query,stress,0.02,0.6,0.24,0.003046266734600067,0.0734652727842331,1.1525641679763794,0.0,1.0,-0.04521524906158447,0.0,True
3,irregular,42,16,0.01,query,stress,0.02,1.2,0.06,0.00868548545986414,0.10724087804555893,1.1547954082489014,0.0,0.9906250238418579,0.003492116928100586,1.7286836737184785e-05,True
3,irregular,42,16,0.01,query,stress,0.02,1.2,0.12,0.00862334854900837,0.1068565770983696,1.1550978422164917,0.0,0.9906250238418579,0.006462693214416504,3.209374699508771e-05,True
3,irregular,42,16,0.01,query,stress,0.02,1.2,0.24,0.008352513425052166,0.10516516119241714,1.1546759605407715,0.0,0.9937499761581421,0.009320378303527832,5.825236439704895e-05,True
3,irregular,42,16,0.01,query,stress,0.02,2.4,0.06,0.015113206580281258,0.130899578332901,1.1559998989105225,0.0,0.65625,0.004867076873779297,0.0008383846725337207,True
3,irregular,42,16,0.01,query,stress,0.02,2.4,0.12,0.014888065867125988,0.12992092967033386,1.1563189029693604,0.0,0.6546875238418579,0.009586095809936523,0.0016666693845763803,True
3,irregular,42,16,0.01,query,stress,0.02,2.4,0.24,0.014290524646639824,0.12728700041770935,1.155910611152649,0.0,0.675000011920929,0.018022775650024414,0.0031776458490639925,True
3,irregular,42,16,0.01,query,stress,0.08,0.6,0.06,0.0027343896217644215,0.07215607166290283,1.143442988395691,0.0,1.0,-0.008201837539672852,0.0,True
3,irregular,42,16,0.01,query,stress,0.08,0.6,0.12,0.0027154909912496805,0.07190629094839096,1.1436656713485718,0.0,1.0,-0.02118372917175293,0.0,True
3,irregular,42,16,0.01,query,stress,0.08,0.6,0.24,0.0026467754505574703,0.0709906667470932,1.1433460712432861,0.0,1.0,-0.021425962448120117,0.0,True
3,irregular,42,16,0.01,query,stress,0.08,1.2,0.06,0.007641851436346769,0.10619321465492249,1.1512768268585205,0.0,0.940625011920929,0.005343794822692871,0.00014424863911699504,True
3,irregular,42,16,0.01,query,stress,0.08,1.2,0.12,0.007575849071145058,0.10573362559080124,1.1515593528747559,0.0,0.9468749761581421,0.010501742362976074,0.0002813417522702366,True
3,irregular,42,16,0.01,query,stress,0.08,1.2,0.24,0.007297663018107414,0.10377419739961624,1.1510636806488037,0.0,0.949999988079071,0.02038431167602539,0.00041495784535072744,True
3,irregular,42,16,0.01,query,stress,0.08,2.4,0.06,0.013474052771925926,0.13165371119976044,1.1556074619293213,0.0,0.57421875,0.006004214286804199,0.0011912272311747074,True
3,irregular,42,16,0.01,query,stress,0.08,2.4,0.12,0.013286333531141281,0.1307334154844284,1.1559219360351562,0.0,0.5765625238418579,0.011930584907531738,0.0023668890353292227,True
3,irregular,42,16,0.01,query,stress,0.08,2.4,0.24,0.012739240191876888,0.1280134916305542,1.1554967164993286,0.0,0.581250011920929,0.02303612232208252,0.004537633620202541,True
4,irregular,42,128,0.0,autonomous,test,0.005,0.6,0.06,0.0007599331438541412,0.04655924811959267,1.0615015029907227,0.0,1.0,-0.015134036540985107,0.0,True
4,irregular,42,128,0.0,autonomous,test,0.005,0.6,0.12,0.0007604977581650019,0.04657654091715813,1.0614691972732544,0.0,1.0,-0.03224244713783264,0.0,True
4,irregular,42,128,0.0,autonomous,test,0.005,0.6,0.24,0.0007628846797160804,0.04664958268404007,1.0613718032836914,0.0,1.0,-0.06954438984394073,0.0,True
4,irregular,42,128,0.0,autonomous,test,0.005,1.2,0.06,0.00335723627358675,0.07334168255329132,1.1060034036636353,0.0,1.0,-0.014074206352233887,0.0,True
4,irregular,42,128,0.0,autonomous,test,0.005,1.2,0.12,0.003357737557962537,0.07334715873003006,1.105983018875122,0.0,1.0,-0.02989828586578369,0.0,True
4,irregular,42,128,0.0,autonomous,test,0.005,1.2,0.24,0.0033587724901735783,0.0733584612607956,1.1058900356292725,0.0,1.0,-0.06800377368927002,0.0,True
4,irregular,42,128,0.0,autonomous,test,0.005,2.4,0.06,0.00866220984607935,0.09741344302892685,1.11736261844635,0.0,0.9476562738418579,0.0023717880249023438,5.138143751537427e-05,True
4,irregular,42,128,0.0,autonomous,test,0.005,2.4,0.12,0.008660041727125645,0.09740125387907028,1.1173615455627441,0.0,0.9468749761581421,0.0047397613525390625,0.00010192729678237811,True
4,irregular,42,128,0.0,autonomous,test,0.005,2.4,0.24,0.0086488276720047,0.09733817726373672,1.117349624633789,0.0,0.9437500238418579,0.00900888442993164,0.0001814342977013439,True
4,irregular,42,128,0.0,autonomous,test,0.02,0.6,0.06,0.0007196478545665741,0.045719798654317856,1.0578958988189697,0.0,1.0,-0.012770920991897583,0.0,True
4,irregular,42,128,0.0,autonomous,test,0.02,0.6,0.12,0.0007201728876680136,0.04573647305369377,1.057863473892212,0.0,1.0,-0.0270422101020813,0.0,True
4,irregular,42,128,0.0,autonomous,test,0.02,0.6,0.24,0.0007223967113532126,0.04580703377723694,1.057767629623413,0.0,1.0,-0.054096028208732605,0.0,True
4,irregular,42,128,0.0,autonomous,test,0.02,1.2,0.06,0.0030927436891943216,0.0715075358748436,1.1044518947601318,0.0,1.0,-0.005230426788330078,0.0,True
4,irregular,42,128,0.0,autonomous,test,0.02,1.2,0.12,0.003092832863330841,0.07150857150554657,1.1044304370880127,0.0,1.0,-0.011912703514099121,0.0,True
4,irregular,42,128,0.0,autonomous,test,0.02,1.2,0.24,0.003092597471550107,0.07150585204362869,1.10433030128479,0.0,1.0,-0.030986428260803223,0.0,True
4,irregular,42,128,0.0,autonomous,test,0.02,2.4,0.06,0.008100058883428574,0.09675154834985733,1.1172702312469482,0.0,0.875,0.0037616491317749023,0.0002105688618030399,True
4,irregular,42,128,0.0,autonomous,test,0.02,2.4,0.12,0.00809691846370697,0.09673278778791428,1.1172690391540527,0.0,0.878125011920929,0.0074645280838012695,0.0004176627844572067,True
4,irregular,42,128,0.0,autonomous,test,0.02,2.4,0.24,0.008083175867795944,0.09665066748857498,1.1172558069229126,0.0,0.887499988079071,0.014356732368469238,0.0007815331337042153,True
4,irregular,42,128,0.0,autonomous,test,0.08,0.6,0.06,0.0006069010123610497,0.04335499182343483,1.0449753999710083,0.0,1.0,-0.00628933310508728,0.0,True
4,irregular,42,128,0.0,autonomous,test,0.08,0.6,0.12,0.0006073628319427371,0.04337148740887642,1.0449433326721191,0.0,1.0,-0.013180077075958252,0.0,True
4,irregular,42,128,0.0,autonomous,test,0.08,0.6,0.24,0.0006092187250033021,0.04343770071864128,1.044856309890747,0.0,1.0,-0.02505818009376526,0.0,True
4,irregular,42,128,0.0,autonomous,test,0.08,1.2,0.06,0.0025275673251599073,0.06775207817554474,1.099879503250122,0.0,1.0,-0.005487918853759766,0.0,True
4,irregular,42,128,0.0,autonomous,test,0.08,1.2,0.12,0.0025273519568145275,0.06774919480085373,1.099853754043579,0.0,1.0,-0.013180077075958252,0.0,True
4,irregular,42,128,0.0,autonomous,test,0.08,1.2,0.24,0.002525972668081522,0.06773070991039276,1.0997394323349,0.0,1.0,-0.028913497924804688,0.0,True
4,irregular,42,128,0.0,autonomous,test,0.08,2.4,0.06,0.00727734062820673,0.09712193161249161,1.1167834997177124,0.0,0.815625011920929,0.004133343696594238,0.00036549250944517553,True
4,irregular,42,128,0.0,autonomous,test,0.08,2.4,0.12,0.0072741424664855,0.09710059314966202,1.1167807579040527,0.0,0.815625011920929,0.008172273635864258,0.0007268944755196571,True
4,irregular,42,128,0.0,autonomous,test,0.08,2.4,0.24,0.007259976584464312,0.09700599312782288,1.1167614459991455,0.0,0.8218749761581421,0.01605081558227539,0.001418632222339511,True
4,irregular,42,128,0.0,autonomous,stress,0.005,0.6,0.06,0.0021238834597170353,0.06071432679891586,1.1306405067443848,0.0,1.0,-0.02758479118347168,0.0,True
4,irregular,42,128,0.0,autonomous,stress,0.005,0.6,0.12,0.002123445738106966,0.060708072036504745,1.1306661367416382,0.0,1.0,-0.06031465530395508,0.0,True
4,irregular,42,128,0.0,autonomous,stress,0.005,0.6,0.24,0.0021228217519819736,0.06069915369153023,1.1307530403137207,0.0,1.0,-0.06032085418701172,0.0,True
4,irregular,42,128,0.0,autonomous,stress,0.005,1.2,0.06,0.005802171304821968,0.08596240729093552,1.1203168630599976,0.0,1.0,-0.0030660629272460938,0.0,True
4,irregular,42,128,0.0,autonomous,stress,0.005,1.2,0.12,0.0058001745492219925,0.08594761788845062,1.1203268766403198,0.0,1.0,-0.00714719295501709,0.0,True
4,irregular,42,128,0.0,autonomous,stress,0.005,1.2,0.24,0.005790042690932751,0.08587251603603363,1.1203629970550537,0.0,1.0,-0.019175291061401367,0.0,True
4,irregular,42,128,0.0,autonomous,stress,0.005,2.4,0.06,0.009734870865941048,0.10166530311107635,1.1180500984191895,0.0,0.84765625,0.0021262168884277344,0.00011884244304383174,True
4,irregular,42,128,0.0,autonomous,stress,0.005,2.4,0.12,0.009733096696436405,0.10165604203939438,1.1180518865585327,0.0,0.8500000238418579,0.004201412200927734,0.00023711398534942418,True
4,irregular,42,128,0.0,autonomous,stress,0.005,2.4,0.24,0.009723400697112083,0.10160539299249649,1.1180537939071655,0.0,0.8531249761581421,0.008326888084411621,0.000454796856502071,True
4,irregular,42,128,0.0,autonomous,stress,0.02,0.6,0.06,0.0020226393826305866,0.05986284837126732,1.1298410892486572,0.0,1.0,-0.02155780792236328,0.0,True
4,irregular,42,128,0.0,autonomous,stress,0.02,0.6,0.12,0.0020220649894326925,0.05985435098409653,1.1298646926879883,0.0,1.0,-0.04839050769805908,0.0,True
4,irregular,42,128,0.0,autonomous,stress,0.02,0.6,0.24,0.00202119629830122,0.05984148755669594,1.129945993423462,0.0,1.0,-0.0484011173248291,0.0,True
4,irregular,42,128,0.0,autonomous,stress,0.02,1.2,0.06,0.005438909865915775,0.08486316353082657,1.1197094917297363,0.0,0.996874988079071,0.0011452436447143555,2.59689977610833e-06,True
4,irregular,42,128,0.0,autonomous,stress,0.02,1.2,0.12,0.005436244886368513,0.08484236896038055,1.1197164058685303,0.0,0.996874988079071,0.0016582012176513672,5.1818788051605225e-06,True
4,irregular,42,128,0.0,autonomous,stress,0.02,1.2,0.24,0.005424572620540857,0.08475124090909958,1.119744062423706,0.0,1.0,-0.0001621246337890625,0.0,True
4,irregular,42,128,0.0,autonomous,stress,0.02,2.4,0.06,0.009219950065016747,0.10224080085754395,1.1179701089859009,0.0,0.711718738079071,0.0032438039779663086,0.00043086212826892734,True
4,irregular,42,128,0.0,autonomous,stress,0.02,2.4,0.12,0.009217279963195324,0.10222598910331726,1.1179733276367188,0.0,0.715624988079071,0.0064601898193359375,0.0008561884751543403,True
4,irregular,42,128,0.0,autonomous,stress,0.02,2.4,0.24,0.009205389767885208,0.1021600291132927,1.1179753541946411,0.0,0.7093750238418579,0.012676715850830078,0.0016817018622532487,True
4,irregular,42,128,0.0,autonomous,stress,0.08,0.6,0.06,0.0017456917557865381,0.05765360966324806,1.1202688217163086,0.0,1.0,-0.010001778602600098,0.0,True
4,irregular,42,128,0.0,autonomous,stress,0.08,0.6,0.12,0.001745107350870967,0.05764395743608475,1.1202797889709473,0.0,1.0,-0.024387359619140625,0.0,True
4,irregular,42,128,0.0,autonomous,stress,0.08,0.6,0.24,0.001743892440572381,0.05762388929724693,1.1203185319900513,0.0,1.0,-0.024402618408203125,0.0,True
4,irregular,42,128,0.0,autonomous,stress,0.08,1.2,0.06,0.004712122492492199,0.08338841795921326,1.1150126457214355,0.0,0.96875,0.003293156623840332,4.7743691538926214e-05,True
4,irregular,42,128,0.0,autonomous,stress,0.08,1.2,0.12,0.004709278233349323,0.08336325734853745,1.115010142326355,0.0,0.9750000238418579,0.006570935249328613,9.326413419330493e-05,True
4,irregular,42,128,0.0,autonomous,stress,0.08,1.2,0.24,0.004696823190897703,0.0832529366016388,1.1149920225143433,0.0,0.9750000238418579,0.012504816055297852,0.00016346722259186208,True
4,irregular,42,128,0.0,autonomous,stress,0.08,2.4,0.06,0.008087028749287128,0.10199490934610367,1.117408037185669,0.0,0.6117187738418579,0.004108309745788574,0.0006746120634488761,True
4,irregular,42,128,0.0,autonomous,stress,0.08,2.4,0.12,0.008083375170826912,0.10197187215089798,1.1174075603485107,0.0,0.6187499761581421,0.008119940757751465,0.001343748765066266,True
4,irregular,42,128,0.0,autonomous,stress,0.08,2.4,0.24,0.008067209273576736,0.1018698513507843,1.117398977279663,0.0,0.621874988079071,0.015978574752807617,0.002638033591210842,True
5,irregular,42,128,0.0,query,test,0.005,0.6,0.06,0.0007735629915259778,0.04697493091225624,1.0627328157424927,0.0,1.0,-0.015150338411331177,0.0,True
5,irregular,42,128,0.0,query,test,0.005,0.6,0.12,0.0007735056569799781,0.04697319120168686,1.0627771615982056,0.0,1.0,-0.03225734829902649,0.0,True
5,irregular,42,128,0.0,query,test,0.005,0.6,0.24,0.0007755785482004285,0.04703608527779579,1.0623669624328613,0.0,1.0,-0.06950276345014572,0.0,True
5,irregular,42,128,0.0,query,test,0.005,1.2,0.06,0.0034439254086464643,0.07428254932165146,1.1076691150665283,0.0,1.0,-0.013866424560546875,0.0,True
5,irregular,42,128,0.0,query,test,0.005,1.2,0.12,0.0034297218080610037,0.07412920892238617,1.1076886653900146,0.0,1.0,-0.02956700325012207,0.0,True
5,irregular,42,128,0.0,query,test,0.005,1.2,0.24,0.0033981907181441784,0.07378766685724258,1.1069467067718506,0.0,1.0,-0.06797981262207031,0.0,True
5,irregular,42,128,0.0,query,test,0.005,2.4,0.06,0.008989776484668255,0.09923823177814484,1.1189115047454834,0.0,0.942187488079071,0.002480149269104004,5.661453906213865e-05,True
5,irregular,42,128,0.0,query,test,0.005,2.4,0.12,0.00887143611907959,0.09858288615942001,1.1189244985580444,0.0,0.9468749761581421,0.004903078079223633,0.00011055730283260345,True
5,irregular,42,128,0.0,query,test,0.005,2.4,0.24,0.0087477657943964,0.09789334237575531,1.1182314157485962,0.0,0.9437500238418579,0.008988738059997559,0.0001818224845919758,True
5,irregular,42,128,0.0,query,test,0.02,0.6,0.06,0.0007323186146095395,0.046120535582304,1.0591107606887817,0.0,1.0,-0.012789994478225708,0.0,True
5,irregular,42,128,0.0,query,test,0.02,0.6,0.12,0.0007323558675125241,0.046121709048748016,1.059159755706787,0.0,1.0,-0.02706146240234375,0.0,True
5,irregular,42,128,0.0,query,test,0.02,0.6,0.24,0.0007344594341702759,0.04618789628148079,1.058755874633789,0.0,1.0,-0.054068371653556824,0.0,True
5,irregular,42,128,0.0,query,test,0.02,1.2,0.06,0.003174601821228862,0.07244767993688583,1.1061104536056519,0.0,1.0,-0.005168437957763672,0.0,True
5,irregular,42,128,0.0,query,test,0.02,1.2,0.12,0.003160974010825157,0.0722920149564743,1.1061315536499023,0.0,1.0,-0.011744141578674316,0.0,True
5,irregular,42,128,0.0,query,test,0.02,1.2,0.24,0.0031273625791072845,0.07190663367509842,1.1053858995437622,0.0,1.0,-0.03086376190185547,0.0,True
5,irregular,42,128,0.0,query,test,0.02,2.4,0.06,0.008392748422920704,0.09848406165838242,1.1188044548034668,0.0,0.878125011920929,0.003806471824645996,0.00021642624051310122,True
5,irregular,42,128,0.0,query,test,0.02,2.4,0.12,0.008297405205667019,0.09792306274175644,1.118817687034607,0.0,0.879687488079071,0.007562756538391113,0.00043192709563300014,True
5,irregular,42,128,0.0,query,test,0.02,2.4,0.24,0.008165366016328335,0.09714078903198242,1.1181212663650513,0.0,0.8843749761581421,0.014448165893554688,0.000792255625128746,True
5,irregular,42,128,0.0,query,test,0.08,0.6,0.06,0.0006165102822706103,0.04369687661528587,1.046129584312439,0.0,1.0,-0.006318539381027222,0.0,True
5,irregular,42,128,0.0,query,test,0.08,0.6,0.12,0.0006169305415824056,0.043711766600608826,1.046197533607483,0.0,1.0,-0.013214737176895142,0.0,True
5,irregular,42,128,0.0,query,test,0.08,0.6,0.24,0.000619631027802825,0.04380733147263527,1.0458199977874756,0.0,1.0,-0.025057882070541382,0.0,True
5,irregular,42,128,0.0,query,test,0.08,1.2,0.06,0.0025962574873119593,0.06866654008626938,1.1015106439590454,0.0,1.0,-0.005382537841796875,0.0,True
5,irregular,42,128,0.0,query,test,0.08,1.2,0.12,0.0025848597288131714,0.06851565092802048,1.1015405654907227,0.0,1.0,-0.013008594512939453,0.0,True
5,irregular,42,128,0.0,query,test,0.08,1.2,0.24,0.0025534459855407476,0.0680980384349823,1.1007914543151855,0.0,1.0,-0.028804659843444824,0.0,True
5,irregular,42,128,0.0,query,test,0.08,2.4,0.06,0.007639957591891289,0.09951222687959671,1.11805260181427,0.0,0.8148437738418579,0.004161953926086426,0.0003743687702808529,True
5,irregular,42,128,0.0,query,test,0.08,2.4,0.12,0.007512570358812809,0.09867911040782928,1.1180694103240967,0.0,0.8140624761581421,0.008257389068603516,0.0007481558131985366,True
5,irregular,42,128,0.0,query,test,0.08,2.4,0.24,0.007308904081583023,0.09733232110738754,1.1173686981201172,0.0,0.8218749761581421,0.01612091064453125,0.0014337419997900724,True
5,irregular,42,128,0.0,query,stress,0.005,0.6,0.06,0.0021601528860628605,0.06123054027557373,1.1306504011154175,0.0,1.0,-0.027513861656188965,0.0,True
5,irregular,42,128,0.0,query,stress,0.005,0.6,0.12,0.0021642367355525494,0.06128839775919914,1.1308304071426392,0.0,1.0,-0.06017160415649414,0.0,True
5,irregular,42,128,0.0,query,stress,0.005,0.6,0.24,0.0021479493007063866,0.06105734035372734,1.130843162536621,0.0,1.0,-0.06032001972198486,0.0,True
5,irregular,42,128,0.0,query,stress,0.005,1.2,0.06,0.00591276865452528,0.08677782118320465,1.1203439235687256,0.0,1.0,-0.0030007362365722656,0.0,True
5,irregular,42,128,0.0,query,stress,0.005,1.2,0.12,0.00591689720749855,0.08680811524391174,1.1205331087112427,0.0,1.0,-0.0069800615310668945,0.0,True
5,irregular,42,128,0.0,query,stress,0.005,1.2,0.24,0.005848354659974575,0.08630384504795074,1.120410680770874,0.0,1.0,-0.01901566982269287,0.0,True
5,irregular,42,128,0.0,query,stress,0.005,2.4,0.06,0.009962034411728382,0.10284465551376343,1.1193816661834717,0.0,0.8460937738418579,0.0021506547927856445,0.00012489361688494682,True
5,irregular,42,128,0.0,query,stress,0.005,2.4,0.12,0.00993453897535801,0.10270261764526367,1.11939537525177,0.0,0.8500000238418579,0.004273653030395508,0.00024885666789487004,True
5,irregular,42,128,0.0,query,stress,0.005,2.4,0.24,0.009832354262471199,0.10217306762933731,1.1187103986740112,0.0,0.8500000238418579,0.008381009101867676,0.0004610579344443977,True
5,irregular,42,128,0.0,query,stress,0.02,0.6,0.06,0.0020573963411152363,0.06037500128149986,1.1298530101776123,0.0,1.0,-0.021494626998901367,0.0,True
5,irregular,42,128,0.0,query,stress,0.02,0.6,0.12,0.0020613535307347775,0.060433030128479004,1.1300301551818848,0.0,1.0,-0.0482562780380249,0.0,True
5,irregular,42,128,0.0,query,stress,0.02,0.6,0.24,0.0020447270944714546,0.06018881872296333,1.13003671169281,0.0,1.0,-0.0484081506729126,0.0,True
5,irregular,42,128,0.0,query,stress,0.02,1.2,0.06,0.005544812418520451,0.0856853798031807,1.1197372674942017,0.0,0.996874988079071,0.001207590103149414,2.7976930141448975e-06,True
5,irregular,42,128,0.0,query,stress,0.02,1.2,0.12,0.00554884597659111,0.08571653813123703,1.1199235916137695,0.0,0.996874988079071,0.001818537712097168,5.68293035030365e-06,True
5,irregular,42,128,0.0,query,stress,0.02,1.2,0.24,0.005476132966578007,0.08515306562185287,1.119791030883789,0.0,1.0,-8.58306884765625e-06,0.0,True
5,irregular,42,128,0.0,query,stress,0.02,2.4,0.06,0.00945129245519638,0.10351553559303284,1.1193147897720337,0.0,0.711718738079071,0.0032682418823242188,0.0004414413997437805,True
5,irregular,42,128,0.0,query,stress,0.02,2.4,0.12,0.00941776018589735,0.10333173722028732,1.119328260421753,0.0,0.714062511920929,0.006543755531311035,0.0008802907541394234,True
5,irregular,42,128,0.0,query,stress,0.02,2.4,0.24,0.00930365826934576,0.10270387679338455,1.118643045425415,0.0,0.7093750238418579,0.012743473052978516,0.0017016783822327852,True
5,irregular,42,128,0.0,query,stress,0.08,0.6,0.06,0.001776403863914311,0.058158550411462784,1.1202949285507202,0.0,1.0,-0.009942770004272461,0.0,True
5,irregular,42,128,0.0,query,stress,0.08,0.6,0.12,0.0017800668720155954,0.05821848288178444,1.120455265045166,0.0,1.0,-0.02425706386566162,0.0,True
5,irregular,42,128,0.0,query,stress,0.08,0.6,0.24,0.0017633551033213735,0.05794455111026764,1.1204047203063965,0.0,1.0,-0.02440345287322998,0.0,True
5,irregular,42,128,0.0,query,stress,0.08,1.2,0.06,0.004802614450454712,0.08418531715869904,1.115797758102417,0.0,0.96875,0.003345966339111328,4.97752807859797e-05,True
5,irregular,42,128,0.0,query,stress,0.08,1.2,0.12,0.0048081399872899055,0.08423373103141785,1.1158114671707153,0.0,0.9750000238418579,0.006704092025756836,9.710155427455902e-05,True
5,irregular,42,128,0.0,query,stress,0.08,1.2,0.24,0.004739286843687296,0.08362843096256256,1.1151247024536133,0.0,0.9750000238418579,0.012639403343200684,0.00016656742081977427,True
5,irregular,42,128,0.0,query,stress,0.08,2.4,0.06,0.008335165679454803,0.10354786366224289,1.1188833713531494,0.0,0.6117187738418579,0.004132866859436035,0.000689412176143378,True
5,irregular,42,128,0.0,query,stress,0.08,2.4,0.12,0.008289746940135956,0.10326535254716873,1.118897795677185,0.0,0.6171875,0.008197784423828125,0.0013769709039479494,True
5,irregular,42,128,0.0,query,stress,0.08,2.4,0.24,0.008140448480844498,0.10233122110366821,1.1182056665420532,0.0,0.621874988079071,0.016033291816711426,0.0026682058814913034,True
6,irregular,42,128,0.01,autonomous,test,0.005,0.6,0.06,0.0006827372126281261,0.04413113370537758,1.0568207502365112,0.0,1.0,-0.015064835548400879,0.0,True
6,irregular,42,128,0.01,autonomous,test,0.005,0.6,0.12,0.0006832933286204934,0.04414910450577736,1.056789755821228,0.0,1.0,-0.03207758069038391,0.0,True
6,irregular,42,128,0.01,autonomous,test,0.005,0.6,0.24,0.0006856598192825913,0.04422549158334732,1.056693434715271,0.0,1.0,-0.06867783516645432,0.0,True
6,irregular,42,128,0.01,autonomous,test,0.005,1.2,0.06,0.0029335685539990664,0.0685579851269722,1.1002013683319092,0.0,1.0,-0.01482856273651123,0.0,True
6,irregular,42,128,0.01,autonomous,test,0.005,1.2,0.12,0.002934314077720046,0.06856669485569,1.1001818180084229,0.0,1.0,-0.03142261505126953,0.0,True
6,irregular,42,128,0.01,autonomous,test,0.005,1.2,0.24,0.0029364638030529022,0.06859180331230164,1.100090503692627,0.0,1.0,-0.07106661796569824,0.0,True
6,irregular,42,128,0.01,autonomous,test,0.005,2.4,0.06,0.0074377888813614845,0.09026647359132767,1.111183524131775,0.0,0.9585937261581421,0.0018869638442993164,3.0593575502280146e-05,True
6,irregular,42,128,0.01,autonomous,test,0.005,2.4,0.12,0.007436142303049564,0.09025648236274719,1.1111838817596436,0.0,0.9609375,0.0037069320678710938,6.023980677127838e-05,True
6,irregular,42,128,0.01,autonomous,test,0.005,2.4,0.24,0.007427306845784187,0.09020284563302994,1.1111749410629272,0.0,0.96875,0.006674051284790039,0.00011096485104644671,True
6,irregular,42,128,0.01,autonomous,test,0.02,0.6,0.06,0.0006453862879425287,0.043296635150909424,1.0532267093658447,0.0,1.0,-0.012709826231002808,0.0,True
6,irregular,42,128,0.01,autonomous,test,0.02,0.6,0.12,0.0006459113792516291,0.04331424832344055,1.053194522857666,0.0,1.0,-0.026898741722106934,0.0,True
6,irregular,42,128,0.01,autonomous,test,0.02,0.6,0.24,0.0006481254240497947,0.04338842257857323,1.0530999898910522,0.0,1.0,-0.05339835584163666,0.0,True
6,irregular,42,128,0.01,autonomous,test,0.02,1.2,0.06,0.002680008765310049,0.06656531244516373,1.098642349243164,0.0,1.0,-0.006015658378601074,0.0,True
6,irregular,42,128,0.01,autonomous,test,0.02,1.2,0.12,0.002680361270904541,0.06656968593597412,1.0986201763153076,0.0,1.0,-0.013501405715942383,0.0,True
6,irregular,42,128,0.01,autonomous,test,0.02,1.2,0.24,0.0026812402065843344,0.06658060103654861,1.0985238552093506,0.0,1.0,-0.03418540954589844,0.0,True
6,irregular,42,128,0.01,autonomous,test,0.02,2.4,0.06,0.00690118782222271,0.08930499106645584,1.1110750436782837,0.0,0.899218738079071,0.003108382225036621,0.00014988593466114253,True
6,irregular,42,128,0.01,autonomous,test,0.02,2.4,0.12,0.006898641586303711,0.08928851783275604,1.1110738515853882,0.0,0.8999999761581421,0.0061959028244018555,0.0002955833333544433,True
6,irregular,42,128,0.01,autonomous,test,0.02,2.4,0.24,0.00688732136040926,0.0892152339220047,1.1110620498657227,0.0,0.909375011920929,0.012096762657165527,0.0005643907934427261,True
6,irregular,42,128,0.01,autonomous,test,0.08,0.6,0.06,0.0005424271803349257,0.04098745435476303,1.0403478145599365,0.0,1.0,-0.006257891654968262,0.0,True
6,irregular,42,128,0.01,autonomous,test,0.08,0.6,0.12,0.0005428924923762679,0.041005030274391174,1.0403170585632324,0.0,1.0,-0.013109743595123291,0.0,True
6,irregular,42,128,0.01,autonomous,test,0.08,0.6,0.24,0.0005447618896141648,0.04107556864619255,1.040230393409729,0.0,1.0,-0.024780184030532837,0.0,True
6,irregular,42,128,0.01,autonomous,test,0.08,1.2,0.06,0.002155635040253401,0.06256895512342453,1.0940485000610352,0.0,1.0,-0.006257891654968262,0.0,True
6,irregular,42,128,0.01,autonomous,test,0.08,1.2,0.12,0.0021556615829467773,0.06256934255361557,1.09402334690094,0.0,1.0,-0.013109743595123291,0.0,True
6,irregular,42,128,0.01,autonomous,test,0.08,1.2,0.24,0.002155324909836054,0.06256445497274399,1.0939116477966309,0.0,1.0,-0.028738290071487427,0.0,True
6,irregular,42,128,0.01,autonomous,test,0.08,2.4,0.06,0.006222660653293133,0.08980882912874222,1.11031174659729,0.0,0.83203125,0.003400444984436035,0.0002754717133939266,True
6,irregular,42,128,0.01,autonomous,test,0.08,2.4,0.12,0.006220088806003332,0.08979026228189468,1.1103084087371826,0.0,0.8343750238418579,0.006788492202758789,0.0005457213264890015,True
6,irregular,42,128,0.01,autonomous,test,0.08,2.4,0.24,0.006208619102835655,0.08970744162797928,1.1102893352508545,0.0,0.8343750238418579,0.013156771659851074,0.0010633990168571472,True
6,irregular,42,128,0.01,autonomous,stress,0.005,0.6,0.06,0.0017946645384654403,0.055810704827308655,1.122954249382019,0.0,1.0,-0.02823173999786377,0.0,True
6,irregular,42,128,0.01,autonomous,stress,0.005,0.6,0.12,0.001794291427358985,0.05580490082502365,1.1229832172393799,0.0,1.0,-0.06089907884597778,0.0,True
6,irregular,42,128,0.01,autonomous,stress,0.005,0.6,0.24,0.0017938226228579879,0.05579761043190956,1.1230826377868652,0.0,1.0,-0.06088674068450928,0.0,True
6,irregular,42,128,0.01,autonomous,stress,0.005,1.2,0.06,0.004932463634759188,0.07925838977098465,1.1128735542297363,0.0,1.0,-0.003790140151977539,0.0,True
6,irregular,42,128,0.01,autonomous,stress,0.005,1.2,0.12,0.004930793307721615,0.07924496382474899,1.1128795146942139,0.0,1.0,-0.008643388748168945,0.0,True
6,irregular,42,128,0.01,autonomous,stress,0.005,1.2,0.24,0.00492225494235754,0.07917632907629013,1.1128969192504883,0.0,1.0,-0.022341489791870117,0.0,True
6,irregular,42,128,0.01,autonomous,stress,0.005,2.4,0.06,0.008346498012542725,0.09413688629865646,1.111667275428772,0.0,0.8804687261581421,0.0016895532608032227,7.736133557045832e-05,True
6,irregular,42,128,0.01,autonomous,stress,0.005,2.4,0.12,0.00834499578922987,0.09412840753793716,1.1116676330566406,0.0,0.878125011920929,0.003343939781188965,0.000152728141983971,True
6,irregular,42,128,0.01,autonomous,stress,0.005,2.4,0.24,0.008336669765412807,0.09408143907785416,1.111668586730957,0.0,0.887499988079071,0.006575226783752441,0.00029411353170871735,True
6,irregular,42,128,0.01,autonomous,stress,0.02,0.6,0.06,0.0017016713973134756,0.05490804836153984,1.1221576929092407,0.0,1.0,-0.022221088409423828,0.0,True
6,irregular,42,128,0.01,autonomous,stress,0.02,0.6,0.12,0.0017011844320222735,0.054900187999010086,1.1221847534179688,0.0,1.0,-0.04957377910614014,0.0,True
6,irregular,42,128,0.01,autonomous,stress,0.02,0.6,0.24,0.0017004874534904957,0.05488894134759903,1.122279167175293,0.0,1.0,-0.049585700035095215,0.0,True
6,irregular,42,128,0.01,autonomous,stress,0.02,1.2,0.06,0.004587151110172272,0.07793540507555008,1.1118824481964111,0.0,0.9984375238418579,0.00044286251068115234,6.919726729393005e-07,True
6,irregular,42,128,0.01,autonomous,stress,0.02,1.2,0.12,0.00458486657589674,0.07791599631309509,1.111886739730835,0.0,0.996874988079071,0.00020015239715576172,6.254762183743878e-07,True
6,irregular,42,128,0.01,autonomous,stress,0.02,1.2,0.24,0.004574832506477833,0.07783069461584091,1.1118923425674438,0.0,1.0,-0.003273606300354004,0.0,True
6,irregular,42,128,0.01,autonomous,stress,0.02,2.4,0.06,0.00788142904639244,0.094528429210186,1.1115977764129639,0.0,0.7320312261581421,0.002614617347717285,0.0003331218031235039,True
6,irregular,42,128,0.01,autonomous,stress,0.02,2.4,0.12,0.007879119366407394,0.09451457113027573,1.1115994453430176,0.0,0.7328125238418579,0.00521695613861084,0.0006633548182435334,True
6,irregular,42,128,0.01,autonomous,stress,0.02,2.4,0.24,0.007868767715990543,0.09445246309041977,1.1115987300872803,0.0,0.7406250238418579,0.010265231132507324,0.0012883052695542574,True
6,irregular,42,128,0.01,autonomous,stress,0.08,0.6,0.06,0.0014532679924741387,0.05260361358523369,1.1126294136047363,0.0,1.0,-0.01066887378692627,0.0,True
6,irregular,42,128,0.01,autonomous,stress,0.08,0.6,0.12,0.0014527689199894667,0.05259457603096962,1.1126432418823242,0.0,1.0,-0.025597810745239258,0.0,True
6,irregular,42,128,0.01,autonomous,stress,0.08,0.6,0.24,0.0014517665840685368,0.05257643386721611,1.1126923561096191,0.0,1.0,-0.025614142417907715,0.0,True
6,irregular,42,128,0.01,autonomous,stress,0.08,1.2,0.06,0.003930171485990286,0.07615584135055542,1.1083440780639648,0.0,0.9781249761581421,0.00272369384765625,3.071445826208219e-05,True
6,irregular,42,128,0.01,autonomous,stress,0.08,1.2,0.12,0.0039277211762964725,0.07613210380077362,1.1083399057388306,0.0,0.9781249761581421,0.005376935005187988,5.959235204500146e-05,True
6,irregular,42,128,0.01,autonomous,stress,0.08,1.2,0.24,0.003916920628398657,0.07602735608816147,1.1083124876022339,0.0,0.981249988079071,0.009903907775878906,9.870975918602198e-05,True
6,irregular,42,128,0.01,autonomous,stress,0.08,2.4,0.06,0.00690724141895771,0.09426192939281464,1.111156702041626,0.0,0.6312500238418579,0.0033593177795410156,0.0005439997185021639,True
6,irregular,42,128,0.01,autonomous,stress,0.08,2.4,0.12,0.006904097739607096,0.09424047917127609,1.111156940460205,0.0,0.6343749761581421,0.006702899932861328,0.001082584960386157,True
6,irregular,42,128,0.01,autonomous,stress,0.08,2.4,0.24,0.006890014745295048,0.094144307076931,1.1111496686935425,0.0,0.637499988079071,0.012815713882446289,0.002123960992321372,True
7,irregular,42,128,0.01,query,test,0.005,0.6,0.06,0.0007138102082535625,0.04512421786785126,1.059037685394287,0.0,1.0,-0.015050828456878662,0.0,True
7,irregular,42,128,0.01,query,test,0.005,0.6,0.12,0.0007132260361686349,0.04510574787855148,1.05906343460083,0.0,1.0,-0.032050639390945435,0.0,True
7,irregular,42,128,0.01,query,test,0.005,0.6,0.24,0.0007122688111849129,0.045075468719005585,1.0585050582885742,0.0,1.0,-0.06857147067785263,0.0,True
7,irregular,42,128,0.01,query,test,0.005,1.2,0.06,0.0030752187594771385,0.07019366323947906,1.1029597520828247,0.0,1.0,-0.014631390571594238,0.0,True
7,irregular,42,128,0.01,query,test,0.005,1.2,0.12,0.003071364015340805,0.07014966011047363,1.1030335426330566,0.0,1.0,-0.031015396118164062,0.0,True
7,irregular,42,128,0.01,query,test,0.005,1.2,0.24,0.0030345600098371506,0.06972809135913849,1.1022334098815918,0.0,1.0,-0.07054519653320312,0.0,True
7,irregular,42,128,0.01,query,test,0.005,2.4,0.06,0.007799887098371983,0.09243761748075485,1.1140168905258179,0.0,0.95703125,0.002012968063354492,3.5611727071227506e-05,True
7,irregular,42,128,0.01,query,test,0.005,2.4,0.12,0.007788727525621653,0.09237146377563477,1.1141245365142822,0.0,0.956250011920929,0.0039615631103515625,7.019061740720645e-05,True
7,irregular,42,128,0.01,query,test,0.005,2.4,0.24,0.007666799705475569,0.09164559841156006,1.113444447517395,0.0,0.96875,0.006951808929443359,0.00011861771054100245,True
7,irregular,42,128,0.01,query,test,0.02,0.6,0.06,0.0006750712636858225,0.04428117349743843,1.055436611175537,0.0,1.0,-0.012695938348770142,0.0,True
7,irregular,42,128,0.01,query,test,0.02,0.6,0.12,0.0006744431448169053,0.04426056519150734,1.0554594993591309,0.0,1.0,-0.026872724294662476,0.0,True
7,irregular,42,128,0.01,query,test,0.02,0.6,0.24,0.0006732343463227153,0.04422088339924812,1.0548958778381348,0.0,1.0,-0.053314849734306335,0.0,True
7,irregular,42,128,0.01,query,test,0.02,1.2,0.06,0.0028139851056039333,0.06820885837078094,1.1014039516448975,0.0,1.0,-0.005793333053588867,0.0,True
7,irregular,42,128,0.01,query,test,0.02,1.2,0.12,0.0028096367605030537,0.06815613061189651,1.1014747619628906,0.0,1.0,-0.013074994087219238,0.0,True
7,irregular,42,128,0.01,query,test,0.02,1.2,0.24,0.00276863481849432,0.0676569938659668,1.1006582975387573,0.0,1.0,-0.03384435176849365,0.0,True
7,irregular,42,128,0.01,query,test,0.02,2.4,0.06,0.007251480594277382,0.09154342859983444,1.1139109134674072,0.0,0.893750011920929,0.0032769441604614258,0.00016646338917780668,True
7,irregular,42,128,0.01,query,test,0.02,2.4,0.12,0.007237727288156748,0.0914565697312355,1.114016056060791,0.0,0.8968750238418579,0.0065184831619262695,0.00032629986526444554,True
7,irregular,42,128,0.01,query,test,0.02,2.4,0.24,0.007099676877260208,0.09058016538619995,1.1133313179016113,0.0,0.909375011920929,0.012363314628601074,0.000586812209803611,True
7,irregular,42,128,0.01,query,test,0.08,0.6,0.06,0.000568028655834496,0.041943565011024475,1.042531967163086,0.0,1.0,-0.006244480609893799,0.0,True
7,irregular,42,128,0.01,query,test,0.08,0.6,0.12,0.0005673039704561234,0.041916798800230026,1.0425481796264648,0.0,1.0,-0.013087213039398193,0.0,True
7,irregular,42,128,0.01,query,test,0.08,0.6,0.24,0.0005657465662807226,0.0418592244386673,1.0419666767120361,0.0,1.0,-0.024739623069763184,0.0,True
7,irregular,42,128,0.01,query,test,0.08,1.2,0.06,0.00227161543443799,0.06423011422157288,1.096817135810852,0.0,1.0,-0.006102561950683594,0.0,True
7,irregular,42,128,0.01,query,test,0.08,1.2,0.12,0.002266745548695326,0.06416122615337372,1.0968791246414185,0.0,1.0,-0.013087213039398193,0.0,True
7,irregular,42,128,0.01,query,test,0.08,1.2,0.24,0.002222187351435423,0.06352747976779938,1.0960209369659424,0.0,1.0,-0.028640031814575195,0.0,True
7,irregular,42,128,0.01,query,test,0.08,2.4,0.06,0.006520469672977924,0.09193278104066849,1.113155722618103,0.0,0.827343761920929,0.0036011934280395508,0.00030075310496613383,True
7,irregular,42,128,0.01,query,test,0.08,2.4,0.12,0.006516714580357075,0.09190630912780762,1.1132577657699585,0.0,0.828125,0.0071364641189575195,0.0005931973573751748,True
7,irregular,42,128,0.01,query,test,0.08,2.4,0.24,0.006410634145140648,0.09115520119667053,1.1125545501708984,0.0,0.831250011920929,0.01368868350982666,0.0011013250332325697,True
7,irregular,42,128,0.01,query,stress,0.005,0.6,0.06,0.0018956015119329095,0.05735871195793152,1.1248642206192017,0.0,1.0,-0.028039932250976562,0.0,True
7,irregular,42,128,0.01,query,stress,0.005,0.6,0.12,0.00188980542588979,0.05727095156908035,1.1246209144592285,0.0,1.0,-0.060706496238708496,0.0,True
7,irregular,42,128,0.01,query,stress,0.005,0.6,0.24,0.001856769435107708,0.05676816403865814,1.1240260601043701,0.0,1.0,-0.06077301502227783,0.0,True
7,irregular,42,128,0.01,query,stress,0.005,1.2,0.06,0.005206875503063202,0.08143327385187149,1.1155977249145508,0.0,1.0,-0.0035718679428100586,0.0,True
7,irregular,42,128,0.01,query,stress,0.005,1.2,0.12,0.005192401818931103,0.08132001757621765,1.1157087087631226,0.0,1.0,-0.0082169771194458,0.0,True
7,irregular,42,128,0.01,query,stress,0.005,1.2,0.24,0.005065896548330784,0.08032328635454178,1.115088701248169,0.0,1.0,-0.021933436393737793,0.0,True
7,irregular,42,128,0.01,query,stress,0.005,2.4,0.06,0.008787543512880802,0.09659206122159958,1.1144932508468628,0.0,0.8687499761581421,0.0018045902252197266,8.820193033898249e-05,True
7,irregular,42,128,0.01,query,stress,0.005,2.4,0.12,0.00876837968826294,0.09648667275905609,1.11460280418396,0.0,0.871874988079071,0.0035430192947387695,0.00017328746616840363,True
7,irregular,42,128,0.01,query,stress,0.005,2.4,0.24,0.00859127938747406,0.09550730884075165,1.1139382123947144,0.0,0.8812500238418579,0.006758451461791992,0.0003126405063085258,True
7,irregular,42,128,0.01,query,stress,0.02,0.6,0.06,0.001798934186808765,0.05645543709397316,1.1240675449371338,0.0,1.0,-0.022033333778381348,0.0,True
7,irregular,42,128,0.01,query,stress,0.02,0.6,0.12,0.0017931134207174182,0.0563640296459198,1.1238211393356323,0.0,1.0,-0.04926145076751709,0.0,True
7,irregular,42,128,0.01,query,stress,0.02,0.6,0.24,0.001759857521392405,0.05583890527486801,1.1232208013534546,0.0,1.0,-0.04953956604003906,0.0,True
7,irregular,42,128,0.01,query,stress,0.02,1.2,0.06,0.004850432276725769,0.08014076948165894,1.1146106719970703,0.0,0.9984375238418579,0.0006563663482666016,1.0255723736918299e-06,True
7,irregular,42,128,0.01,query,stress,0.02,1.2,0.12,0.004835436120629311,0.08001679182052612,1.1147183179855347,0.0,0.996874988079071,0.0006164312362670898,1.9263475223851856e-06,True
7,irregular,42,128,0.01,query,stress,0.02,1.2,0.24,0.004704494960606098,0.07892594486474991,1.1140809059143066,0.0,1.0,-0.0028825998306274414,0.0,True
7,irregular,42,128,0.01,query,stress,0.02,2.4,0.06,0.00830166693776846,0.09701582044363022,1.1144267320632935,0.0,0.7265625,0.0027811527252197266,0.00036150822415947914,True
7,irregular,42,128,0.01,query,stress,0.02,2.4,0.12,0.008283043280243874,0.09690695255994797,1.1145353317260742,0.0,0.729687511920929,0.005480170249938965,0.0007172292098402977,True
7,irregular,42,128,0.01,query,stress,0.02,2.4,0.24,0.008108359761536121,0.09587965905666351,1.1138685941696167,0.0,0.737500011920929,0.010495543479919434,0.0013369906228035688,True
7,irregular,42,128,0.01,query,stress,0.08,0.6,0.06,0.0015395402442663908,0.05414249002933502,1.11452054977417,0.0,1.0,-0.010486841201782227,0.0,True
7,irregular,42,128,0.01,query,stress,0.08,0.6,0.12,0.0015341241378337145,0.05404717102646828,1.1142656803131104,0.0,1.0,-0.025292634963989258,0.0,True
7,irregular,42,128,0.01,query,stress,0.08,0.6,0.24,0.0015018305275589228,0.05347529426217079,1.1136175394058228,0.0,1.0,-0.025540709495544434,0.0,True
7,irregular,42,128,0.01,query,stress,0.08,1.2,0.06,0.004166681319475174,0.07841382175683975,1.1110820770263672,0.0,0.9781249761581421,0.0028988122940063477,3.507733345031738e-05,True
7,irregular,42,128,0.01,query,stress,0.08,1.2,0.12,0.004151783883571625,0.07827351987361908,1.1111781597137451,0.0,0.9750000238418579,0.005721569061279297,6.80472730891779e-05,True
7,irregular,42,128,0.01,query,stress,0.08,1.2,0.24,0.004023297689855099,0.07705282419919968,1.110488772392273,0.0,0.981249988079071,0.010255217552185059,0.00010481104254722595,True
7,irregular,42,128,0.01,query,stress,0.08,2.4,0.06,0.007274806499481201,0.09673747420310974,1.113991379737854,0.0,0.62890625,0.003557443618774414,0.0005833083996549249,True
7,irregular,42,128,0.01,query,stress,0.08,2.4,0.12,0.0072611295618116856,0.0966464951634407,1.1140981912612915,0.0,0.628125011920929,0.0070421695709228516,0.0011573040392249823,True
7,irregular,42,128,0.01,query,stress,0.08,2.4,0.24,0.007104889955371618,0.09560105949640274,1.1134182214736938,0.0,0.637499988079071,0.013071298599243164,0.002196116838604212,True
8,forced,42,128,0.0,autonomous,test,0.02,0.6,0.06,0.013069290667772293,0.19065207242965698,1.0740329027175903,0.0,1.0,-0.01320183277130127,0.0,False
8,forced,42,128,0.0,autonomous,test,0.02,0.6,0.12,0.013069499284029007,0.19065359234809875,1.0739965438842773,0.0,1.0,-0.02798593044281006,0.0,False
8,forced,42,128,0.0,autonomous,test,0.02,0.6,0.24,0.013070790097117424,0.19066299498081207,1.0738930702209473,0.0,1.0,-0.056080617010593414,0.0,False
8,forced,42,128,0.0,autonomous,test,0.02,1.2,0.06,0.014317767694592476,0.15336111187934875,1.1231019496917725,0.0,1.0,-0.00434565544128418,0.0,False
8,forced,42,128,0.0,autonomous,test,0.02,1.2,0.12,0.014315366744995117,0.15334826707839966,1.1230785846710205,0.0,1.0,-0.01001882553100586,0.0,False
8,forced,42,128,0.0,autonomous,test,0.02,1.2,0.24,0.014305203221738338,0.15329380333423615,1.1229708194732666,0.0,1.0,-0.02670001983642578,0.0,False
8,forced,42,128,0.0,autonomous,test,0.02,2.4,0.06,0.06718982756137848,0.27612271904945374,1.1354061365127563,0.0,0.846875011920929,0.004682302474975586,0.000308461778331548,False
8,forced,42,128,0.0,autonomous,test,0.02,2.4,0.12,0.0671757385134697,0.2760937511920929,1.1354048252105713,0.0,0.846875011920929,0.009250640869140625,0.000610670424066484,False
8,forced,42,128,0.0,autonomous,test,0.02,2.4,0.24,0.06711876392364502,0.27597662806510925,1.1353933811187744,0.0,0.846875011920929,0.01828134059906006,0.0011875536292791367,False
8,forced,42,128,0.0,autonomous,stress,0.02,0.6,0.06,0.010389624163508415,0.1354660838842392,1.1360726356506348,0.0,1.0,-0.020712852478027344,0.0,False
8,forced,42,128,0.0,autonomous,stress,0.02,0.6,0.12,0.010388773865997791,0.13546054065227509,1.1360738277435303,0.0,1.0,-0.04689908027648926,0.0,False
8,forced,42,128,0.0,autonomous,stress,0.02,0.6,0.24,0.010387109592556953,0.13544969260692596,1.1360771656036377,0.0,1.0,-0.04691147804260254,0.0,False
8,forced,42,128,0.0,autonomous,stress,0.02,1.2,0.06,0.011838149279356003,0.12537172436714172,1.1353098154067993,0.0,0.995312511920929,0.001917123794555664,6.039440449967515e-06,False
8,forced,42,128,0.0,autonomous,stress,0.02,1.2,0.12,0.01183396577835083,0.12534956634044647,1.135310411453247,0.0,0.9937499761581421,0.003274679183959961,1.0606274372548796e-05,False
8,forced,42,128,0.0,autonomous,stress,0.02,1.2,0.24,0.011816119775176048,0.1252550333738327,1.1353039741516113,0.0,0.9937499761581421,0.0033473968505859375,2.092123031616211e-05,False
8,forced,42,128,0.0,autonomous,stress,0.02,2.4,0.06,0.03663422912359238,0.20263579487800598,1.1358221769332886,0.0,0.680468738079071,0.0033578872680664062,0.0005596213741227984,False
8,forced,42,128,0.0,autonomous,stress,0.02,2.4,0.12,0.03662744164466858,0.20261703431606293,1.135824203491211,0.0,0.6796875,0.0067130327224731445,0.0011121490970253944,False
8,forced,42,128,0.0,autonomous,stress,0.02,2.4,0.24,0.03659861907362938,0.20253729820251465,1.1358227729797363,0.0,0.6781250238418579,0.013130426406860352,0.0022025653161108494,False
9,forced,42,128,0.0,query,test,0.02,0.6,0.06,0.012636490166187286,0.18746869266033173,1.0737624168395996,0.0,1.0,-0.013146430253982544,0.0,False
9,forced,42,128,0.0,query,test,0.02,0.6,0.12,0.012831980362534523,0.18891321122646332,1.0734777450561523,0.0,1.0,-0.027944356203079224,0.0,False
9,forced,42,128,0.0,query,test,0.02,0.6,0.24,0.013120338320732117,0.191024050116539,1.0725116729736328,0.0,1.0,-0.05595497786998749,0.0,False
9,forced,42,128,0.0,query,test,0.02,1.2,0.06,0.012963075190782547,0.1459256410598755,1.1225793361663818,0.0,1.0,-0.004783511161804199,0.0,False
9,forced,42,128,0.0,query,test,0.02,1.2,0.12,0.013533636927604675,0.14910247921943665,1.122187614440918,0.0,1.0,-0.010616898536682129,0.0,False
9,forced,42,128,0.0,query,test,0.02,1.2,0.24,0.014457677491009235,0.15410859882831573,1.1204630136489868,0.0,1.0,-0.027181029319763184,0.0,False
9,forced,42,128,0.0,query,test,0.02,2.4,0.06,0.06045813485980034,0.26192545890808105,1.1347633600234985,0.0,0.8617187738418579,0.004501819610595703,0.00026929733576253057,False
9,forced,42,128,0.0,query,test,0.02,2.4,0.12,0.06336131691932678,0.2681405246257782,1.134360432624817,0.0,0.8609374761581421,0.008951067924499512,0.0005559187266044319,False
9,forced,42,128,0.0,query,test,0.02,2.4,0.24,0.06810642033815384,0.27799972891807556,1.1327048540115356,0.0,0.846875011920929,0.017526865005493164,0.0011363771045580506,False
9,forced,42,128,0.0,query,stress,0.02,0.6,0.06,0.010113348253071308,0.13365282118320465,1.1355342864990234,0.0,1.0,-0.0210343599319458,0.0,False
9,forced,42,128,0.0,query,stress,0.02,0.6,0.12,0.010232564061880112,0.13443826138973236,1.1352049112319946,0.0,1.0,-0.047296762466430664,0.0,False
9,forced,42,128,0.0,query,stress,0.02,0.6,0.24,0.01036507822573185,0.1353059709072113,1.1343426704406738,0.0,1.0,-0.047084808349609375,0.0,False
9,forced,42,128,0.0,query,stress,0.02,1.2,0.06,0.010996074415743351,0.1208304911851883,1.1346832513809204,0.0,0.995312511920929,0.0015981197357177734,4.4247135519981384e-06,False
9,forced,42,128,0.0,query,stress,0.02,1.2,0.12,0.011308659799396992,0.12253587692975998,1.134295105934143,0.0,0.996874988079071,0.0027979612350463867,8.74362922331784e-06,False
9,forced,42,128,0.0,query,stress,0.02,1.2,0.24,0.011731786653399467,0.12480724602937698,1.132699728012085,0.0,0.9937499761581421,0.0027970075607299805,1.748129761836026e-05,False
9,forced,42,128,0.0,query,stress,0.02,2.4,0.06,0.03371190279722214,0.19438567757606506,1.1351721286773682,0.0,0.6890624761581421,0.0031578540802001953,0.0005057926173321903,False
9,forced,42,128,0.0,query,stress,0.02,2.4,0.12,0.034904271364212036,0.19779345393180847,1.1347718238830566,0.0,0.6875,0.006383657455444336,0.0010341524612158537,False
9,forced,42,128,0.0,query,stress,0.02,2.4,0.24,0.03673787787556648,0.20292223989963531,1.1331303119659424,0.0,0.6812499761581421,0.01262962818145752,0.0021127150394022465,False
10,forced,42,128,0.0,clock,test,0.02,0.6,0.06,0.0005624666810035706,0.03955158591270447,1.0607167482376099,0.0,1.0,-0.013712793588638306,0.0,False
10,forced,42,128,0.0,clock,test,0.02,0.6,0.12,0.0005627236096188426,0.03956061974167824,1.0606416463851929,0.0,1.0,-0.03095930814743042,0.0,False
10,forced,42,128,0.0,clock,test,0.02,0.6,0.24,0.0005643835756927729,0.039618927985429764,1.0605928897857666,0.0,1.0,-0.0518575981259346,0.0,False
10,forced,42,128,0.0,clock,test,0.02,1.2,0.06,0.002588040428236127,0.06520233303308487,1.0997856855392456,0.0,1.0,-0.009882688522338867,0.0,False
10,forced,42,128,0.0,clock,test,0.02,1.2,0.12,0.0025886271614581347,0.06520972400903702,1.0998177528381348,0.0,1.0,-0.021167278289794922,0.0,False
10,forced,42,128,0.0,clock,test,0.02,1.2,0.24,0.0025905261281877756,0.06523364037275314,1.0999512672424316,0.0,1.0,-0.046987295150756836,0.0,False
10,forced,42,128,0.0,clock,test,0.02,2.4,0.06,0.006352187134325504,0.08490084111690521,1.1418952941894531,0.0,0.875,0.01724684238433838,0.0006190882995724678,False
10,forced,42,128,0.0,clock,test,0.02,2.4,0.12,0.006349502131342888,0.08488290011882782,1.1419124603271484,0.0,0.8671875,0.033174991607666016,0.0012007763143628836,False
10,forced,42,128,0.0,clock,test,0.02,2.4,0.24,0.006337938364595175,0.08480557054281235,1.1419899463653564,0.0,0.875,0.0568537712097168,0.0022781628649681807,False
10,forced,42,128,0.0,clock,stress,0.02,0.6,0.06,0.0015514340484514832,0.052347663789987564,1.1376639604568481,0.0,1.0,-0.0214383602142334,0.0,False
10,forced,42,128,0.0,clock,stress,0.02,0.6,0.12,0.0015499858418479562,0.052323225885629654,1.1376324892044067,0.0,1.0,-0.04907912015914917,0.0,False
10,forced,42,128,0.0,clock,stress,0.02,0.6,0.24,0.0015472164377570152,0.05227645859122276,1.137690544128418,0.0,1.0,-0.049105286598205566,0.0,False
10,forced,42,128,0.0,clock,stress,0.02,1.2,0.06,0.004426312632858753,0.07666175067424774,1.1172033548355103,0.0,0.9921875,0.004611492156982422,1.4260224816098344e-05,False
10,forced,42,128,0.0,clock,stress,0.02,1.2,0.12,0.004423702135682106,0.07663914561271667,1.1172699928283691,0.0,0.996874988079071,0.005806565284729004,1.8145516150980256e-05,False
10,forced,42,128,0.0,clock,stress,0.02,1.2,0.24,0.0044123949483036995,0.07654113322496414,1.1175545454025269,0.0,0.9937499761581421,0.0015094280242919922,9.43392478802707e-06,False
10,forced,42,128,0.0,clock,stress,0.02,2.4,0.06,0.0072352890856564045,0.0900534987449646,1.142505168914795,0.0,0.7757812738418579,0.014742493629455566,0.0009055275586433709,False
10,forced,42,128,0.0,clock,stress,0.02,2.4,0.12,0.00723152793943882,0.09003008902072906,1.1425256729125977,0.0,0.784375011920929,0.028015613555908203,0.0017726203659549356,False
10,forced,42,128,0.0,clock,stress,0.02,2.4,0.24,0.007215132005512714,0.08992797136306763,1.1426161527633667,0.0,0.778124988079071,0.04821813106536865,0.0033722419757395983,False
11,irregular,123,16,0.0,autonomous,test,0.005,0.6,0.06,0.0005278927856124938,0.03880530968308449,1.0553137063980103,0.0,1.0,-0.015394091606140137,0.0,True
11,irregular,123,16,0.0,autonomous,test,0.005,0.6,0.12,0.0005283054197207093,0.03882047161459923,1.0552822351455688,0.0,1.0,-0.03280946612358093,0.0,True
11,irregular,123,16,0.0,autonomous,test,0.005,0.6,0.24,0.0005301242927089334,0.03888724371790886,1.0551841259002686,0.0,1.0,-0.07088020443916321,0.0,True
11,irregular,123,16,0.0,autonomous,test,0.005,1.2,0.06,0.002328555565327406,0.06108058616518974,1.0979642868041992,0.0,1.0,-0.015394091606140137,0.0,True
11,irregular,123,16,0.0,autonomous,test,0.005,1.2,0.12,0.002328854752704501,0.06108451634645462,1.0979450941085815,0.0,1.0,-0.03280946612358093,0.0,True
11,irregular,123,16,0.0,autonomous,test,0.005,1.2,0.24,0.002329218201339245,0.06108928471803665,1.0978553295135498,0.0,1.0,-0.07423508167266846,0.0,True
11,irregular,123,16,0.0,autonomous,test,0.005,2.4,0.06,0.006171926856040955,0.08222709596157074,1.1087533235549927,0.0,0.9671875238418579,0.0014460086822509766,2.1198857211857103e-05,True
11,irregular,123,16,0.0,autonomous,test,0.005,2.4,0.12,0.006170045118778944,0.08221455663442612,1.1087536811828613,0.0,0.9703124761581421,0.0028160810470581055,4.161260949331336e-05,True
11,irregular,123,16,0.0,autonomous,test,0.005,2.4,0.24,0.006160445511341095,0.08215057849884033,1.1087456941604614,0.0,0.96875,0.005250811576843262,7.624104910064489e-05,True
11,irregular,123,16,0.0,autonomous,test,0.02,0.6,0.06,0.0005006587598472834,0.03813425078988075,1.0517680644989014,0.0,1.0,-0.013008028268814087,0.0,True
11,irregular,123,16,0.0,autonomous,test,0.02,0.6,0.12,0.000501041067764163,0.03814880549907684,1.0517349243164062,0.0,1.0,-0.027553975582122803,0.0,True
11,irregular,123,16,0.0,autonomous,test,0.02,0.6,0.24,0.0005027327570132911,0.038213152438402176,1.0516383647918701,0.0,1.0,-0.055119939148426056,0.0,True
11,irregular,123,16,0.0,autonomous,test,0.02,1.2,0.06,0.0021545737981796265,0.05968436226248741,1.096433162689209,0.0,1.0,-0.006464362144470215,0.0,True
11,irregular,123,16,0.0,autonomous,test,0.02,1.2,0.12,0.002154529094696045,0.05968374013900757,1.0964112281799316,0.0,1.0,-0.014389276504516602,0.0,True
11,irregular,123,16,0.0,autonomous,test,0.02,1.2,0.24,0.002153877867385745,0.05967472493648529,1.0963141918182373,0.0,1.0,-0.035864830017089844,0.0,True
11,irregular,123,16,0.0,autonomous,test,0.02,2.4,0.06,0.005774425342679024,0.08168987184762955,1.1086472272872925,0.0,0.90234375,0.0027004480361938477,0.0001235087402164936,True
11,irregular,123,16,0.0,autonomous,test,0.02,2.4,0.12,0.005771789699792862,0.08167123049497604,1.1086450815200806,0.0,0.9046875238418579,0.005350351333618164,0.00024373215273953974,True
11,irregular,123,16,0.0,autonomous,test,0.02,2.4,0.24,0.005760226398706436,0.08158937096595764,1.1086344718933105,0.0,0.90625,0.010287165641784668,0.00046363286674022675,True
11,irregular,123,16,0.0,autonomous,test,0.08,0.6,0.06,0.0004234225198160857,0.0362132228910923,1.0390722751617432,0.0,1.0,-0.006440877914428711,0.0,True
11,irregular,123,16,0.0,autonomous,test,0.08,0.6,0.12,0.0004237597167957574,0.03622763976454735,1.0390400886535645,0.0,1.0,-0.013498753309249878,0.0,True
11,irregular,123,16,0.0,autonomous,test,0.08,0.6,0.24,0.0004251686332281679,0.0362878143787384,1.0389506816864014,0.0,1.0,-0.025532186031341553,0.0,True
11,irregular,123,16,0.0,autonomous,test,0.08,1.2,0.06,0.0017751618288457394,0.05677932873368263,1.0919321775436401,0.0,1.0,-0.006440877914428711,0.0,True
11,irregular,123,16,0.0,autonomous,test,0.08,1.2,0.12,0.0017749049002304673,0.05677521973848343,1.0919067859649658,0.0,1.0,-0.013498753309249878,0.0,True
11,irregular,123,16,0.0,autonomous,test,0.08,1.2,0.24,0.0017734337598085403,0.056751687079668045,1.0917953252792358,0.0,1.0,-0.0296095609664917,0.0,True
11,irregular,123,16,0.0,autonomous,test,0.08,2.4,0.06,0.00515296496450901,0.08172587305307388,1.1079057455062866,0.0,0.8382812738418579,0.003103971481323242,0.00022949985577724874,True
11,irregular,123,16,0.0,autonomous,test,0.08,2.4,0.12,0.005150293465703726,0.08170468360185623,1.1079026460647583,0.0,0.840624988079071,0.006119728088378906,0.0004550347221083939,True
11,irregular,123,16,0.0,autonomous,test,0.08,2.4,0.24,0.005138471722602844,0.08161085844039917,1.1078836917877197,0.0,0.840624988079071,0.012126326560974121,0.0008785456302575767,True
11,irregular,123,16,0.0,autonomous,stress,0.005,0.6,0.06,0.0014902881812304258,0.05085819959640503,1.1170523166656494,0.0,1.0,-0.028857946395874023,0.0,True
11,irregular,123,16,0.0,autonomous,stress,0.005,0.6,0.12,0.0014899029629305005,0.05085162818431854,1.1170662641525269,0.0,1.0,-0.061737895011901855,0.0,True
11,irregular,123,16,0.0,autonomous,stress,0.005,0.6,0.24,0.0014893014449626207,0.05084136128425598,1.117114543914795,0.0,1.0,-0.06172585487365723,0.0,True
11,irregular,123,16,0.0,autonomous,stress,0.005,1.2,0.06,0.0041335937567055225,0.07255664467811584,1.110524296760559,0.0,1.0,-0.0042231082916259766,0.0,True
11,irregular,123,16,0.0,autonomous,stress,0.005,1.2,0.12,0.004131908528506756,0.07254185527563095,1.1105296611785889,0.0,1.0,-0.009567856788635254,0.0,True
11,irregular,123,16,0.0,autonomous,stress,0.005,1.2,0.24,0.0041234055534005165,0.07246717065572739,1.110548973083496,0.0,1.0,-0.02442753314971924,0.0,True
11,irregular,123,16,0.0,autonomous,stress,0.005,2.4,0.06,0.0070526935160160065,0.08653368055820465,1.1092338562011719,0.0,0.8890625238418579,0.001263260841369629,5.5910273658810183e-05,True
11,irregular,123,16,0.0,autonomous,stress,0.005,2.4,0.12,0.00705117080360651,0.08652433753013611,1.1092339754104614,0.0,0.893750011920929,0.0025243759155273438,0.00011088382598245516,True
11,irregular,123,16,0.0,autonomous,stress,0.005,2.4,0.24,0.0070429411716759205,0.08647383004426956,1.1092346906661987,0.0,0.8968750238418579,0.00481414794921875,0.0002106048195855692,True
11,irregular,123,16,0.0,autonomous,stress,0.02,0.6,0.06,0.0014208019711077213,0.05017240718007088,1.1143872737884521,0.0,1.0,-0.02270221710205078,0.0,True
11,irregular,123,16,0.0,autonomous,stress,0.02,0.6,0.12,0.0014203083701431751,0.050163690000772476,1.1143962144851685,0.0,1.0,-0.05045640468597412,0.0,True
11,irregular,123,16,0.0,autonomous,stress,0.02,0.6,0.24,0.001419516745954752,0.05014970898628235,1.1144285202026367,0.0,1.0,-0.05047166347503662,0.0,True
11,irregular,123,16,0.0,autonomous,stress,0.02,1.2,0.06,0.003885166719555855,0.07172460108995438,1.1095361709594727,0.0,1.0,-2.4199485778808594e-05,0.0,True
11,irregular,123,16,0.0,autonomous,stress,0.02,1.2,0.12,0.0038829436525702477,0.07170407474040985,1.1095402240753174,0.0,1.0,-0.0007679462432861328,0.0,True
11,irregular,123,16,0.0,autonomous,stress,0.02,1.2,0.24,0.00387322879396379,0.07161431759595871,1.1095472574234009,0.0,1.0,-0.005341291427612305,0.0,True
11,irregular,123,16,0.0,autonomous,stress,0.02,2.4,0.06,0.0066648563370108604,0.086927130818367,1.1091644763946533,0.0,0.7398437261581421,0.0020607709884643555,0.0002767077530734241,True
11,irregular,123,16,0.0,autonomous,stress,0.02,2.4,0.12,0.006662649568170309,0.08691273629665375,1.1091660261154175,0.0,0.7421875,0.004072785377502441,0.0005505336448550224,True
11,irregular,123,16,0.0,autonomous,stress,0.02,2.4,0.24,0.006652773357927799,0.08684829622507095,1.109165906906128,0.0,0.746874988079071,0.007853865623474121,0.0010728463530540466,True
11,irregular,123,16,0.0,autonomous,stress,0.08,0.6,0.06,0.0012270943261682987,0.04833722114562988,1.1056089401245117,0.0,1.0,-0.011062860488891602,0.0,True
11,irregular,123,16,0.0,autonomous,stress,0.08,0.6,0.12,0.0012265995610505342,0.048327475786209106,1.1056073904037476,0.0,1.0,-0.02627706527709961,0.0,True
11,irregular,123,16,0.0,autonomous,stress,0.08,0.6,0.24,0.0012255560141056776,0.0483069121837616,1.1055997610092163,0.0,1.0,-0.026296257972717285,0.0,True
11,irregular,123,16,0.0,autonomous,stress,0.08,1.2,0.06,0.0033589578233659267,0.07040438801050186,1.1060290336608887,0.0,0.981249988079071,0.0022433996200561523,2.03585259441752e-05,True
11,irregular,123,16,0.0,autonomous,stress,0.08,1.2,0.12,0.0033565983176231384,0.07037965953350067,1.1060237884521484,0.0,0.981249988079071,0.004379630088806152,3.929920421796851e-05,True
11,irregular,123,16,0.0,autonomous,stress,0.08,1.2,0.24,0.0033462592400610447,0.07027118653059006,1.1059980392456055,0.0,0.981249988079071,0.007777690887451172,6.482451863121241e-05,True
11,irregular,123,16,0.0,autonomous,stress,0.08,2.4,0.06,0.005847453139722347,0.08672960847616196,1.1087299585342407,0.0,0.6390625238418579,0.0026006698608398438,0.00045548361958935857,True
11,irregular,123,16,0.0,autonomous,stress,0.08,2.4,0.12,0.005844458006322384,0.08670739829540253,1.1087310314178467,0.0,0.6390625238418579,0.005140423774719238,0.0009065605700016022,True
11,irregular,123,16,0.0,autonomous,stress,0.08,2.4,0.24,0.005831107962876558,0.08660830557346344,1.1087234020233154,0.0,0.643750011920929,0.009516716003417969,0.001774784759618342,True
12,irregular,123,16,0.0,query,test,0.005,0.6,0.06,0.00048170186346396804,0.03706870973110199,1.036031723022461,0.0,1.0,-0.01600050926208496,0.0,True
12,irregular,123,16,0.0,query,test,0.005,0.6,0.12,0.0003800310078077018,0.03292515128850937,1.0342744588851929,0.0,1.0,-0.03401148319244385,0.0,True
12,irregular,123,16,0.0,query,test,0.005,0.6,0.24,0.00033208669628947973,0.03077825717628002,1.0417838096618652,0.0,1.0,-0.07373303174972534,0.0,True
12,irregular,123,16,0.0,query,test,0.005,1.2,0.06,0.0021450684871524572,0.05862468108534813,1.0914424657821655,0.0,1.0,-0.015406012535095215,0.0,True
12,irregular,123,16,0.0,query,test,0.005,1.2,0.12,0.0017748961690813303,0.05332690477371216,1.0808467864990234,0.0,1.0,-0.033780455589294434,0.0,True
12,irregular,123,16,0.0,query,test,0.005,1.2,0.24,0.0014713224954903126,0.048552755266427994,1.0850627422332764,0.0,1.0,-0.07506212592124939,0.0,True
12,irregular,123,16,0.0,query,test,0.005,2.4,0.06,0.005326508544385433,0.07638812810182571,1.1048884391784668,0.0,0.9750000238418579,0.0012905597686767578,1.2182630598545074e-05,True
12,irregular,123,16,0.0,query,test,0.005,2.4,0.12,0.004797117318958044,0.07249277085065842,1.0944108963012695,0.0,0.9765625,0.0020568370819091797,1.8899143469752744e-05,True
12,irregular,123,16,0.0,query,test,0.005,2.4,0.24,0.00394638255238533,0.06575126945972443,1.095302939414978,0.0,0.984375,0.0025762319564819336,1.5633926523150876e-05,True
12,irregular,123,16,0.0,query,test,0.02,0.6,0.06,0.00046014657709747553,0.0365588404238224,1.0332887172698975,0.0,1.0,-0.013562500476837158,0.0,True
12,irregular,123,16,0.0,query,test,0.02,0.6,0.12,0.00036150243249721825,0.0324040986597538,1.0307729244232178,0.0,1.0,-0.028639644384384155,0.0,True
12,irregular,123,16,0.0,query,test,0.02,0.6,0.24,0.00031505050719715655,0.030250627547502518,1.0383265018463135,0.0,1.0,-0.05752912908792496,0.0,True
12,irregular,123,16,0.0,query,test,0.02,1.2,0.06,0.0020126202143728733,0.057684723287820816,1.090242624282837,0.0,1.0,-0.006577014923095703,0.0,True
12,irregular,123,16,0.0,query,test,0.02,1.2,0.12,0.0016583376564085484,0.05236201733350754,1.0796043872833252,0.0,1.0,-0.015280723571777344,0.0,True
12,irregular,123,16,0.0,query,test,0.02,1.2,0.24,0.0013632263289764524,0.047474879771471024,1.083556056022644,0.0,1.0,-0.04099881649017334,0.0,True
12,irregular,123,16,0.0,query,test,0.02,2.4,0.06,0.005088463891297579,0.07668442279100418,1.1048136949539185,0.0,0.914843738079071,0.0023818016052246094,8.414890908170491e-05,True
12,irregular,123,16,0.0,query,test,0.02,2.4,0.12,0.004498636815696955,0.07210315763950348,1.0943279266357422,0.0,0.917187511920929,0.004191160202026367,0.0001555919589009136,True
12,irregular,123,16,0.0,query,test,0.02,2.4,0.24,0.0036850301548838615,0.06525808572769165,1.0951917171478271,0.0,0.934374988079071,0.007065773010253906,0.00019939281628467143,True
12,irregular,123,16,0.0,query,test,0.08,0.6,0.06,0.0003982479393016547,0.035120200365781784,1.0240956544876099,0.0,1.0,-0.006802409887313843,0.0,True
12,irregular,123,16,0.0,query,test,0.08,0.6,0.12,0.00030785202397964895,0.03087814524769783,1.018262505531311,0.0,1.0,-0.014177918434143066,0.0,True
12,irregular,123,16,0.0,query,test,0.08,0.6,0.24,0.00026645511388778687,0.028727130964398384,1.025967001914978,0.0,1.0,-0.026869475841522217,0.0,True
12,irregular,123,16,0.0,query,test,0.08,1.2,0.06,0.0017198491841554642,0.05588772892951965,1.0865510702133179,0.0,1.0,-0.006735682487487793,0.0,True
12,irregular,123,16,0.0,query,test,0.08,1.2,0.12,0.001387150026857853,0.05019182711839676,1.0757957696914673,0.0,1.0,-0.014177918434143066,0.0,True
12,irregular,123,16,0.0,query,test,0.08,1.2,0.24,0.0011291960254311562,0.045285165309906006,1.0791468620300293,0.0,1.0,-0.030043751001358032,0.0,True
12,irregular,123,16,0.0,query,test,0.08,2.4,0.06,0.004863059148192406,0.0793936476111412,1.1044127941131592,0.0,0.8492187261581421,0.002684473991394043,0.0001647734025027603,True
12,irregular,123,16,0.0,query,test,0.08,2.4,0.12,0.0040250374004244804,0.07222972065210342,1.0938904285430908,0.0,0.8515625,0.004632115364074707,0.0003081580507569015,True
12,irregular,123,16,0.0,query,test,0.08,2.4,0.24,0.003302603028714657,0.06542731821537018,1.0944485664367676,0.0,0.871874988079071,0.008095741271972656,0.0004222523421049118,True
12,irregular,123,16,0.0,query,stress,0.005,0.6,0.06,0.0013641971163451672,0.04865914210677147,1.1196832656860352,0.0,1.0,-0.029016613960266113,0.0,True
12,irregular,123,16,0.0,query,stress,0.005,0.6,0.12,0.0011611871886998415,0.04489282891154289,1.1113992929458618,0.0,1.0,-0.06356918811798096,0.0,True
12,irregular,123,16,0.0,query,stress,0.005,0.6,0.24,0.0009688722202554345,0.04100710526108742,1.1025296449661255,0.0,1.0,-0.06479799747467041,0.0,True
12,irregular,123,16,0.0,query,stress,0.005,1.2,0.06,0.003482334315776825,0.06659606099128723,1.1079566478729248,0.0,1.0,-0.004848599433898926,0.0,True
12,irregular,123,16,0.0,query,stress,0.005,1.2,0.12,0.0031023984774947166,0.0628582239151001,1.0980045795440674,0.0,1.0,-0.011072993278503418,0.0,True
12,irregular,123,16,0.0,query,stress,0.005,1.2,0.24,0.002634911797940731,0.057929039001464844,1.0975922346115112,0.0,1.0,-0.029631972312927246,0.0,True
12,irregular,123,16,0.0,query,stress,0.005,2.4,0.06,0.005668464116752148,0.07757832109928131,1.1054686307907104,0.0,0.9203125238418579,0.0013315677642822266,3.753593045985326e-05,True
12,irregular,123,16,0.0,query,stress,0.005,2.4,0.12,0.005240250378847122,0.0745905265212059,1.0950546264648438,0.0,0.9234374761581421,0.0020592212677001953,6.208289414644241e-05,True
12,irregular,123,16,0.0,query,stress,0.005,2.4,0.24,0.004587994888424873,0.0697941705584526,1.0957976579666138,0.0,0.9468749761581421,0.002193927764892578,5.990825593471527e-05,True
12,irregular,123,16,0.0,query,stress,0.02,0.6,0.06,0.0013119534123688936,0.048212241381406784,1.1189254522323608,0.0,1.0,-0.022757291793823242,0.0,True
12,irregular,123,16,0.0,query,stress,0.02,0.6,0.12,0.0011136210523545742,0.044418804347515106,1.1106302738189697,0.0,1.0,-0.05113387107849121,0.0,True
12,irregular,123,16,0.0,query,stress,0.02,0.6,0.24,0.0009237127378582954,0.04045448079705238,1.099881649017334,0.0,1.0,-0.0523834228515625,0.0,True
12,irregular,123,16,0.0,query,stress,0.02,1.2,0.06,0.0033143311738967896,0.06624624133110046,1.10740065574646,0.0,1.0,-0.0006718635559082031,0.0,True
12,irregular,123,16,0.0,query,stress,0.02,1.2,0.12,0.0029374961741268635,0.062366582453250885,1.097423791885376,0.0,1.0,-0.0022977590560913086,0.0,True
12,irregular,123,16,0.0,query,stress,0.02,1.2,0.24,0.0024750318843871355,0.05724712461233139,1.09659743309021,0.0,1.0,-0.010517477989196777,0.0,True
12,irregular,123,16,0.0,query,stress,0.02,2.4,0.06,0.005617709364742041,0.07980673760175705,1.1054009199142456,0.0,0.765625,0.002163410186767578,0.00019612089090514928,True
12,irregular,123,16,0.0,query,stress,0.02,2.4,0.12,0.00500872079282999,0.07535696029663086,1.094980239868164,0.0,0.765625,0.0036045312881469727,0.0003716062637977302,True
12,irregular,123,16,0.0,query,stress,0.02,2.4,0.24,0.004343036562204361,0.07017084211111069,1.0957270860671997,0.0,0.784375011920929,0.0046520233154296875,0.0005495119839906693,True
12,irregular,123,16,0.0,query,stress,0.08,0.6,0.06,0.001166556146927178,0.0471297912299633,1.1098638772964478,0.0,1.0,-0.011077880859375,0.0,True
12,irregular,123,16,0.0,query,stress,0.08,0.6,0.12,0.000977634685114026,0.04314505308866501,1.101466178894043,0.0,1.0,-0.026813983917236328,0.0,True
12,irregular,123,16,0.0,query,stress,0.08,0.6,0.24,0.0007961145020090044,0.0389341302216053,1.0911865234375,0.0,1.0,-0.02802717685699463,0.0,True
12,irregular,123,16,0.0,query,stress,0.08,1.2,0.06,0.0029903913382440805,0.06642957776784897,1.103128433227539,0.0,0.984375,0.0017285346984863281,1.4062597983865999e-05,True
12,irregular,123,16,0.0,query,stress,0.08,1.2,0.12,0.0025779097341001034,0.061678145080804825,1.0929878950119019,0.0,0.987500011920929,0.003069758415222168,2.001337634283118e-05,True
12,irregular,123,16,0.0,query,stress,0.08,1.2,0.24,0.002131769899278879,0.05608769878745079,1.0930901765823364,0.0,0.9937499761581421,0.0031970739364624023,1.9981711375294253e-05,True
12,irregular,123,16,0.0,query,stress,0.08,2.4,0.06,0.005363735370337963,0.08306492120027542,1.1049240827560425,0.0,0.6625000238418579,0.002797245979309082,0.00033754101605154574,True
12,irregular,123,16,0.0,query,stress,0.08,2.4,0.12,0.004418333526700735,0.07538991421461105,1.094455599784851,0.0,0.6640625,0.0046541690826416016,0.0006383030558936298,True
12,irregular,123,16,0.0,query,stress,0.08,2.4,0.24,0.0038838114123791456,0.07068268954753876,1.0952837467193604,0.0,0.684374988079071,0.006471157073974609,0.0010049442062154412,True
13,irregular,123,16,0.01,autonomous,test,0.005,0.6,0.06,0.0004742464516311884,0.03678072988986969,1.0466293096542358,0.0,1.0,-0.01527443528175354,0.0,True
13,irregular,123,16,0.01,autonomous,test,0.005,0.6,0.12,0.0004746845515910536,0.03679771348834038,1.0465991497039795,0.0,1.0,-0.0325356125831604,0.0,True
13,irregular,123,16,0.01,autonomous,test,0.005,0.6,0.24,0.0004766051424667239,0.03687208145856857,1.0465047359466553,0.0,1.0,-0.06975948810577393,0.0,True
13,irregular,123,16,0.01,autonomous,test,0.005,1.2,0.06,0.002028312534093857,0.05700688809156418,1.087425708770752,0.0,1.0,-0.01527443528175354,0.0,True
13,irregular,123,16,0.01,autonomous,test,0.005,1.2,0.12,0.002028966788202524,0.05701608583331108,1.0874078273773193,0.0,1.0,-0.0325356125831604,0.0,True
13,irregular,123,16,0.01,autonomous,test,0.005,1.2,0.24,0.0020309218671172857,0.057043544948101044,1.0873212814331055,0.0,1.0,-0.07353194057941437,0.0,True
13,irregular,123,16,0.01,autonomous,test,0.005,2.4,0.06,0.0052724783308804035,0.07599971443414688,1.0980349779129028,0.0,0.977343738079071,0.001072525978088379,1.132013312599156e-05,True
13,irregular,123,16,0.01,autonomous,test,0.005,2.4,0.12,0.005271177738904953,0.07599034160375595,1.098036766052246,0.0,0.9781249761581421,0.0021282434463500977,2.1957792341709137e-05,True
13,irregular,123,16,0.01,autonomous,test,0.005,2.4,0.24,0.005264118779450655,0.07593943923711777,1.0980279445648193,0.0,0.9781249761581421,0.004038333892822266,4.252903090673499e-05,True
13,irregular,123,16,0.01,autonomous,test,0.02,0.6,0.06,0.0004483098746277392,0.03608556091785431,1.0430842638015747,0.0,1.0,-0.012900441884994507,0.0,True
13,irregular,123,16,0.01,autonomous,test,0.02,0.6,0.12,0.00044872722355648875,0.036102354526519775,1.0430526733398438,0.0,1.0,-0.027310997247695923,0.0,True
13,irregular,123,16,0.01,autonomous,test,0.02,0.6,0.24,0.00045052714995108545,0.03617468848824501,1.042959213256836,0.0,1.0,-0.054246678948402405,0.0,True
13,irregular,123,16,0.01,autonomous,test,0.02,1.2,0.06,0.001850394532084465,0.055311065167188644,1.0858633518218994,0.0,1.0,-0.007127881050109863,0.0,True
13,irregular,123,16,0.01,autonomous,test,0.02,1.2,0.12,0.0018507251515984535,0.0553160086274147,1.0858428478240967,0.0,1.0,-0.01575756072998047,0.0,True
13,irregular,123,16,0.01,autonomous,test,0.02,1.2,0.24,0.0018516142154112458,0.05532929301261902,1.0857499837875366,0.0,1.0,-0.038738250732421875,0.0,True
13,irregular,123,16,0.01,autonomous,test,0.02,2.4,0.06,0.004870589356869459,0.07502475380897522,1.0979219675064087,0.0,0.921093761920929,0.002146124839782715,8.322084613610059e-05,True
13,irregular,123,16,0.01,autonomous,test,0.02,2.4,0.12,0.004868542775511742,0.07500899583101273,1.0979195833206177,0.0,0.918749988079071,0.004235506057739258,0.0001642333372728899,True
13,irregular,123,16,0.01,autonomous,test,0.02,2.4,0.24,0.004859426524490118,0.07493872940540314,1.0979089736938477,0.0,0.925000011920929,0.008383750915527344,0.00031416601268574595,True
13,irregular,123,16,0.01,autonomous,test,0.08,0.6,0.06,0.00037682068068534136,0.034162335097789764,1.030395269393921,0.0,1.0,-0.006377488374710083,0.0,True
13,irregular,123,16,0.01,autonomous,test,0.08,0.6,0.12,0.0003771952469833195,0.034179311245679855,1.0303642749786377,0.0,1.0,-0.013361483812332153,0.0,True
13,irregular,123,16,0.01,autonomous,test,0.08,0.6,0.24,0.000378726574126631,0.03424862399697304,1.0302772521972656,0.0,1.0,-0.025175750255584717,0.0,True
13,irregular,123,16,0.01,autonomous,test,0.08,1.2,0.06,0.0014803119702264667,0.05184989795088768,1.0812761783599854,0.0,1.0,-0.006377488374710083,0.0,True
13,irregular,123,16,0.01,autonomous,test,0.08,1.2,0.12,0.0014803851954638958,0.05185117945075035,1.0812523365020752,0.0,1.0,-0.013361483812332153,0.0,True
13,irregular,123,16,0.01,autonomous,test,0.08,1.2,0.24,0.0014803134836256504,0.05184992402791977,1.08114492893219,0.0,1.0,-0.029289841651916504,0.0,True
13,irregular,123,16,0.01,autonomous,test,0.08,2.4,0.06,0.004332198761403561,0.07493507862091064,1.0971344709396362,0.0,0.8570312261581421,0.002434968948364258,0.00016351677186321467,True
13,irregular,123,16,0.01,autonomous,test,0.08,2.4,0.12,0.004330189432948828,0.07491769641637802,1.0971311330795288,0.0,0.8578125238418579,0.004855632781982422,0.00032449327409267426,True
13,irregular,123,16,0.01,autonomous,test,0.08,2.4,0.24,0.004321112297475338,0.07483913749456406,1.0971119403839111,0.0,0.856249988079071,0.009172797203063965,0.0006107367807999253,True
13,irregular,123,16,0.01,autonomous,stress,0.005,0.6,0.06,0.0012405386660248041,0.04640139266848564,1.1095380783081055,0.0,1.0,-0.029314517974853516,0.0,True
13,irregular,123,16,0.01,autonomous,stress,0.005,0.6,0.12,0.001240220619365573,0.046395443379879,1.109573245048523,0.0,1.0,-0.06197977066040039,0.0,True
13,irregular,123,16,0.01,autonomous,stress,0.005,0.6,0.24,0.0012397803366184235,0.0463872067630291,1.1096946001052856,0.0,1.0,-0.061969637870788574,0.0,True
13,irregular,123,16,0.01,autonomous,stress,0.005,1.2,0.06,0.003453789744526148,0.06632255762815475,1.100264072418213,0.0,1.0,-0.0048596858978271484,0.0,True
13,irregular,123,16,0.01,autonomous,stress,0.005,1.2,0.12,0.003452475182712078,0.06630992889404297,1.100271224975586,0.0,1.0,-0.010873198509216309,0.0,True
13,irregular,123,16,0.01,autonomous,stress,0.005,1.2,0.24,0.003445687936618924,0.06624472141265869,1.100295901298523,0.0,1.0,-0.02714669704437256,0.0,True
13,irregular,123,16,0.01,autonomous,stress,0.005,2.4,0.06,0.005977470427751541,0.07966478168964386,1.0985511541366577,0.0,0.917187511920929,0.0010561943054199219,3.393124643480405e-05,True
13,irregular,123,16,0.01,autonomous,stress,0.005,2.4,0.12,0.005976254120469093,0.079656682908535,1.0985513925552368,0.0,0.9203125238418579,0.002086162567138672,6.750915053999051e-05,True
13,irregular,123,16,0.01,autonomous,stress,0.005,2.4,0.24,0.005969521589577198,0.07961180061101913,1.098552942276001,0.0,0.918749988079071,0.003804802894592285,0.00012391134805511683,True
13,irregular,123,16,0.01,autonomous,stress,0.02,0.6,0.06,0.0011744010262191296,0.04561486095190048,1.1087443828582764,0.0,1.0,-0.023209452629089355,0.0,True
13,irregular,123,16,0.01,autonomous,stress,0.02,0.6,0.12,0.0011739905457943678,0.045606888830661774,1.108776569366455,0.0,1.0,-0.05133235454559326,0.0,True
13,irregular,123,16,0.01,autonomous,stress,0.02,0.6,0.24,0.0011733813444152474,0.04559505358338356,1.1088923215866089,0.0,1.0,-0.051348090171813965,0.0,True
13,irregular,123,16,0.01,autonomous,stress,0.02,1.2,0.06,0.0032036141492426395,0.06513034552335739,1.09925377368927,0.0,1.0,-0.000629425048828125,0.0,True
13,irregular,123,16,0.01,autonomous,stress,0.02,1.2,0.12,0.0032017934136092663,0.06511183828115463,1.0992586612701416,0.0,1.0,-0.0020221471786499023,0.0,True
13,irregular,123,16,0.01,autonomous,stress,0.02,1.2,0.24,0.0031937831081449986,0.06503033638000488,1.0992709398269653,0.0,1.0,-0.008002877235412598,0.0,True
13,irregular,123,16,0.01,autonomous,stress,0.02,2.4,0.06,0.0056133209727704525,0.07977556437253952,1.0984761714935303,0.0,0.766406238079071,0.0017962455749511719,0.00020544035942293704,True
13,irregular,123,16,0.01,autonomous,stress,0.02,2.4,0.12,0.005611469969153404,0.07976240664720535,1.0984784364700317,0.0,0.765625,0.0035430192947387695,0.0004082169325556606,True
13,irregular,123,16,0.01,autonomous,stress,0.02,2.4,0.24,0.0056031690910458565,0.07970339804887772,1.0984792709350586,0.0,0.762499988079071,0.006753683090209961,0.000792754057329148,True
13,irregular,123,16,0.01,autonomous,stress,0.08,0.6,0.06,0.0009968448430299759,0.043566882610321045,1.0992639064788818,0.0,1.0,-0.011602401733398438,0.0,True
13,irregular,123,16,0.01,autonomous,stress,0.08,0.6,0.12,0.0009964441414922476,0.04355812817811966,1.0992828607559204,0.0,1.0,-0.027252793312072754,0.0,True
13,irregular,123,16,0.01,autonomous,stress,0.08,0.6,0.24,0.0009956187568604946,0.04354008287191391,1.0993515253067017,0.0,1.0,-0.02727198600769043,0.0,True
13,irregular,123,16,0.01,autonomous,stress,0.08,1.2,0.06,0.002718468429520726,0.0633373111486435,1.0956697463989258,0.0,0.987500011920929,0.0017936229705810547,1.1990778148174286e-05,True
13,irregular,123,16,0.01,autonomous,stress,0.08,1.2,0.12,0.0027165240608155727,0.06331465393304825,1.0956661701202393,0.0,0.987500011920929,0.0034360885620117188,2.2804364562034607e-05,True
13,irregular,123,16,0.01,autonomous,stress,0.08,1.2,0.24,0.0027079309802502394,0.06321443617343903,1.0956454277038574,0.0,0.987500011920929,0.00571894645690918,3.630295395851135e-05,True
13,irregular,123,16,0.01,autonomous,stress,0.08,2.4,0.06,0.004869448021054268,0.07914507389068604,1.0980138778686523,0.0,0.6617187261581421,0.002268075942993164,0.0003560629265848547,True
13,irregular,123,16,0.01,autonomous,stress,0.08,2.4,0.12,0.0048669446259737015,0.07912472635507584,1.0980138778686523,0.0,0.660937488079071,0.004471302032470703,0.0007082093507051468,True
13,irregular,123,16,0.01,autonomous,stress,0.08,2.4,0.24,0.004855747800320387,0.07903365790843964,1.0980067253112793,0.0,0.659375011920929,0.008517742156982422,0.0013866245280951262,True
14,irregular,123,16,0.01,query,test,0.005,0.6,0.06,0.0003883076715283096,0.033281758427619934,1.025055170059204,0.0,1.0,-0.015677183866500854,0.0,True
14,irregular,123,16,0.01,query,test,0.005,0.6,0.12,0.00029960600659251213,0.029234357178211212,1.027958631515503,0.0,1.0,-0.033542126417160034,0.0,True
14,irregular,123,16,0.01,query,test,0.005,0.6,0.24,0.0002649615635164082,0.027492213994264603,1.0310468673706055,0.0,1.0,-0.07225529104471207,0.0,True
14,irregular,123,16,0.01,query,test,0.005,1.2,0.06,0.001861628028564155,0.05461430177092552,1.0728312730789185,0.0,1.0,-0.015677183866500854,0.0,True
14,irregular,123,16,0.01,query,test,0.005,1.2,0.12,0.0013780428562313318,0.04698846489191055,1.0680689811706543,0.0,1.0,-0.033542126417160034,0.0,True
14,irregular,123,16,0.01,query,test,0.005,1.2,0.24,0.0011745973024517298,0.04338148236274719,1.0693848133087158,0.0,1.0,-0.07517074048519135,0.0,True
14,irregular,123,16,0.01,query,test,0.005,2.4,0.06,0.00793327484279871,0.0932246595621109,1.0864375829696655,0.0,0.99609375,0.0004475116729736328,1.0916031669694348e-06,True
14,irregular,123,16,0.01,query,test,0.005,2.4,0.12,0.00461580790579319,0.07110963016748428,1.0816478729248047,0.0,0.9937499761581421,0.000807642936706543,2.8286128781473963e-06,True
14,irregular,123,16,0.01,query,test,0.005,2.4,0.24,0.003542689373716712,0.06229756772518158,1.0792325735092163,0.0,0.996874988079071,0.0014530420303344727,4.540756435744697e-06,True
14,irregular,123,16,0.01,query,test,0.02,0.6,0.06,0.0003708925796672702,0.032822251319885254,1.0215976238250732,0.0,1.0,-0.013249844312667847,0.0,True
14,irregular,123,16,0.01,query,test,0.02,0.6,0.12,0.00028453647973947227,0.028748374432325363,1.0245052576065063,0.0,1.0,-0.02819618582725525,0.0,True
14,irregular,123,16,0.01,query,test,0.02,0.6,0.24,0.00025051538250409067,0.026975002139806747,1.027600884437561,0.0,1.0,-0.05629388988018036,0.0,True
14,irregular,123,16,0.01,query,test,0.02,1.2,0.06,0.0017016853671520948,0.05304194986820221,1.0715548992156982,0.0,1.0,-0.007791399955749512,0.0,True
14,irregular,123,16,0.01,query,test,0.02,1.2,0.12,0.001262841746211052,0.04569349065423012,1.0667822360992432,0.0,1.0,-0.01731550693511963,0.0,True
14,irregular,123,16,0.01,query,test,0.02,1.2,0.24,0.0010725816246122122,0.042110953480005264,1.0678441524505615,0.0,1.0,-0.04377186298370361,0.0,True
14,irregular,123,16,0.01,query,test,0.02,2.4,0.06,0.006176499649882317,0.08448605984449387,1.0863488912582397,0.0,0.9398437738418579,0.001586318016052246,3.978349195676856e-05,True
14,irregular,123,16,0.01,query,test,0.02,2.4,0.12,0.00393150607123971,0.06740518659353256,1.0815551280975342,0.0,0.940625011920929,0.002940654754638672,7.680598355364054e-05,True
14,irregular,123,16,0.01,query,test,0.02,2.4,0.24,0.0031181643716990948,0.06002930924296379,1.079111933708191,0.0,0.953125,0.004479646682739258,0.00010461844794917852,True
14,irregular,123,16,0.01,query,test,0.08,0.6,0.06,0.0003241424565203488,0.031684596091508865,1.0092501640319824,0.0,1.0,-0.0065284669399261475,0.0,True
14,irregular,123,16,0.01,query,test,0.08,0.6,0.12,0.00024303507234435529,0.02743561379611492,1.0121707916259766,0.0,1.0,-0.013821989297866821,0.0,True
14,irregular,123,16,0.01,query,test,0.08,0.6,0.24,0.00021023364388383925,0.02551710233092308,1.0152885913848877,0.0,1.0,-0.026250094175338745,0.0,True
14,irregular,123,16,0.01,query,test,0.08,1.2,0.06,0.0013949519488960505,0.05033278092741966,1.0676363706588745,0.0,1.0,-0.0065284669399261475,0.0,True
14,irregular,123,16,0.01,query,test,0.08,1.2,0.12,0.0010223549325019121,0.04308956861495972,1.0628387928009033,0.0,1.0,-0.013821989297866821,0.0,True
14,irregular,123,16,0.01,query,test,0.08,1.2,0.24,0.0008559344569221139,0.03942680358886719,1.063342571258545,0.0,1.0,-0.030328571796417236,0.0,True
14,irregular,123,16,0.01,query,test,0.08,2.4,0.06,0.004446268081665039,0.07591520994901657,1.085875153541565,0.0,0.882031261920929,0.0017720460891723633,8.565820462536067e-05,True
14,irregular,123,16,0.01,query,test,0.08,2.4,0.12,0.003092576516792178,0.06331275403499603,1.081070899963379,0.0,0.887499988079071,0.0032279491424560547,0.0001648249162826687,True
14,irregular,123,16,0.01,query,test,0.08,2.4,0.24,0.00274553126655519,0.05965463072061539,1.0783069133758545,0.0,0.903124988079071,0.005367159843444824,0.00024519936414435506,True
14,irregular,123,16,0.01,query,stress,0.005,0.6,0.06,0.0008866946445778012,0.039229512214660645,1.1050703525543213,0.0,1.0,-0.0299912691116333,0.0,True
14,irregular,123,16,0.01,query,stress,0.005,0.6,0.12,0.0008056754595600069,0.03739434480667114,1.1013215780258179,0.0,1.0,-0.06360626220703125,0.0,True
14,irregular,123,16,0.01,query,stress,0.005,0.6,0.24,0.0007125604315660894,0.035167112946510315,1.0954548120498657,0.0,1.0,-0.06451970338821411,0.0,True
14,irregular,123,16,0.01,query,stress,0.005,1.2,0.06,0.0025201733224093914,0.05665373057126999,1.0904288291931152,0.0,1.0,-0.005763411521911621,0.0,True
14,irregular,123,16,0.01,query,stress,0.005,1.2,0.12,0.0022423621267080307,0.05343996733427048,1.0858969688415527,0.0,1.0,-0.012795567512512207,0.0,True
14,irregular,123,16,0.01,query,stress,0.005,1.2,0.24,0.0019508814439177513,0.04984581843018532,1.0822350978851318,0.0,1.0,-0.03245282173156738,0.0,True
14,irregular,123,16,0.01,query,stress,0.005,2.4,0.06,0.005300684366375208,0.07501941174268723,1.0871272087097168,0.0,0.9609375,0.0007510185241699219,1.141401025961386e-05,True
14,irregular,123,16,0.01,query,stress,0.005,2.4,0.12,0.0041694678366184235,0.06653466820716858,1.0823651552200317,0.0,0.9609375,0.001280069351196289,2.1623820430249907e-05,True
14,irregular,123,16,0.01,query,stress,0.005,2.4,0.24,0.003590997075662017,0.061746902763843536,1.0797730684280396,0.0,0.9624999761581421,0.0014780759811401367,2.5228411686839536e-05,True
14,irregular,123,16,0.01,query,stress,0.02,0.6,0.06,0.0008401842787861824,0.03858206048607826,1.1042981147766113,0.0,1.0,-0.023748040199279785,0.0,True
14,irregular,123,16,0.01,query,stress,0.02,0.6,0.12,0.0007650036714039743,0.03681543469429016,1.1005438566207886,0.0,1.0,-0.052416443824768066,0.0,True
14,irregular,123,16,0.01,query,stress,0.02,0.6,0.24,0.0006743281264789402,0.0345647819340229,1.094660997390747,0.0,1.0,-0.0531010627746582,0.0,True
14,irregular,123,16,0.01,query,stress,0.02,1.2,0.06,0.002296023303642869,0.055138055235147476,1.089835524559021,0.0,1.0,-0.001528620719909668,0.0,True
14,irregular,123,16,0.01,query,stress,0.02,1.2,0.12,0.002075165044516325,0.05241910740733147,1.0852919816970825,0.0,1.0,-0.0039588212966918945,0.0,True
14,irregular,123,16,0.01,query,stress,0.02,1.2,0.24,0.0018017810070887208,0.0488443449139595,1.0812129974365234,0.0,1.0,-0.013281464576721191,0.0,True
14,irregular,123,16,0.01,query,stress,0.02,2.4,0.06,0.004933283664286137,0.07478732615709305,1.08704674243927,0.0,0.803906261920929,0.001371622085571289,0.00011145994358230382,True
14,irregular,123,16,0.01,query,stress,0.02,2.4,0.12,0.003904308658093214,0.06653222441673279,1.0822832584381104,0.0,0.8031250238418579,0.002513289451599121,0.00021592024131678045,True
14,irregular,123,16,0.01,query,stress,0.02,2.4,0.24,0.003346684854477644,0.06159810349345207,1.0796962976455688,0.0,0.8218749761581421,0.0037840604782104492,0.0003407865879125893,True
14,irregular,123,16,0.01,query,stress,0.08,0.6,0.06,0.0007158643566071987,0.036919694393873215,1.0950827598571777,0.0,1.0,-0.0120927095413208,0.0,True
14,irregular,123,16,0.01,query,stress,0.08,0.6,0.12,0.0006534699350595474,0.03527406230568886,1.091294765472412,0.0,1.0,-0.028208255767822266,0.0,True
14,irregular,123,16,0.01,query,stress,0.08,0.6,0.24,0.0005699940957129002,0.03294411674141884,1.085262417793274,0.0,1.0,-0.028821825981140137,0.0,True
14,irregular,123,16,0.01,query,stress,0.08,1.2,0.06,0.001922616851516068,0.05326523631811142,1.0852876901626587,0.0,0.9921875,0.0010173320770263672,3.7569552659988403e-06,True
14,irregular,123,16,0.01,query,stress,0.08,1.2,0.12,0.0017576985992491245,0.05092953145503998,1.0806857347488403,0.0,0.9937499761581421,0.0017261505126953125,6.6973270804737695e-06,True
14,irregular,123,16,0.01,query,stress,0.08,1.2,0.24,0.0015019350685179234,0.04707854613661766,1.0776170492172241,0.0,0.9937499761581421,0.0010455846786499023,6.534904059662949e-06,True
14,irregular,123,16,0.01,query,stress,0.08,2.4,0.06,0.003529283218085766,0.0673794150352478,1.0864850282669067,0.0,0.6953125,0.0017769336700439453,0.00020986674644518644,True
14,irregular,123,16,0.01,query,stress,0.08,2.4,0.12,0.003117775311693549,0.0633295476436615,1.0817018747329712,0.0,0.6953125,0.003206968307495117,0.0004072442534379661,True
14,irregular,123,16,0.01,query,stress,0.08,2.4,0.24,0.0028822720050811768,0.06089077517390251,1.0792138576507568,0.0,0.7124999761581421,0.004658222198486328,0.0006706906715407968,True
15,irregular,123,128,0.0,autonomous,test,0.005,0.6,0.06,9.289231820730492e-05,0.01627826876938343,1.0158469676971436,0.0,1.0,-0.0161876380443573,0.0,True
15,irregular,123,128,0.0,autonomous,test,0.005,0.6,0.12,9.297021460952237e-05,0.016285091638565063,1.0158195495605469,0.0,1.0,-0.034560173749923706,0.0,True
15,irregular,123,128,0.0,autonomous,test,0.005,0.6,0.24,9.34452036744915e-05,0.01632663980126381,1.0157312154769897,0.0,1.0,-0.07523909211158752,0.0,True
15,irregular,123,128,0.0,autonomous,test,0.005,1.2,0.06,0.00047185199218802154,0.027495574206113815,1.047494888305664,0.0,1.0,-0.0161876380443573,0.0,True
15,irregular,123,128,0.0,autonomous,test,0.005,1.2,0.12,0.000471737002953887,0.027492225170135498,1.047479510307312,0.0,1.0,-0.034560173749923706,0.0,True
15,irregular,123,128,0.0,autonomous,test,0.005,1.2,0.24,0.00047088778228498995,0.02746746875345707,1.0474086999893188,0.0,1.0,-0.07840774953365326,0.0,True
15,irregular,123,128,0.0,autonomous,test,0.005,2.4,0.06,0.0015206467360258102,0.040814898908138275,1.0560681819915771,0.0,1.0,-1.430511474609375e-06,0.0,True
15,irregular,123,128,0.0,autonomous,test,0.005,2.4,0.12,0.0015195951564237475,0.0408007875084877,1.0560691356658936,0.0,1.0,-9.548664093017578e-05,0.0,True
15,irregular,123,128,0.0,autonomous,test,0.005,2.4,0.24,0.0015143956989049911,0.04073091968894005,1.0560582876205444,0.0,1.0,-0.0007445812225341797,0.0,True
15,irregular,123,128,0.0,autonomous,test,0.02,0.6,0.06,8.827105193631724e-05,0.016012290492653847,1.0125532150268555,0.0,1.0,-0.013731718063354492,0.0,True
15,irregular,123,128,0.0,autonomous,test,0.02,0.6,0.12,8.834218169795349e-05,0.016018740832805634,1.012524127960205,0.0,1.0,-0.02913457155227661,0.0,True
15,irregular,123,128,0.0,autonomous,test,0.02,0.6,0.24,8.87899223016575e-05,0.016059283167123795,1.012434720993042,0.0,1.0,-0.058644458651542664,0.0,True
15,irregular,123,128,0.0,autonomous,test,0.02,1.2,0.06,0.00044218217954039574,0.027038369327783585,1.0460377931594849,0.0,1.0,-0.008973360061645508,0.0,True
15,irregular,123,128,0.0,autonomous,test,0.02,1.2,0.12,0.00044195036753080785,0.02703128196299076,1.0460209846496582,0.0,1.0,-0.019499659538269043,0.0,True
15,irregular,123,128,0.0,autonomous,test,0.02,1.2,0.24,0.00044082218664698303,0.026996755972504616,1.0459421873092651,0.0,1.0,-0.04627513885498047,0.0,True
15,irregular,123,128,0.0,autonomous,test,0.02,2.4,0.06,0.0014156136894598603,0.040446989238262177,1.055972695350647,0.0,0.967968761920929,0.0005944967269897461,8.09691846370697e-06,True
15,irregular,123,128,0.0,autonomous,test,0.02,2.4,0.12,0.0014142977306619287,0.04042818769812584,1.0559715032577515,0.0,0.96875,0.0011181831359863281,1.5926920241327025e-05,True
15,irregular,123,128,0.0,autonomous,test,0.02,2.4,0.24,0.001408624229952693,0.040347013622522354,1.0559601783752441,0.0,0.96875,0.0016940832138061523,2.8535350793390535e-05,True
15,irregular,123,128,0.0,autonomous,test,0.08,0.6,0.06,7.443991489708424e-05,0.015183893963694572,1.0007922649383545,0.0,1.0,-0.006904184818267822,0.0,True
15,irregular,123,128,0.0,autonomous,test,0.08,0.6,0.12,7.451042620232329e-05,0.01519108284264803,1.000762701034546,0.0,1.0,-0.014484405517578125,0.0,True
15,irregular,123,128,0.0,autonomous,test,0.08,0.6,0.24,7.48984602978453e-05,0.015230587683618069,1.0006732940673828,0.0,1.0,-0.027371883392333984,0.0,True
15,irregular,123,128,0.0,autonomous,test,0.08,1.2,0.06,0.0003627442638389766,0.025666790083050728,1.041793942451477,0.0,1.0,-0.006904184818267822,0.0,True
15,irregular,123,128,0.0,autonomous,test,0.08,1.2,0.12,0.00036248579272069037,0.025657642632722855,1.041772484779358,0.0,1.0,-0.014484405517578125,0.0,True
15,irregular,123,128,0.0,autonomous,test,0.08,1.2,0.24,0.0003612679720390588,0.025614509359002113,1.0416780710220337,0.0,1.0,-0.031816691160202026,0.0,True
15,irregular,123,128,0.0,autonomous,test,0.08,2.4,0.06,0.001206090091727674,0.039538558572530746,1.0554802417755127,0.0,0.9296875,0.0006812810897827148,2.3148768377723172e-05,True
15,irregular,123,128,0.0,autonomous,test,0.08,2.4,0.12,0.0012047491036355495,0.03951657563447952,1.0554770231246948,0.0,0.9296875,0.0013562440872192383,4.559811350191012e-05,True
15,irregular,123,128,0.0,autonomous,test,0.08,2.4,0.24,0.0011989017948508263,0.039420560002326965,1.0554604530334473,0.0,0.9312499761581421,0.0025887489318847656,8.234754204750061e-05,True
15,irregular,123,128,0.0,autonomous,stress,0.005,0.6,0.06,0.00033116742270067334,0.023974504321813583,1.0805315971374512,0.0,1.0,-0.0309755802154541,0.0,True
15,irregular,123,128,0.0,autonomous,stress,0.005,0.6,0.12,0.0003309201856609434,0.02396555431187153,1.0805796384811401,0.0,1.0,-0.0647885799407959,0.0,True
15,irregular,123,128,0.0,autonomous,stress,0.005,0.6,0.24,0.00033038060064427555,0.0239460077136755,1.0807533264160156,0.0,1.0,-0.06478255987167358,0.0,True
15,irregular,123,128,0.0,autonomous,stress,0.005,1.2,0.06,0.0009456670377403498,0.03470423072576523,1.061374306678772,0.0,1.0,-0.006726622581481934,0.0,True
15,irregular,123,128,0.0,autonomous,stress,0.005,1.2,0.12,0.0009448371711187065,0.034689001739025116,1.0613919496536255,0.0,1.0,-0.014757633209228516,0.0,True
15,irregular,123,128,0.0,autonomous,stress,0.005,1.2,0.24,0.0009407265461049974,0.034613460302352905,1.06146240234375,0.0,1.0,-0.03548288345336914,0.0,True
15,irregular,123,128,0.0,autonomous,stress,0.005,2.4,0.06,0.0017337952740490437,0.042904872447252274,1.0568320751190186,0.0,0.98828125,8.20159912109375e-05,5.30295096723421e-07,True
15,irregular,123,128,0.0,autonomous,stress,0.005,2.4,0.12,0.0017330744303762913,0.04289595037698746,1.0568348169326782,0.0,0.989062488079071,0.00016319751739501953,9.886920224744244e-07,True
15,irregular,123,128,0.0,autonomous,stress,0.005,2.4,0.24,0.0017291520489379764,0.04284738004207611,1.056839942932129,0.0,0.987500011920929,0.0002917051315307617,1.466274284211977e-06,True
15,irregular,123,128,0.0,autonomous,stress,0.02,0.6,0.06,0.0003165123634971678,0.023680642247200012,1.0797650814056396,0.0,1.0,-0.024553775787353516,0.0,True
15,irregular,123,128,0.0,autonomous,stress,0.02,0.6,0.12,0.0003162286593578756,0.023670027032494545,1.0798110961914062,0.0,1.0,-0.053600311279296875,0.0,True
15,irregular,123,128,0.0,autonomous,stress,0.02,0.6,0.24,0.000315654935548082,0.023648545145988464,1.079978585243225,0.0,1.0,-0.05362498760223389,0.0,True
15,irregular,123,128,0.0,autonomous,stress,0.02,1.2,0.06,0.0008925642468966544,0.03437819331884384,1.060765266418457,0.0,1.0,-0.0025916099548339844,0.0,True
15,irregular,123,128,0.0,autonomous,stress,0.02,1.2,0.12,0.0008915343787521124,0.03435835614800453,1.060780644416809,0.0,1.0,-0.0060520172119140625,0.0,True
15,irregular,123,128,0.0,autonomous,stress,0.02,1.2,0.24,0.0008870470337569714,0.03427177667617798,1.0608421564102173,0.0,1.0,-0.0164182186126709,0.0,True
15,irregular,123,128,0.0,autonomous,stress,0.02,2.4,0.06,0.0016122102970257401,0.04275341331958771,1.056742787361145,0.0,0.86328125,0.0005295276641845703,3.2254123652819544e-05,True
15,irregular,123,128,0.0,autonomous,stress,0.02,2.4,0.12,0.0016112045850604773,0.042740076780319214,1.0567463636398315,0.0,0.864062488079071,0.0010523796081542969,6.382241554092616e-05,True
15,irregular,123,128,0.0,autonomous,stress,0.02,2.4,0.24,0.0016067491378635168,0.04268094152212143,1.0567511320114136,0.0,0.875,0.0019991397857666016,0.00011718086898326874,True
15,irregular,123,128,0.0,autonomous,stress,0.08,0.6,0.06,0.0002719111798796803,0.022753920406103134,1.0706692934036255,0.0,1.0,-0.012840747833251953,0.0,True
15,irregular,123,128,0.0,autonomous,stress,0.08,0.6,0.12,0.00027164845960214734,0.022742925211787224,1.070701241493225,0.0,1.0,-0.0292891263961792,0.0,True
15,irregular,123,128,0.0,autonomous,stress,0.08,0.6,0.24,0.00027104621403850615,0.022717701271176338,1.0708143711090088,0.0,1.0,-0.029315471649169922,0.0,True
15,irregular,123,128,0.0,autonomous,stress,0.08,1.2,0.06,0.0007565646665170789,0.03341338783502579,1.0561530590057373,0.0,0.9984375238418579,4.1484832763671875e-05,6.482004977215183e-08,True
15,irregular,123,128,0.0,autonomous,stress,0.08,1.2,0.12,0.0007555035990662873,0.033389948308467865,1.0561578273773193,0.0,1.0,-0.0001914501190185547,0.0,True
15,irregular,123,128,0.0,autonomous,stress,0.08,1.2,0.24,0.0007508528069593012,0.03328701853752136,1.0561703443527222,0.0,1.0,-0.0019658803939819336,0.0,True
15,irregular,123,128,0.0,autonomous,stress,0.08,2.4,0.06,0.0013578747166320682,0.04179399088025093,1.0561368465423584,0.0,0.7523437738418579,0.0006619691848754883,7.543773244833574e-05,True
15,irregular,123,128,0.0,autonomous,stress,0.08,2.4,0.12,0.001356527442112565,0.04177325218915939,1.0561375617980957,0.0,0.7593749761581421,0.0013132095336914062,0.0001494687021477148,True
15,irregular,123,128,0.0,autonomous,stress,0.08,2.4,0.24,0.0013505421811714768,0.041680995374917984,1.056131362915039,0.0,0.762499988079071,0.0024271011352539062,0.00029124057618901134,True
16,irregular,123,128,0.0,query,test,0.005,0.6,0.06,0.00011056267976528034,0.017759166657924652,1.0118954181671143,0.0,1.0,-0.016346067190170288,0.0,True
16,irregular,123,128,0.0,query,test,0.005,0.6,0.12,9.917205170495436e-05,0.01681949384510517,1.013486385345459,0.0,1.0,-0.0348241925239563,0.0,True
16,irregular,123,128,0.0,query,test,0.005,0.6,0.24,8.973425428848714e-05,0.015999168157577515,1.014988660812378,0.0,1.0,-0.07579448074102402,0.0,True
16,irregular,123,128,0.0,query,test,0.005,1.2,0.06,0.0005697405431419611,0.03021332249045372,1.0504412651062012,0.0,1.0,-0.016346067190170288,0.0,True
16,irregular,123,128,0.0,query,test,0.005,1.2,0.12,0.0005198133876547217,0.028859158977866173,1.047781229019165,0.0,1.0,-0.0348241925239563,0.0,True
16,irregular,123,128,0.0,query,test,0.005,1.2,0.24,0.0004374259151518345,0.026473550125956535,1.0472800731658936,0.0,1.0,-0.07817381620407104,0.0,True
16,irregular,123,128,0.0,query,test,0.005,2.4,0.06,0.001815177733078599,0.04459273815155029,1.0627915859222412,0.0,0.999218761920929,3.159046173095703e-05,2.468004822731018e-08,True
16,irregular,123,128,0.0,query,test,0.005,2.4,0.12,0.001667980570346117,0.04274645075201988,1.060205101966858,0.0,1.0,-4.0531158447265625e-05,0.0,True
16,irregular,123,128,0.0,query,test,0.005,2.4,0.24,0.00141526001971215,0.039375193417072296,1.0557719469070435,0.0,1.0,-0.0009135007858276367,0.0,True
16,irregular,123,128,0.0,query,test,0.02,0.6,0.06,0.00010535628825891763,0.017493411898612976,1.0085792541503906,0.0,1.0,-0.013874948024749756,0.0,True
16,irregular,123,128,0.0,query,test,0.02,0.6,0.12,9.438864071853459e-05,0.016557857394218445,1.0101803541183472,0.0,1.0,-0.029371410608291626,0.0,True
16,irregular,123,128,0.0,query,test,0.02,0.6,0.24,8.525094017386436e-05,0.015735983848571777,1.0117011070251465,0.0,1.0,-0.059133611619472504,0.0,True
16,irregular,123,128,0.0,query,test,0.02,1.2,0.06,0.000534581602551043,0.02972945012152195,1.0492175817489624,0.0,1.0,-0.008712291717529297,0.0,True
16,irregular,123,128,0.0,query,test,0.02,1.2,0.12,0.000488477642647922,0.02841857075691223,1.0465410947799683,0.0,1.0,-0.01916325092315674,0.0,True
16,irregular,123,128,0.0,query,test,0.02,1.2,0.24,0.0004088022978976369,0.025997797027230263,1.0458232164382935,0.0,1.0,-0.046746134757995605,0.0,True
16,irregular,123,128,0.0,query,test,0.02,2.4,0.06,0.0016468269750475883,0.04362523928284645,1.0627018213272095,0.0,0.964062511920929,0.0007293224334716797,1.0238401955575682e-05,True
16,irregular,123,128,0.0,query,test,0.02,2.4,0.12,0.0015389112522825599,0.0421716533601284,1.060113787651062,0.0,0.9671875238418579,0.001312851905822754,1.878533475974109e-05,True
16,irregular,123,128,0.0,query,test,0.02,2.4,0.24,0.001313625369220972,0.038962747901678085,1.0556548833847046,0.0,0.971875011920929,0.0014884471893310547,2.3096799850463867e-05,True
16,irregular,123,128,0.0,query,test,0.08,0.6,0.06,8.980278653325513e-05,0.01667727530002594,0.9967416524887085,0.0,1.0,-0.006991088390350342,0.0,True
16,irregular,123,128,0.0,query,test,0.08,0.6,0.12,7.999067747732624e-05,0.01573982462286949,0.9983850717544556,0.0,1.0,-0.014626115560531616,0.0,True
16,irregular,123,128,0.0,query,test,0.08,0.6,0.24,7.188593735918403e-05,0.01492114644497633,0.9999711513519287,0.0,1.0,-0.02765783667564392,0.0,True
16,irregular,123,128,0.0,query,test,0.08,1.2,0.06,0.00044376106234267354,0.028388725593686104,1.0454862117767334,0.0,1.0,-0.006991088390350342,0.0,True
16,irregular,123,128,0.0,query,test,0.08,1.2,0.12,0.00040414935210719705,0.027092071250081062,1.042760968208313,0.0,1.0,-0.014626115560531616,0.0,True
16,irregular,123,128,0.0,query,test,0.08,1.2,0.24,0.00033422413980588317,0.0246371328830719,1.0415862798690796,0.0,1.0,-0.031698763370513916,0.0,True
16,irregular,123,128,0.0,query,test,0.08,2.4,0.06,0.0013897961471229792,0.04244304448366165,1.0622444152832031,0.0,0.9234374761581421,0.0008149147033691406,2.703424615901895e-05,True
16,irregular,123,128,0.0,query,test,0.08,2.4,0.12,0.001305990619584918,0.04114347696304321,1.0596413612365723,0.0,0.925000011920929,0.0015108585357666016,5.071274790680036e-05,True
16,irregular,123,128,0.0,query,test,0.08,2.4,0.24,0.0011189314536750317,0.03808313608169556,1.0548988580703735,0.0,0.9375,0.0023790597915649414,7.225945591926575e-05,True
16,irregular,123,128,0.0,query,stress,0.005,0.6,0.06,0.0003871408407576382,0.025921514257788658,1.085594892501831,0.0,1.0,-0.030853867530822754,0.0,True
16,irregular,123,128,0.0,query,stress,0.005,0.6,0.12,0.00036110327346250415,0.025034653022885323,1.0836960077285767,0.0,1.0,-0.06502759456634521,0.0,True
16,irregular,123,128,0.0,query,stress,0.005,0.6,0.24,0.00032008596463128924,0.023569976910948753,1.0807791948318481,0.0,1.0,-0.06552040576934814,0.0,True
16,irregular,123,128,0.0,query,stress,0.005,1.2,0.06,0.0010602772235870361,0.036747097969055176,1.0676349401474,0.0,1.0,-0.006615042686462402,0.0,True
16,irregular,123,128,0.0,query,stress,0.005,1.2,0.12,0.0010084796231240034,0.035838257521390915,1.0652438402175903,0.0,1.0,-0.014587759971618652,0.0,True
16,irregular,123,128,0.0,query,stress,0.005,1.2,0.24,0.0008797967457212508,0.03347375988960266,1.059596300125122,0.0,1.0,-0.03581595420837402,0.0,True
16,irregular,123,128,0.0,query,stress,0.005,2.4,0.06,0.001891637104563415,0.04481533169746399,1.0634926557540894,0.0,0.985156238079071,0.0001951456069946289,1.280661649616377e-06,True
16,irregular,123,128,0.0,query,stress,0.005,2.4,0.12,0.00182134541682899,0.043974798172712326,1.0609335899353027,0.0,0.9859374761581421,0.00018584728240966797,1.866184220489231e-06,True
16,irregular,123,128,0.0,query,stress,0.005,2.4,0.24,0.0016295528039336205,0.04159507155418396,1.0562976598739624,0.0,0.996874988079071,0.00023090839385986328,7.21588719443389e-07,True
16,irregular,123,128,0.0,query,stress,0.02,0.6,0.06,0.00037164331297390163,0.025660274550318718,1.084838628768921,0.0,1.0,-0.024413347244262695,0.0,True
16,irregular,123,128,0.0,query,stress,0.02,0.6,0.12,0.0003462527529336512,0.024768218398094177,1.0829328298568726,0.0,1.0,-0.05344951152801514,0.0,True
16,irregular,123,128,0.0,query,stress,0.02,0.6,0.24,0.0003057200519833714,0.023273414000868797,1.0800005197525024,0.0,1.0,-0.05399012565612793,0.0,True
16,irregular,123,128,0.0,query,stress,0.02,1.2,0.06,0.0010039344197139144,0.036459941416978836,1.0670474767684937,0.0,1.0,-0.0024896860122680664,0.0,True
16,irregular,123,128,0.0,query,stress,0.02,1.2,0.12,0.000954626128077507,0.035553302615880966,1.0646456480026245,0.0,1.0,-0.005896329879760742,0.0,True
16,irregular,123,128,0.0,query,stress,0.02,1.2,0.24,0.000828301883302629,0.03311750665307045,1.0587066411972046,0.0,1.0,-0.01675260066986084,0.0,True
16,irregular,123,128,0.0,query,stress,0.02,2.4,0.06,0.0017850939184427261,0.044987358152866364,1.0634104013442993,0.0,0.8570312261581421,0.0006704330444335938,3.788843605434522e-05,True
16,irregular,123,128,0.0,query,stress,0.02,2.4,0.12,0.0017042977269738913,0.04395746812224388,1.0608502626419067,0.0,0.862500011920929,0.001207113265991211,7.122345414245501e-05,True
16,irregular,123,128,0.0,query,stress,0.02,2.4,0.24,0.0015124024357646704,0.04140889272093773,1.0562224388122559,0.0,0.8843749761581421,0.0017671585083007812,0.00010411813855171204,True
16,irregular,123,128,0.0,query,stress,0.08,0.6,0.06,0.00032459539943374693,0.02486073225736618,1.0758455991744995,0.0,1.0,-0.012692928314208984,0.0,True
16,irregular,123,128,0.0,query,stress,0.08,0.6,0.12,0.00030075645190663636,0.023930411785840988,1.0738835334777832,0.0,1.0,-0.029115796089172363,0.0,True
16,irregular,123,128,0.0,query,stress,0.08,0.6,0.24,0.0002621923922561109,0.022343579679727554,1.070804476737976,0.0,1.0,-0.02961289882659912,0.0,True
16,irregular,123,128,0.0,query,stress,0.08,1.2,0.06,0.0008679344318807125,0.03578828647732735,1.0625821352005005,0.0,0.9984375238418579,0.0001270771026611328,1.9855797006584908e-07,True
16,irregular,123,128,0.0,query,stress,0.08,1.2,0.12,0.0008181805023923516,0.034747377038002014,1.060111403465271,0.0,1.0,-6.747245788574219e-05,0.0,True
16,irregular,123,128,0.0,query,stress,0.08,1.2,0.24,0.0006982473423704505,0.032099783420562744,1.0551540851593018,0.0,1.0,-0.0022487640380859375,0.0,True
16,irregular,123,128,0.0,query,stress,0.08,2.4,0.06,0.0015391934430226684,0.044496987015008926,1.0628498792648315,0.0,0.7484375238418579,0.0008155107498168945,8.445312414551154e-05,True
16,irregular,123,128,0.0,query,stress,0.08,2.4,0.12,0.0014463597908616066,0.04313424229621887,1.0602686405181885,0.0,0.75,0.0015050172805786133,0.00016173515177797526,True
16,irregular,123,128,0.0,query,stress,0.08,2.4,0.24,0.0012757793301716447,0.040510889142751694,1.055757761001587,0.0,0.765625,0.002215147018432617,0.00026538706151768565,True
17,irregular,123,128,0.01,autonomous,test,0.005,0.6,0.06,4.7010813432279974e-05,0.011580229736864567,1.00730562210083,0.0,1.0,-0.016294211149215698,0.0,True
17,irregular,123,128,0.01,autonomous,test,0.005,0.6,0.12,4.704049206338823e-05,0.011583885177969933,1.007279396057129,0.0,1.0,-0.034782201051712036,0.0,True
17,irregular,123,128,0.01,autonomous,test,0.005,0.6,0.24,4.7312329115811735e-05,0.011617306619882584,1.0071951150894165,0.0,1.0,-0.07527689635753632,0.0,True
17,irregular,123,128,0.01,autonomous,test,0.005,1.2,0.06,0.0002463716664351523,0.019868051633238792,1.0367910861968994,0.0,1.0,-0.016294211149215698,0.0,True
17,irregular,123,128,0.01,autonomous,test,0.005,1.2,0.12,0.0002463149430695921,0.019865764304995537,1.0367776155471802,0.0,1.0,-0.034782201051712036,0.0,True
17,irregular,123,128,0.01,autonomous,test,0.005,1.2,0.24,0.00024585562641732395,0.019847234711050987,1.0367108583450317,0.0,1.0,-0.07886913418769836,0.0,True
17,irregular,123,128,0.01,autonomous,test,0.005,2.4,0.06,0.0009296272182837129,0.031912364065647125,1.0455009937286377,0.0,1.0,-0.0002512931823730469,0.0,True
17,irregular,123,128,0.01,autonomous,test,0.005,2.4,0.12,0.0009288810542784631,0.03189955651760101,1.0455011129379272,0.0,1.0,-0.0006216764450073242,0.0,True
17,irregular,123,128,0.01,autonomous,test,0.005,2.4,0.24,0.0009253320749849081,0.031838558614254,1.0454915761947632,0.0,1.0,-0.0019130706787109375,0.0,True
17,irregular,123,128,0.01,autonomous,test,0.02,0.6,0.06,4.463946243049577e-05,0.011386855505406857,1.0040444135665894,0.0,1.0,-0.013831883668899536,0.0,True
17,irregular,123,128,0.01,autonomous,test,0.02,0.6,0.12,4.4671840441878885e-05,0.011390984058380127,1.0040172338485718,0.0,1.0,-0.029342621564865112,0.0,True
17,irregular,123,128,0.01,autonomous,test,0.02,0.6,0.24,4.4937958591617644e-05,0.011424862779676914,1.0039310455322266,0.0,1.0,-0.058674104511737823,0.0,True
17,irregular,123,128,0.01,autonomous,test,0.02,1.2,0.06,0.00023052777396515012,0.01952277310192585,1.035334825515747,0.0,1.0,-0.0095292329788208,0.0,True
17,irregular,123,128,0.01,autonomous,test,0.02,1.2,0.12,0.00023041051463223994,0.019517807289958,1.0353188514709473,0.0,1.0,-0.020624399185180664,0.0,True
17,irregular,123,128,0.01,autonomous,test,0.02,1.2,0.24,0.00022981387155596167,0.01949252001941204,1.0352444648742676,0.0,1.0,-0.04853403568267822,0.0,True
17,irregular,123,128,0.01,autonomous,test,0.02,2.4,0.06,0.0008419168880209327,0.031192373484373093,1.0454027652740479,0.0,0.9867187738418579,0.00022339820861816406,1.3780779681837885e-06,True
17,irregular,123,128,0.01,autonomous,test,0.02,2.4,0.12,0.0008410149603150785,0.031175663694739342,1.0454015731811523,0.0,0.989062488079071,0.0003930330276489258,2.6302411697542993e-06,True
17,irregular,123,128,0.01,autonomous,test,0.02,2.4,0.24,0.0008370952564291656,0.031102929264307022,1.0453907251358032,0.0,0.9906250238418579,0.0005909204483032227,2.999231128342217e-06,True
17,irregular,123,128,0.01,autonomous,test,0.08,0.6,0.06,3.7590965803246945e-05,0.010790013708174229,0.9924085736274719,0.0,1.0,-0.006980180740356445,0.0,True
17,irregular,123,128,0.01,autonomous,test,0.08,0.6,0.12,3.763052518479526e-05,0.01079568825662136,0.9923800230026245,0.0,1.0,-0.014642596244812012,0.0,True
17,irregular,123,128,0.01,autonomous,test,0.08,0.6,0.24,3.788285539485514e-05,0.010831823572516441,0.9922924637794495,0.0,1.0,-0.027498453855514526,0.0,True
17,irregular,123,128,0.01,autonomous,test,0.08,1.2,0.06,0.00018577123410068452,0.018367942422628403,1.031099557876587,0.0,1.0,-0.006980180740356445,0.0,True
17,irregular,123,128,0.01,autonomous,test,0.08,1.2,0.12,0.0001856453891377896,0.01836172118782997,1.0310790538787842,0.0,1.0,-0.014642596244812012,0.0,True
17,irregular,123,128,0.01,autonomous,test,0.08,1.2,0.24,0.00018503371393308043,0.01833144575357437,1.0309884548187256,0.0,1.0,-0.0321526825428009,0.0,True
17,irregular,123,128,0.01,autonomous,test,0.08,2.4,0.06,0.0007039655465632677,0.030206937342882156,1.0449044704437256,0.0,0.9585937261581421,0.0003578662872314453,6.637629212491447e-06,True
17,irregular,123,128,0.01,autonomous,test,0.08,2.4,0.12,0.0007031935965642333,0.030190370976924896,1.0449020862579346,0.0,0.9593750238418579,0.000680088996887207,1.3071485227555968e-05,True
17,irregular,123,128,0.01,autonomous,test,0.08,2.4,0.24,0.0006997574819251895,0.03011651709675789,1.044885277748108,0.0,0.965624988079071,0.001175999641418457,2.456456422805786e-05,True
17,irregular,123,128,0.01,autonomous,stress,0.005,0.6,0.06,0.00017316453158855438,0.017336256802082062,1.0720014572143555,0.0,1.0,-0.03127181529998779,0.0,True
17,irregular,123,128,0.01,autonomous,stress,0.005,0.6,0.12,0.00017297882004640996,0.0173269584774971,1.0720531940460205,0.0,1.0,-0.06494510173797607,0.0,True
17,irregular,123,128,0.01,autonomous,stress,0.005,0.6,0.24,0.00017256478895433247,0.017306208610534668,1.0722423791885376,0.0,1.0,-0.06494015455245972,0.0,True
17,irregular,123,128,0.01,autonomous,stress,0.005,1.2,0.06,0.000510490033775568,0.025498049333691597,1.051276445388794,0.0,1.0,-0.007245182991027832,0.0,True
17,irregular,123,128,0.01,autonomous,stress,0.005,1.2,0.12,0.0005099232075735927,0.025483887642621994,1.051295280456543,0.0,1.0,-0.015823721885681152,0.0,True
17,irregular,123,128,0.01,autonomous,stress,0.005,1.2,0.24,0.0005071285995654762,0.025413962081074715,1.0513719320297241,0.0,1.0,-0.03771317005157471,0.0,True
17,irregular,123,128,0.01,autonomous,stress,0.005,2.4,0.06,0.0010105471592396498,0.03275563195347786,1.0462870597839355,0.0,1.0,-4.696846008300781e-05,0.0,True
17,irregular,123,128,0.01,autonomous,stress,0.005,2.4,0.12,0.0010100528597831726,0.03274761885404587,1.0462900400161743,0.0,1.0,-9.834766387939453e-05,0.0,True
17,irregular,123,128,0.01,autonomous,stress,0.005,2.4,0.24,0.0010073375888168812,0.032703571021556854,1.0462958812713623,0.0,1.0,-0.00020575523376464844,0.0,True
17,irregular,123,128,0.01,autonomous,stress,0.02,0.6,0.06,0.00016466813394799829,0.01708059385418892,1.0712382793426514,0.0,1.0,-0.024832487106323242,0.0,True
17,irregular,123,128,0.01,autonomous,stress,0.02,0.6,0.12,0.0001644683361519128,0.0170702263712883,1.0712885856628418,0.0,1.0,-0.054012417793273926,0.0,True
17,irregular,123,128,0.01,autonomous,stress,0.02,0.6,0.24,0.00016405576025135815,0.017048804089426994,1.071470856666565,0.0,1.0,-0.05403852462768555,0.0,True
17,irregular,123,128,0.01,autonomous,stress,0.02,1.2,0.06,0.0004789281520061195,0.02518247812986374,1.0506644248962402,0.0,1.0,-0.00312650203704834,0.0,True
17,irregular,123,128,0.01,autonomous,stress,0.02,1.2,0.12,0.0004782377800438553,0.025164322927594185,1.05068039894104,0.0,1.0,-0.007150173187255859,0.0,True
17,irregular,123,128,0.01,autonomous,stress,0.02,1.2,0.24,0.0004752376116812229,0.025085264816880226,1.0507481098175049,0.0,1.0,-0.01870584487915039,0.0,True
17,irregular,123,128,0.01,autonomous,stress,0.02,2.4,0.06,0.0009332987829111516,0.03252897039055824,1.046195387840271,0.0,0.9140625,0.00030171871185302734,1.0476634088263381e-05,True
17,irregular,123,128,0.01,autonomous,stress,0.02,2.4,0.12,0.0009325699647888541,0.03251626342535019,1.0461993217468262,0.0,0.9203125238418579,0.0005842447280883789,2.0512938135652803e-05,True
17,irregular,123,128,0.01,autonomous,stress,0.02,2.4,0.24,0.0009293914772570133,0.03246080502867699,1.0462039709091187,0.0,0.9156249761581421,0.0011370182037353516,3.873780224239454e-05,True
17,irregular,123,128,0.01,autonomous,stress,0.08,0.6,0.06,0.00013881771883461624,0.01625792682170868,1.0621938705444336,0.0,1.0,-0.013154268264770508,0.0,True
17,irregular,123,128,0.01,autonomous,stress,0.08,0.6,0.12,0.0001386432268191129,0.01624770648777485,1.0622289180755615,0.0,1.0,-0.02978217601776123,0.0,True
17,irregular,123,128,0.01,autonomous,stress,0.08,0.6,0.24,0.00013824593042954803,0.016224408522248268,1.0623559951782227,0.0,1.0,-0.02980971336364746,0.0,True
17,irregular,123,128,0.01,autonomous,stress,0.08,1.2,0.06,0.0003957725712098181,0.024166865274310112,1.0460405349731445,0.0,1.0,-0.00039899349212646484,0.0,True
17,irregular,123,128,0.01,autonomous,stress,0.08,1.2,0.12,0.0003950763202738017,0.024145599454641342,1.046046257019043,0.0,1.0,-0.0011065006256103516,0.0,True
17,irregular,123,128,0.01,autonomous,stress,0.08,1.2,0.24,0.00039202053449116647,0.024052036926150322,1.0460643768310547,0.0,1.0,-0.0039185285568237305,0.0,True
17,irregular,123,128,0.01,autonomous,stress,0.08,2.4,0.06,0.0007711827056482434,0.031496524810791016,1.0455766916275024,0.0,0.80859375,0.00035750865936279297,3.200014907633886e-05,True
17,irregular,123,128,0.01,autonomous,stress,0.08,2.4,0.12,0.0007703701849095523,0.03147992864251137,1.045576810836792,0.0,0.8062499761581421,0.0007082223892211914,6.330981705104932e-05,True
17,irregular,123,128,0.01,autonomous,stress,0.08,2.4,0.24,0.0007666939636692405,0.03140472620725632,1.045571208000183,0.0,0.809374988079071,0.0013860464096069336,0.00011973902292083949,True
18,irregular,123,128,0.01,query,test,0.005,0.6,0.06,6.158847827464342e-05,0.013254642486572266,1.0027714967727661,0.0,1.0,-0.01643848419189453,0.0,True
18,irregular,123,128,0.01,query,test,0.005,0.6,0.12,4.885588714387268e-05,0.011805292218923569,1.0045571327209473,0.0,1.0,-0.03504455089569092,0.0,True
18,irregular,123,128,0.01,query,test,0.005,0.6,0.24,4.652084317058325e-05,0.011519724503159523,1.0063838958740234,0.0,1.0,-0.07581717520952225,0.0,True
18,irregular,123,128,0.01,query,test,0.005,1.2,0.06,0.00032136146910488605,0.022691166028380394,1.0400537252426147,0.0,1.0,-0.01643848419189453,0.0,True
18,irregular,123,128,0.01,query,test,0.005,1.2,0.12,0.0002642521867528558,0.020576391369104385,1.0373682975769043,0.0,1.0,-0.03504455089569092,0.0,True
18,irregular,123,128,0.01,query,test,0.005,1.2,0.24,0.00024292315356433392,0.019728515297174454,1.036689281463623,0.0,1.0,-0.07866379618644714,0.0,True
18,irregular,123,128,0.01,query,test,0.005,2.4,0.06,0.0012158448807895184,0.036495864391326904,1.0519651174545288,0.0,1.0,-0.00026702880859375,0.0,True
18,irregular,123,128,0.01,query,test,0.005,2.4,0.12,0.0009351675398647785,0.03200731799006462,1.0493416786193848,0.0,1.0,-0.0006290674209594727,0.0,True
18,irregular,123,128,0.01,query,test,0.005,2.4,0.24,0.0010335880797356367,0.03364947810769081,1.044738531112671,0.0,1.0,-0.0020302534103393555,0.0,True
18,irregular,123,128,0.01,query,test,0.02,0.6,0.06,5.859980592504144e-05,0.013046451844274998,0.9994875192642212,0.0,1.0,-0.013958126306533813,0.0,True
18,irregular,123,128,0.01,query,test,0.02,0.6,0.12,4.6430021029664204e-05,0.011612982489168644,1.0012845993041992,0.0,1.0,-0.02957242727279663,0.0,True
18,irregular,123,128,0.01,query,test,0.02,0.6,0.24,4.4195923692313954e-05,0.011330143548548222,1.0031300783157349,0.0,1.0,-0.05914897471666336,0.0,True
18,irregular,123,128,0.01,query,test,0.02,1.2,0.06,0.00029785599326714873,0.02219131588935852,1.0388360023498535,0.0,1.0,-0.009302973747253418,0.0,True
18,irregular,123,128,0.01,query,test,0.02,1.2,0.12,0.00024781510001048446,0.020241549238562584,1.036134958267212,0.0,1.0,-0.020335912704467773,0.0,True
18,irregular,123,128,0.01,query,test,0.02,1.2,0.24,0.00022553485177922994,0.019310196861624718,1.035233497619629,0.0,1.0,-0.04898369312286377,0.0,True
18,irregular,123,128,0.01,query,test,0.02,2.4,0.06,0.001026099780574441,0.03443567827343941,1.0518745183944702,0.0,0.985156238079071,0.00033915042877197266,2.0154752746748272e-06,True
18,irregular,123,128,0.01,query,test,0.02,2.4,0.12,0.0008579002460464835,0.03148706629872322,1.0492470264434814,0.0,0.9859374761581421,0.0004965066909790039,3.296881914138794e-06,True
18,irregular,123,128,0.01,query,test,0.02,2.4,0.24,0.0008726224768906832,0.03175608813762665,1.0446189641952515,0.0,0.9906250238418579,0.0004099607467651367,1.5351921547335223e-06,True
18,irregular,123,128,0.01,query,test,0.08,0.6,0.06,5.0034828745992854e-05,0.01244848221540451,0.9877772927284241,0.0,1.0,-0.0070393383502960205,0.0,True
18,irregular,123,128,0.01,query,test,0.08,0.6,0.12,3.9267237298190594e-05,0.011027965694665909,0.9896155595779419,0.0,1.0,-0.014758139848709106,0.0,True
18,irregular,123,128,0.01,query,test,0.08,0.6,0.24,3.732401819434017e-05,0.010751632042229176,0.9915263652801514,0.0,1.0,-0.027776896953582764,0.0,True
18,irregular,123,128,0.01,query,test,0.08,1.2,0.06,0.00024117217981256545,0.02092834562063217,1.0351283550262451,0.0,1.0,-0.0070393383502960205,0.0,True
18,irregular,123,128,0.01,query,test,0.08,1.2,0.12,0.0002017774386331439,0.019142892211675644,1.0323820114135742,0.0,1.0,-0.014758139848709106,0.0,True
18,irregular,123,128,0.01,query,test,0.08,1.2,0.24,0.00018061057198792696,0.01811101846396923,1.0310065746307373,0.0,1.0,-0.03209090232849121,0.0,True
18,irregular,123,128,0.01,query,test,0.08,2.4,0.06,0.0007983396644704044,0.032168056815862656,1.0514099597930908,0.0,0.9554687738418579,0.0004564523696899414,7.972679668455385e-06,True
18,irregular,123,128,0.01,query,test,0.08,2.4,0.12,0.0007216641097329557,0.030584298074245453,1.0487687587738037,0.0,0.957812488079071,0.0008150339126586914,1.4747492969036102e-05,True
18,irregular,123,128,0.01,query,test,0.08,2.4,0.24,0.0006968917441554368,0.030054785311222076,1.043844223022461,0.0,0.965624988079071,0.0010248422622680664,1.944415271282196e-05,True
18,irregular,123,128,0.01,query,stress,0.005,0.6,0.06,0.00021437453688122332,0.01928912103176117,1.0768067836761475,0.0,1.0,-0.031184792518615723,0.0,True
18,irregular,123,128,0.01,query,stress,0.005,0.6,0.12,0.0001912288716994226,0.018218079581856728,1.07489812374115,0.0,1.0,-0.06515049934387207,0.0,True
18,irregular,123,128,0.01,query,stress,0.005,0.6,0.24,0.00016430101823061705,0.016886746510863304,1.0720022916793823,0.0,1.0,-0.06563758850097656,0.0,True
18,irregular,123,128,0.01,query,stress,0.005,1.2,0.06,0.0005909593310207129,0.02743418700993061,1.0572665929794312,0.0,1.0,-0.007171988487243652,0.0,True
18,irregular,123,128,0.01,query,stress,0.005,1.2,0.12,0.0005421327659860253,0.026276417076587677,1.054848313331604,0.0,1.0,-0.01570570468902588,0.0,True
18,irregular,123,128,0.01,query,stress,0.005,1.2,0.24,0.0004691366630140692,0.024443477392196655,1.0490492582321167,0.0,1.0,-0.03801846504211426,0.0,True
18,irregular,123,128,0.01,query,stress,0.005,2.4,0.06,0.001118234358727932,0.034456733614206314,1.0526882410049438,0.0,1.0,-3.24249267578125e-05,0.0,True
18,irregular,123,128,0.01,query,stress,0.005,2.4,0.12,0.0010300788562744856,0.03307066485285759,1.0500913858413696,0.0,1.0,-8.475780487060547e-05,0.0,True
18,irregular,123,128,0.01,query,stress,0.005,2.4,0.24,0.000975376577116549,0.032180577516555786,1.0452829599380493,0.0,1.0,-0.0002739429473876953,0.0,True
18,irregular,123,128,0.01,query,stress,0.02,0.6,0.06,0.0002048996539087966,0.01905323751270771,1.0760539770126343,0.0,1.0,-0.024727821350097656,0.0,True
18,irregular,123,128,0.01,query,stress,0.02,0.6,0.12,0.00018273526802659035,0.01799323968589306,1.0741387605667114,0.0,1.0,-0.05390477180480957,0.0,True
18,irregular,123,128,0.01,query,stress,0.02,0.6,0.24,0.00015600903134327382,0.016625436022877693,1.0712281465530396,0.0,1.0,-0.054376959800720215,0.0,True
18,irregular,123,128,0.01,query,stress,0.02,1.2,0.06,0.000554091006051749,0.027086559683084488,1.0566747188568115,0.0,1.0,-0.0030601024627685547,0.0,True
18,irregular,123,128,0.01,query,stress,0.02,1.2,0.12,0.0005112215876579285,0.02601763792335987,1.054245948791504,0.0,1.0,-0.007046222686767578,0.0,True
18,irregular,123,128,0.01,query,stress,0.02,1.2,0.24,0.0004366057401057333,0.02404407225549221,1.048292875289917,0.0,1.0,-0.019016742706298828,0.0,True
18,irregular,123,128,0.01,query,stress,0.02,2.4,0.06,0.0010489107808098197,0.03448491916060448,1.052602767944336,0.0,0.910937488079071,0.0004067420959472656,1.2947339200763963e-05,True
18,irregular,123,128,0.01,query,stress,0.02,2.4,0.12,0.0009600334451533854,0.03299158066511154,1.0500049591064453,0.0,0.9140625,0.0007197856903076172,2.37558033404639e-05,True
18,irregular,123,128,0.01,query,stress,0.02,2.4,0.24,0.0008957685204222798,0.03186822310090065,1.045204997062683,0.0,0.925000011920929,0.001000523567199707,3.022328019142151e-05,True
18,irregular,123,128,0.01,query,stress,0.08,0.6,0.06,0.00017671665409579873,0.018343469128012657,1.0671137571334839,0.0,1.0,-0.013049602508544922,0.0,True
18,irregular,123,128,0.01,query,stress,0.08,0.6,0.12,0.00015669551794417202,0.017273128032684326,1.0651425123214722,0.0,1.0,-0.029660940170288086,0.0,True
18,irregular,123,128,0.01,query,stress,0.08,0.6,0.24,0.00013106191181577742,0.01579723134636879,1.0620839595794678,0.0,1.0,-0.030091524124145508,0.0,True
18,irregular,123,128,0.01,query,stress,0.08,1.2,0.06,0.0004710940411314368,0.026366427540779114,1.0521966218948364,0.0,1.0,-0.0003426074981689453,0.0,True
18,irregular,123,128,0.01,query,stress,0.08,1.2,0.12,0.00043131172424182296,0.025228597223758698,1.0497006177902222,0.0,1.0,-0.0010269880294799805,0.0,True
18,irregular,123,128,0.01,query,stress,0.08,1.2,0.24,0.0003553970600478351,0.02290099672973156,1.044587254524231,0.0,1.0,-0.0041855573654174805,0.0,True
18,irregular,123,128,0.01,query,stress,0.08,2.4,0.06,0.0008914227946661413,0.03386303409934044,1.0520284175872803,0.0,0.8023437261581421,0.0004563331604003906,3.616828325903043e-05,True
18,irregular,123,128,0.01,query,stress,0.08,2.4,0.12,0.00081392633728683,0.03235761821269989,1.0494095087051392,0.0,0.8062499761581421,0.0008273124694824219,6.870254583191127e-05,True
18,irregular,123,128,0.01,query,stress,0.08,2.4,0.24,0.000729789724573493,0.030639585107564926,1.0447263717651367,0.0,0.824999988079071,0.001201033592224121,0.00010186359577346593,True
19,forced,123,128,0.0,autonomous,test,0.02,0.6,0.06,0.012167491018772125,0.18395687639713287,0.9881359338760376,0.0,1.0,-0.014237254858016968,0.0,False
19,forced,123,128,0.0,autonomous,test,0.02,0.6,0.12,0.012167224660515785,0.1839548647403717,0.9881111979484558,0.0,1.0,-0.030219078063964844,0.0,False
19,forced,123,128,0.0,autonomous,test,0.02,0.6,0.24,0.012166466563940048,0.18394912779331207,0.9880309104919434,0.0,1.0,-0.06046989560127258,0.0,False
19,forced,123,128,0.0,autonomous,test,0.02,1.2,0.06,0.011436175554990768,0.13706229627132416,1.015070915222168,0.0,1.0,-0.010407805442810059,0.0,False
19,forced,123,128,0.0,autonomous,test,0.02,1.2,0.12,0.0114347655326128,0.13705386221408844,1.015056848526001,0.0,1.0,-0.02238607406616211,0.0,False
19,forced,123,128,0.0,autonomous,test,0.02,1.2,0.24,0.011429332196712494,0.1370212882757187,1.0149898529052734,0.0,1.0,-0.05197930335998535,0.0,False
19,forced,123,128,0.0,autonomous,test,0.02,2.4,0.06,0.060677532106637955,0.2624002993106842,1.0234076976776123,0.0,1.0,-0.0002263784408569336,0.0,False
19,forced,123,128,0.0,autonomous,test,0.02,2.4,0.12,0.060670413076877594,0.26238489151000977,1.0234066247940063,0.0,1.0,-0.0005246400833129883,0.0,False
19,forced,123,128,0.0,autonomous,test,0.02,2.4,0.24,0.06064262241125107,0.26232481002807617,1.0233979225158691,0.0,1.0,-0.0014247894287109375,0.0,False
19,forced,123,128,0.0,autonomous,stress,0.02,0.6,0.06,0.007564870174974203,0.11559295654296875,1.0473065376281738,0.0,1.0,-0.0250546932220459,0.0,False
19,forced,123,128,0.0,autonomous,stress,0.02,0.6,0.12,0.0075647663325071335,0.11559216678142548,1.0473682880401611,0.0,1.0,-0.05416738986968994,0.0,False
19,forced,123,128,0.0,autonomous,stress,0.02,0.6,0.24,0.007564414758235216,0.11558948457241058,1.0475969314575195,0.0,1.0,-0.05419743061065674,0.0,False
19,forced,123,128,0.0,autonomous,stress,0.02,1.2,0.06,0.005122575908899307,0.08247112482786179,1.0277024507522583,0.0,1.0,-0.004033565521240234,0.0,False
19,forced,123,128,0.0,autonomous,stress,0.02,1.2,0.12,0.005121874623000622,0.08246547728776932,1.027716875076294,0.0,1.0,-0.009000182151794434,0.0,False
19,forced,123,128,0.0,autonomous,stress,0.02,1.2,0.24,0.0051190778613090515,0.08244296163320541,1.0277682542800903,0.0,1.0,-0.02250051498413086,0.0,False
19,forced,123,128,0.0,autonomous,stress,0.02,2.4,0.06,0.02607228234410286,0.17094726860523224,1.0240046977996826,0.0,1.0,-7.152557373046875e-06,0.0,False
19,forced,123,128,0.0,autonomous,stress,0.02,2.4,0.12,0.02607000060379505,0.17093978822231293,1.0240073204040527,0.0,1.0,-2.2411346435546875e-05,0.0,False
19,forced,123,128,0.0,autonomous,stress,0.02,2.4,0.24,0.02606036886572838,0.17090821266174316,1.0240110158920288,0.0,1.0,-9.572505950927734e-05,0.0,False
20,forced,123,128,0.0,query,test,0.02,0.6,0.06,0.013294254429638386,0.1922859251499176,1.0180649757385254,0.0,1.0,-0.015476077795028687,0.0,False
20,forced,123,128,0.0,query,test,0.02,0.6,0.12,0.012612725608050823,0.18729232251644135,0.9965969920158386,0.0,1.0,-0.03242233395576477,0.0,False
20,forced,123,128,0.0,query,test,0.02,0.6,0.24,0.011563609354197979,0.17933383584022522,0.9838023781776428,0.0,1.0,-0.06489759683609009,0.0,False
20,forced,123,128,0.0,query,test,0.02,1.2,0.06,0.019680434837937355,0.17980217933654785,1.0658913850784302,0.0,1.0,-0.007392406463623047,0.0,False
20,forced,123,128,0.0,query,test,0.02,1.2,0.12,0.015780925750732422,0.16100667417049408,1.041008472442627,0.0,1.0,-0.01887989044189453,0.0,False
20,forced,123,128,0.0,query,test,0.02,1.2,0.24,0.01014284323900938,0.12907956540584564,1.009567379951477,0.0,1.0,-0.05509746074676514,0.0,False
20,forced,123,128,0.0,query,test,0.02,2.4,0.06,0.09307119250297546,0.3249810039997101,1.0773937702178955,0.0,0.961718738079071,0.00078582763671875,1.2141838851675857e-05,False
20,forced,123,128,0.0,query,test,0.02,2.4,0.12,0.07951554656028748,0.30038371682167053,1.0527386665344238,0.0,0.9859374761581421,0.0005412101745605469,3.0506403163599316e-06,False
20,forced,123,128,0.0,query,test,0.02,2.4,0.24,0.05223163217306137,0.24345412850379944,1.0177019834518433,0.0,1.0,-0.002645134925842285,0.0,False
20,forced,123,128,0.0,query,stress,0.02,0.6,0.06,0.007360460236668587,0.11402054876089096,1.0949856042861938,0.0,1.0,-0.02334153652191162,0.0,False
20,forced,123,128,0.0,query,stress,0.02,0.6,0.12,0.007198723033070564,0.11276085674762726,1.0755995512008667,0.0,1.0,-0.053107619285583496,0.0,False
20,forced,123,128,0.0,query,stress,0.02,0.6,0.24,0.007254083640873432,0.11319361627101898,1.0477910041809082,0.0,1.0,-0.061503589153289795,0.0,False
20,forced,123,128,0.0,query,stress,0.02,1.2,0.06,0.00860133208334446,0.106866255402565,1.0804182291030884,0.0,1.0,-0.002232074737548828,0.0,False
20,forced,123,128,0.0,query,stress,0.02,1.2,0.12,0.006722348742187023,0.09447528421878815,1.057011604309082,0.0,1.0,-0.006816387176513672,0.0,False
20,forced,123,128,0.0,query,stress,0.02,1.2,0.24,0.004844131879508495,0.08019839972257614,1.0223346948623657,0.0,1.0,-0.024956226348876953,0.0,False
20,forced,123,128,0.0,query,stress,0.02,2.4,0.06,0.037828151136636734,0.2059113085269928,1.0778496265411377,0.0,0.8687499761581421,0.0010166168212890625,3.700191155076027e-05,False
20,forced,123,128,0.0,query,stress,0.02,2.4,0.12,0.03190474584698677,0.18910381197929382,1.053328275680542,0.0,0.925000011920929,0.000807642936706543,1.8448383343638852e-05,False
20,forced,123,128,0.0,query,stress,0.02,2.4,0.24,0.02367703802883625,0.1629057228565216,1.0183221101760864,0.0,1.0,-0.0005054473876953125,0.0,False
21,forced,123,128,0.0,clock,test,0.02,0.6,0.06,0.000647815759293735,0.04244644194841385,1.0779633522033691,0.0,1.0,-0.013494133949279785,0.0,False
21,forced,123,128,0.0,clock,test,0.02,0.6,0.12,0.0006485546473413706,0.04247063770890236,1.077904462814331,0.0,1.0,-0.031144946813583374,0.0,False
21,forced,123,128,0.0,clock,test,0.02,0.6,0.24,0.0006528300000354648,0.042610395699739456,1.077890157699585,0.0,1.0,-0.05335091054439545,0.0,False
21,forced,123,128,0.0,clock,test,0.02,1.2,0.06,0.002667507855221629,0.06619580835103989,1.0999441146850586,0.0,1.0,-0.006584286689758301,0.0,False
21,forced,123,128,0.0,clock,test,0.02,1.2,0.12,0.002668878762051463,0.06621281802654266,1.100012183189392,0.0,1.0,-0.01459050178527832,0.0,False
21,forced,123,128,0.0,clock,test,0.02,1.2,0.24,0.00267429044470191,0.06627990305423737,1.1003010272979736,0.0,1.0,-0.03801310062408447,0.0,False
21,forced,123,128,0.0,clock,test,0.02,2.4,0.06,0.007039055228233337,0.08937324583530426,1.1531074047088623,0.0,0.8687499761581421,0.02437770366668701,0.0008738368633203208,False
21,forced,123,128,0.0,clock,test,0.02,2.4,0.12,0.007034807465970516,0.08934628218412399,1.1531263589859009,0.0,0.870312511920929,0.046305298805236816,0.0017174591775983572,False
21,forced,123,128,0.0,clock,test,0.02,2.4,0.24,0.0070172701962292194,0.0892348438501358,1.1532155275344849,0.0,0.875,0.08016669750213623,0.0032608627807348967,False
21,forced,123,128,0.0,clock,stress,0.02,0.6,0.06,0.0018744196277111769,0.057539232075214386,1.1567944288253784,0.0,1.0,-0.02286708354949951,0.0,False
21,forced,123,128,0.0,clock,stress,0.02,0.6,0.12,0.0018733851611614227,0.05752335116267204,1.156778335571289,0.0,1.0,-0.05113232135772705,0.0,False
21,forced,123,128,0.0,clock,stress,0.02,0.6,0.24,0.0018734964542090893,0.05752506107091904,1.1568706035614014,0.0,1.0,-0.05116605758666992,0.0,False
21,forced,123,128,0.0,clock,stress,0.02,1.2,0.06,0.0046968013048172,0.07896939665079117,1.1175342798233032,0.0,0.9906250238418579,0.0069158077239990234,2.9531865948229097e-05,False
21,forced,123,128,0.0,clock,stress,0.02,1.2,0.12,0.004696042276918888,0.0789630189538002,1.1176396608352661,0.0,0.9937499761581421,0.008485198020935059,3.0735878681298345e-05,False
21,forced,123,128,0.0,clock,stress,0.02,1.2,0.24,0.004692802205681801,0.07893576472997665,1.1180899143218994,0.0,0.9937499761581421,0.0035566091537475586,2.222880721092224e-05,False
21,forced,123,128,0.0,clock,stress,0.02,2.4,0.06,0.00783780962228775,0.09372813999652863,1.1537425518035889,0.0,0.78125,0.0211789608001709,0.0011400256771594286,False
21,forced,123,128,0.0,clock,stress,0.02,2.4,0.12,0.007833079434931278,0.0936998501420021,1.1537666320800781,0.0,0.785937488079071,0.04018712043762207,0.0022175873164087534,False
21,forced,123,128,0.0,clock,stress,0.02,2.4,0.24,0.007812755182385445,0.09357821196317673,1.153868317604065,0.0,0.7906249761581421,0.06863701343536377,0.0043060751631855965,False
22,irregular,2026,16,0.0,autonomous,test,0.005,0.6,0.06,0.0010256426176056266,0.05408991873264313,1.0906963348388672,0.0,1.0,-0.015031516551971436,0.0,True
22,irregular,2026,16,0.0,autonomous,test,0.005,0.6,0.12,0.0010262400610372424,0.054105669260025024,1.090660810470581,0.0,1.0,-0.03200012445449829,0.0,True
22,irregular,2026,16,0.0,autonomous,test,0.005,0.6,0.24,0.0010287484619766474,0.05417175590991974,1.090559720993042,0.0,1.0,-0.06858823448419571,0.0,True
22,irregular,2026,16,0.0,autonomous,test,0.005,1.2,0.06,0.004481077194213867,0.08473271876573563,1.1429955959320068,0.0,1.0,-0.01281440258026123,0.0,True
22,irregular,2026,16,0.0,autonomous,test,0.005,1.2,0.12,0.004481346346437931,0.08473525941371918,1.1429719924926758,0.0,1.0,-0.027207136154174805,0.0,True
22,irregular,2026,16,0.0,autonomous,test,0.005,1.2,0.24,0.004481220617890358,0.08473407477140427,1.1428654193878174,0.0,1.0,-0.061948418617248535,0.0,True
22,irregular,2026,16,0.0,autonomous,test,0.005,2.4,0.06,0.011604826897382736,0.11275190860033035,1.1553878784179688,0.0,0.917187511920929,0.0039528608322143555,0.00012144539505243301,True
22,irregular,2026,16,0.0,autonomous,test,0.005,2.4,0.12,0.011601980775594711,0.11273807287216187,1.1553878784179688,0.0,0.9156249761581421,0.007899641990661621,0.00023983213759493083,True
22,irregular,2026,16,0.0,autonomous,test,0.005,2.4,0.24,0.011587832123041153,0.11266931146383286,1.1553789377212524,0.0,0.9156249761581421,0.015439987182617188,0.0004507247358560562,True
22,irregular,2026,16,0.0,autonomous,test,0.02,0.6,0.06,0.0009746235446073115,0.05320626124739647,1.0869475603103638,0.0,1.0,-0.012680798768997192,0.0,True
22,irregular,2026,16,0.0,autonomous,test,0.02,0.6,0.12,0.000975170056335628,0.05322117730975151,1.0869131088256836,0.0,1.0,-0.026831448078155518,0.0,True
22,irregular,2026,16,0.0,autonomous,test,0.02,0.6,0.24,0.0009774963837116957,0.05328461900353432,1.0868141651153564,0.0,1.0,-0.05323509871959686,0.0,True
22,irregular,2026,16,0.0,autonomous,test,0.02,1.2,0.06,0.004165876656770706,0.08299139887094498,1.1414353847503662,0.0,1.0,-0.00394892692565918,0.0,True
22,irregular,2026,16,0.0,autonomous,test,0.02,1.2,0.12,0.004165695048868656,0.08298958837985992,1.141410231590271,0.0,1.0,-0.009198904037475586,0.0,True
22,irregular,2026,16,0.0,autonomous,test,0.02,1.2,0.24,0.004164255224168301,0.08297524601221085,1.1412971019744873,0.0,1.0,-0.02497124671936035,0.0,True
22,irregular,2026,16,0.0,autonomous,test,0.02,2.4,0.06,0.010829770937561989,0.11187253147363663,1.1552931070327759,0.0,0.848437488079071,0.006009340286254883,0.0003570184053387493,True
22,irregular,2026,16,0.0,autonomous,test,0.02,2.4,0.12,0.010825982317328453,0.11185295879840851,1.155291199684143,0.0,0.848437488079071,0.011860132217407227,0.0007087148842401803,True
22,irregular,2026,16,0.0,autonomous,test,0.02,2.4,0.24,0.010809430852532387,0.11176742613315582,1.1552789211273193,0.0,0.846875011920929,0.02354264259338379,0.0013732027728110552,True
22,irregular,2026,16,0.0,autonomous,test,0.08,0.6,0.06,0.0008278950699605048,0.05063698813319206,1.0735012292861938,0.0,1.0,-0.006245434284210205,0.0,True
22,irregular,2026,16,0.0,autonomous,test,0.08,0.6,0.12,0.0008283710340037942,0.050651539117097855,1.0734683275222778,0.0,1.0,-0.013081133365631104,0.0,True
22,irregular,2026,16,0.0,autonomous,test,0.08,0.6,0.24,0.0008302807109430432,0.05070989206433296,1.0733824968338013,0.0,1.0,-0.024644285440444946,0.0,True
22,irregular,2026,16,0.0,autonomous,test,0.08,1.2,0.06,0.003480457002297044,0.07950408011674881,1.13681960105896,0.0,1.0,-0.004003643989562988,0.0,True
22,irregular,2026,16,0.0,autonomous,test,0.08,1.2,0.12,0.0034799615386873484,0.07949842512607574,1.1367905139923096,0.0,1.0,-0.010221719741821289,0.0,True
22,irregular,2026,16,0.0,autonomous,test,0.08,1.2,0.24,0.003477369900792837,0.07946881651878357,1.1366634368896484,0.0,1.0,-0.028663575649261475,0.0,True
22,irregular,2026,16,0.0,autonomous,test,0.08,2.4,0.06,0.009864743798971176,0.11307689547538757,1.1546008586883545,0.0,0.79296875,0.006738781929016113,0.0005646618083119392,True
22,irregular,2026,16,0.0,autonomous,test,0.08,2.4,0.12,0.009860914200544357,0.11305494606494904,1.154597282409668,0.0,0.793749988079071,0.013293862342834473,0.00112118199467659,True
22,irregular,2026,16,0.0,autonomous,test,0.08,2.4,0.24,0.009843988344073296,0.11295787245035172,1.1545772552490234,0.0,0.796875,0.025335192680358887,0.002184513956308365,True
22,irregular,2026,16,0.0,autonomous,stress,0.005,0.6,0.06,0.002828691154718399,0.07006782293319702,1.1551191806793213,0.0,1.0,-0.0263901948928833,0.0,True
22,irregular,2026,16,0.0,autonomous,stress,0.005,0.6,0.12,0.002828240627422929,0.07006224244832993,1.1551191806793213,0.0,1.0,-0.05751699209213257,0.0,True
22,irregular,2026,16,0.0,autonomous,stress,0.005,0.6,0.24,0.002827710472047329,0.07005567848682404,1.1551158428192139,0.0,1.0,-0.05749619007110596,0.0,True
22,irregular,2026,16,0.0,autonomous,stress,0.005,1.2,0.06,0.007909687235951424,0.100367471575737,1.1555349826812744,0.0,1.0,-0.0015844106674194336,0.0,True
22,irregular,2026,16,0.0,autonomous,stress,0.005,1.2,0.12,0.007907119579613209,0.10035117715597153,1.1555359363555908,0.0,1.0,-0.004097938537597656,0.0,True
22,irregular,2026,16,0.0,autonomous,stress,0.005,1.2,0.24,0.007894405163824558,0.10027046501636505,1.155531883239746,0.0,1.0,-0.012781500816345215,0.0,True
22,irregular,2026,16,0.0,autonomous,stress,0.005,2.4,0.06,0.013232889585196972,0.11853184551000595,1.1558095216751099,0.0,0.7914062738418579,0.0024271011352539062,0.00023906855494715273,True
22,irregular,2026,16,0.0,autonomous,stress,0.005,2.4,0.12,0.013230567798018456,0.11852144449949265,1.155810832977295,0.0,0.792187511920929,0.004825949668884277,0.000474471045890823,True
22,irregular,2026,16,0.0,autonomous,stress,0.005,2.4,0.24,0.013218322768807411,0.1184665784239769,1.1558096408843994,0.0,0.7875000238418579,0.00949561595916748,0.0009295266354456544,True
22,irregular,2026,16,0.0,autonomous,stress,0.02,0.6,0.06,0.0027032250072807074,0.06920528411865234,1.1523714065551758,0.0,1.0,-0.02040278911590576,0.0,True
22,irregular,2026,16,0.0,autonomous,stress,0.02,0.6,0.12,0.002702623838558793,0.06919758766889572,1.1523666381835938,0.0,1.0,-0.046344876289367676,0.0,True
22,irregular,2026,16,0.0,autonomous,stress,0.02,0.6,0.24,0.0027017940301448107,0.06918696314096451,1.1523504257202148,0.0,1.0,-0.046354055404663086,0.0,True
22,irregular,2026,16,0.0,autonomous,stress,0.02,1.2,0.06,0.007472073193639517,0.09946810454130173,1.1545631885528564,0.0,0.9937499761581421,0.0025490522384643555,9.360536751046311e-06,True
22,irregular,2026,16,0.0,autonomous,stress,0.02,1.2,0.12,0.007468781899660826,0.09944619238376617,1.1545616388320923,0.0,0.9937499761581421,0.0045528411865234375,1.8684566384763457e-05,True
22,irregular,2026,16,0.0,autonomous,stress,0.02,1.2,0.24,0.007454412057995796,0.09935048222541809,1.1545462608337402,0.0,0.9937499761581421,0.005927324295043945,3.704577829921618e-05,True
22,irregular,2026,16,0.0,autonomous,stress,0.02,2.4,0.06,0.012620724737644196,0.11961953341960907,1.1557496786117554,0.0,0.672656238079071,0.004211902618408203,0.0006751631153747439,True
22,irregular,2026,16,0.0,autonomous,stress,0.02,2.4,0.12,0.012617385014891624,0.1196037083864212,1.1557505130767822,0.0,0.6734374761581421,0.008379459381103516,0.0013414416462182999,True
22,irregular,2026,16,0.0,autonomous,stress,0.02,2.4,0.24,0.012602623552083969,0.1195337176322937,1.1557492017745972,0.0,0.6781250238418579,0.016273975372314453,0.0026539000682532787,True
22,irregular,2026,16,0.0,autonomous,stress,0.08,0.6,0.06,0.0023515094071626663,0.06691385805606842,1.1432931423187256,0.0,1.0,-0.008948445320129395,0.0,True
22,irregular,2026,16,0.0,autonomous,stress,0.08,0.6,0.12,0.002350879367440939,0.06690489500761032,1.1432795524597168,0.0,1.0,-0.02248072624206543,0.0,True
22,irregular,2026,16,0.0,autonomous,stress,0.08,0.6,0.24,0.0023496062494814396,0.0668867751955986,1.14323091506958,0.0,1.0,-0.022495388984680176,0.0,True
22,irregular,2026,16,0.0,autonomous,stress,0.08,1.2,0.06,0.006535601336508989,0.09820650517940521,1.1510686874389648,0.0,0.9515625238418579,0.004440665245056152,0.00010018572356784716,True
22,irregular,2026,16,0.0,autonomous,stress,0.08,1.2,0.12,0.006532114464789629,0.09818030148744583,1.1510595083236694,0.0,0.949999988079071,0.008803963661193848,0.00019692703790497035,True
22,irregular,2026,16,0.0,autonomous,stress,0.08,1.2,0.24,0.0065168896690011024,0.0980658233165741,1.1510124206542969,0.0,0.9750000238418579,0.017270922660827637,0.00029129310860298574,True
22,irregular,2026,16,0.0,autonomous,stress,0.08,2.4,0.06,0.01144188828766346,0.12132012844085693,1.1553590297698975,0.0,0.5835937261581421,0.005436539649963379,0.000993494177237153,True
22,irregular,2026,16,0.0,autonomous,stress,0.08,2.4,0.12,0.011437318287789822,0.12129589170217514,1.1553596258163452,0.0,0.589062511920929,0.010763168334960938,0.0019803002942353487,True
22,irregular,2026,16,0.0,autonomous,stress,0.08,2.4,0.24,0.011417115107178688,0.12118872255086899,1.155350923538208,0.0,0.59375,0.021251320838928223,0.0038839485496282578,True
23,irregular,2026,16,0.0,query,test,0.005,0.6,0.06,0.000885999295860529,0.050273019820451736,1.067883849143982,0.0,1.0,-0.015432357788085938,0.0,True
23,irregular,2026,16,0.0,query,test,0.005,0.6,0.12,0.0008757790201343596,0.0499822236597538,1.074764609336853,0.0,1.0,-0.032699912786483765,0.0,True
23,irregular,2026,16,0.0,query,test,0.005,0.6,0.24,0.0009044798207469285,0.05079462379217148,1.0822535753250122,0.0,1.0,-0.07029296457767487,0.0,True
23,irregular,2026,16,0.0,query,test,0.005,1.2,0.06,0.004078269004821777,0.08083470165729523,1.1139328479766846,0.0,1.0,-0.01275014877319336,0.0,True
23,irregular,2026,16,0.0,query,test,0.005,1.2,0.12,0.003947014920413494,0.07952328026294708,1.1222283840179443,0.0,1.0,-0.027921199798583984,0.0,True
23,irregular,2026,16,0.0,query,test,0.005,1.2,0.24,0.003952454775571823,0.07957806438207626,1.1360642910003662,0.0,1.0,-0.06607472896575928,0.0,True
23,irregular,2026,16,0.0,query,test,0.005,2.4,0.06,0.01090464647859335,0.10929753631353378,1.125270128250122,0.0,0.9242187738418579,0.0031054019927978516,9.626373503124341e-05,True
23,irregular,2026,16,0.0,query,test,0.005,2.4,0.12,0.010370701551437378,0.10658807307481766,1.133667230606079,0.0,0.9296875,0.005847573280334473,0.00018116607679985464,True
23,irregular,2026,16,0.0,query,test,0.005,2.4,0.24,0.009920588694512844,0.10424932837486267,1.1478173732757568,0.0,0.9375,0.012762069702148438,0.00028398557333275676,True
23,irregular,2026,16,0.0,query,test,0.02,0.6,0.06,0.0008429567096754909,0.04948196932673454,1.0642571449279785,0.0,1.0,-0.01305130124092102,0.0,True
23,irregular,2026,16,0.0,query,test,0.02,0.6,0.12,0.0008325885282829404,0.049176715314388275,1.0711371898651123,0.0,1.0,-0.02746802568435669,0.0,True
23,irregular,2026,16,0.0,query,test,0.02,0.6,0.24,0.0008600361179560423,0.04998073726892471,1.0786250829696655,0.0,1.0,-0.054675906896591187,0.0,True
23,irregular,2026,16,0.0,query,test,0.02,1.2,0.06,0.0038202423602342606,0.07947404682636261,1.112389326095581,0.0,1.0,-0.004167914390563965,0.0,True
23,irregular,2026,16,0.0,query,test,0.02,1.2,0.12,0.0036865840665996075,0.07807139307260513,1.1207093000411987,0.0,1.0,-0.010022282600402832,0.0,True
23,irregular,2026,16,0.0,query,test,0.02,1.2,0.24,0.0036789497826248407,0.07799051702022552,1.134564757347107,0.0,1.0,-0.0282590389251709,0.0,True
23,irregular,2026,16,0.0,query,test,0.02,2.4,0.06,0.010250912979245186,0.10884164273738861,1.125167965888977,0.0,0.8531249761581421,0.004496216773986816,0.00030418726964853704,True
23,irregular,2026,16,0.0,query,test,0.02,2.4,0.12,0.009703828021883965,0.10589741170406342,1.1335703134536743,0.0,0.854687511920929,0.00910651683807373,0.0005915440851822495,True
23,irregular,2026,16,0.0,query,test,0.02,2.4,0.24,0.009278779849410057,0.1035521849989891,1.1477251052856445,0.0,0.875,0.02035391330718994,0.0010340024018660188,True
23,irregular,2026,16,0.0,query,test,0.08,0.6,0.06,0.0007180991815403104,0.04715985059738159,1.0512571334838867,0.0,1.0,-0.0065035223960876465,0.0,True
23,irregular,2026,16,0.0,query,test,0.08,0.6,0.12,0.0007074146997183561,0.04680769518017769,1.0581326484680176,0.0,1.0,-0.013498663902282715,0.0,True
23,irregular,2026,16,0.0,query,test,0.08,0.6,0.24,0.0007324895705096424,0.04763003811240196,1.065612554550171,0.0,1.0,-0.025441348552703857,0.0,True
23,irregular,2026,16,0.0,query,test,0.08,1.2,0.06,0.003230283036828041,0.07659343630075455,1.1078333854675293,0.0,1.0,-0.004158139228820801,0.0,True
23,irregular,2026,16,0.0,query,test,0.08,1.2,0.12,0.003099336288869381,0.07502493262290955,1.1162205934524536,0.0,1.0,-0.010796546936035156,0.0,True
23,irregular,2026,16,0.0,query,test,0.08,1.2,0.24,0.0030980203300714493,0.07500900328159332,1.1301310062408447,0.0,1.0,-0.028780758380889893,0.0,True
23,irregular,2026,16,0.0,query,test,0.08,2.4,0.06,0.009505119174718857,0.11099662631750107,1.1244449615478516,0.0,0.792187511920929,0.004923224449157715,0.000497599714435637,True
23,irregular,2026,16,0.0,query,test,0.08,2.4,0.12,0.008839364163577557,0.10703886300325394,1.13287353515625,0.0,0.800000011920929,0.010326385498046875,0.0009722208487801254,True
23,irregular,2026,16,0.0,query,test,0.08,2.4,0.24,0.008548579178750515,0.10526353865861893,1.1470645666122437,0.0,0.8062499761581421,0.022335290908813477,0.0017339471960440278,True
23,irregular,2026,16,0.0,query,stress,0.005,0.6,0.06,0.0025860005989670753,0.06699465215206146,1.1365174055099487,0.0,1.0,-0.0266873836517334,0.0,True
23,irregular,2026,16,0.0,query,stress,0.005,0.6,0.12,0.0025357059203088284,0.06633997708559036,1.13729727268219,0.0,1.0,-0.0590130090713501,0.0,True
23,irregular,2026,16,0.0,query,stress,0.005,0.6,0.24,0.0024788216687738895,0.06559164077043533,1.1447627544403076,0.0,1.0,-0.05933952331542969,0.0,True
23,irregular,2026,16,0.0,query,stress,0.005,1.2,0.06,0.00697749387472868,0.09426772594451904,1.1274681091308594,0.0,1.0,-0.00219571590423584,0.0,True
23,irregular,2026,16,0.0,query,stress,0.005,1.2,0.12,0.006908970884978771,0.09380370378494263,1.1345134973526,0.0,1.0,-0.005406618118286133,0.0,True
23,irregular,2026,16,0.0,query,stress,0.005,1.2,0.24,0.00688504334539175,0.09364113211631775,1.1481871604919434,0.0,1.0,-0.016346216201782227,0.0,True
23,irregular,2026,16,0.0,query,stress,0.005,2.4,0.06,0.0116350669413805,0.11114555597305298,1.1257206201553345,0.0,0.813281238079071,0.0026057958602905273,0.00018716025806497782,True
23,irregular,2026,16,0.0,query,stress,0.005,2.4,0.12,0.01144287921488285,0.11022379249334335,1.1340951919555664,0.0,0.8109375238418579,0.004717469215393066,0.0003621267096605152,True
23,irregular,2026,16,0.0,query,stress,0.005,2.4,0.24,0.011358031071722507,0.10981437563896179,1.148220181465149,0.0,0.8218749761581421,0.007916688919067383,0.0006262101233005524,True
23,irregular,2026,16,0.0,query,stress,0.02,0.6,0.06,0.0024804184213280678,0.0662919208407402,1.1357346773147583,0.0,1.0,-0.02059769630432129,0.0,True
23,irregular,2026,16,0.0,query,stress,0.02,0.6,0.12,0.00242968974635005,0.06561052799224854,1.1346184015274048,0.0,1.0,-0.0469585657119751,0.0,True
23,irregular,2026,16,0.0,query,stress,0.02,0.6,0.24,0.0023705700878053904,0.06480739265680313,1.1420834064483643,0.0,1.0,-0.047350406646728516,0.0,True
23,irregular,2026,16,0.0,query,stress,0.02,1.2,0.06,0.006624783389270306,0.0936589166522026,1.12689208984375,0.0,0.995312511920929,0.0019742250442504883,6.318092346191406e-06,True
23,irregular,2026,16,0.0,query,stress,0.02,1.2,0.12,0.006549432873725891,0.09312475472688675,1.1335574388504028,0.0,0.9937499761581421,0.0033184289932250977,1.0772421774163377e-05,True
23,irregular,2026,16,0.0,query,stress,0.02,1.2,0.24,0.006511716637760401,0.09285622835159302,1.147242546081543,0.0,0.9937499761581421,0.002472400665283203,1.545250415802002e-05,True
23,irregular,2026,16,0.0,query,stress,0.02,2.4,0.06,0.01113019697368145,0.11233403533697128,1.1256574392318726,0.0,0.686718761920929,0.00390779972076416,0.0005640654708258808,True
23,irregular,2026,16,0.0,query,stress,0.02,2.4,0.12,0.010885229334235191,0.11109096556901932,1.134034514427185,0.0,0.684374988079071,0.0070819854736328125,0.001118621090427041,True
23,irregular,2026,16,0.0,query,stress,0.02,2.4,0.24,0.010895066894590855,0.1111411601305008,1.1481637954711914,0.0,0.690625011920929,0.013669133186340332,0.0020863027311861515,True
23,irregular,2026,16,0.0,query,stress,0.08,0.6,0.06,0.0021807041484862566,0.0644378587603569,1.1263498067855835,0.0,1.0,-0.009000897407531738,0.0,True
23,irregular,2026,16,0.0,query,stress,0.08,0.6,0.12,0.002129035536199808,0.06366990506649017,1.125781536102295,0.0,1.0,-0.022845864295959473,0.0,True
23,irregular,2026,16,0.0,query,stress,0.08,0.6,0.24,0.002068381989374757,0.06275641173124313,1.1332478523254395,0.0,1.0,-0.023348450660705566,0.0,True
23,irregular,2026,16,0.0,query,stress,0.08,1.2,0.06,0.005841230507940054,0.09284310042858124,1.1224334239959717,0.0,0.957812488079071,0.004001021385192871,7.82260685809888e-05,True
23,irregular,2026,16,0.0,query,stress,0.08,1.2,0.12,0.0057512316852808,0.09212508052587509,1.1301230192184448,0.0,0.9593750238418579,0.007805347442626953,0.0001443963556084782,True
23,irregular,2026,16,0.0,query,stress,0.08,1.2,0.24,0.005728702526539564,0.09194446355104446,1.1438496112823486,0.0,0.9750000238418579,0.014245748519897461,0.00021597444720100611,True
23,irregular,2026,16,0.0,query,stress,0.08,2.4,0.06,0.009925810620188713,0.11299702525138855,1.125241994857788,0.0,0.585156261920929,0.004912257194519043,0.0008483726414851844,True
23,irregular,2026,16,0.0,query,stress,0.08,2.4,0.12,0.009672429412603378,0.11154543608427048,1.1336385011672974,0.0,0.590624988079071,0.008649110794067383,0.0016851652180776,True
23,irregular,2026,16,0.0,query,stress,0.08,2.4,0.24,0.010088173672556877,0.11391745507717133,1.1477899551391602,0.0,0.6000000238418579,0.018384337425231934,0.003194323508068919,True
24,irregular,2026,16,0.01,autonomous,test,0.005,0.6,0.06,0.0010859016329050064,0.05565619841217995,1.0951035022735596,0.0,1.0,-0.015082031488418579,0.0,True
24,irregular,2026,16,0.01,autonomous,test,0.005,0.6,0.12,0.0010865009389817715,0.05567155033349991,1.0950678586959839,0.0,1.0,-0.03210499882698059,0.0,True
24,irregular,2026,16,0.01,autonomous,test,0.005,0.6,0.24,0.0010890053818002343,0.05573568120598793,1.0949673652648926,0.0,1.0,-0.06840196251869202,0.0,True
24,irregular,2026,16,0.01,autonomous,test,0.005,1.2,0.06,0.004834149498492479,0.08800755441188812,1.1487680673599243,0.0,1.0,-0.012252092361450195,0.0,True
24,irregular,2026,16,0.01,autonomous,test,0.005,1.2,0.12,0.004834336694329977,0.08800926059484482,1.148743987083435,0.0,1.0,-0.026050806045532227,0.0,True
24,irregular,2026,16,0.01,autonomous,test,0.005,1.2,0.24,0.004833798855543137,0.08800436556339264,1.148635983467102,0.0,1.0,-0.05955004692077637,0.0,True
24,irregular,2026,16,0.01,autonomous,test,0.005,2.4,0.06,0.013101223856210709,0.11980101466178894,1.1614227294921875,0.0,0.9085937738418579,0.004515409469604492,0.00014980090782046318,True
24,irregular,2026,16,0.01,autonomous,test,0.005,2.4,0.12,0.013098102062940598,0.11978674679994583,1.1614224910736084,0.0,0.910937488079071,0.00899958610534668,0.00029637105762958527,True
24,irregular,2026,16,0.01,autonomous,test,0.005,2.4,0.24,0.013082914054393768,0.11971726268529892,1.161413550376892,0.0,0.9125000238418579,0.017534613609313965,0.0005634654080495238,True
24,irregular,2026,16,0.01,autonomous,test,0.02,0.6,0.06,0.00103187863714993,0.05474678426980972,1.0913190841674805,0.0,1.0,-0.01273190975189209,0.0,True
24,irregular,2026,16,0.01,autonomous,test,0.02,0.6,0.12,0.0010324208997189999,0.054761163890361786,1.0912833213806152,0.0,1.0,-0.026938825845718384,0.0,True
24,irregular,2026,16,0.01,autonomous,test,0.02,0.6,0.24,0.0010347405914217234,0.0548226535320282,1.0911861658096313,0.0,1.0,-0.05313488841056824,0.0,True
24,irregular,2026,16,0.01,autonomous,test,0.02,1.2,0.06,0.004498010501265526,0.08623629808425903,1.1471956968307495,0.0,1.0,-0.0035735368728637695,0.0,True
24,irregular,2026,16,0.01,autonomous,test,0.02,1.2,0.12,0.004497728310525417,0.08623358607292175,1.1471692323684692,0.0,1.0,-0.008418798446655273,0.0,True
24,irregular,2026,16,0.01,autonomous,test,0.02,1.2,0.24,0.00449589267373085,0.08621598780155182,1.1470550298690796,0.0,1.0,-0.02331721782684326,0.0,True
24,irregular,2026,16,0.01,autonomous,test,0.02,2.4,0.06,0.011990856379270554,0.11771693080663681,1.1613272428512573,0.0,0.8421875238418579,0.006559610366821289,0.00040135710150934756,True
24,irregular,2026,16,0.01,autonomous,test,0.02,2.4,0.12,0.011987037025392056,0.11769818514585495,1.1613261699676514,0.0,0.840624988079071,0.01288902759552002,0.0007979542133398354,True
24,irregular,2026,16,0.01,autonomous,test,0.02,2.4,0.24,0.011970353312790394,0.11761624366044998,1.161313772201538,0.0,0.846875011920929,0.02571737766265869,0.0015467156190425158,True
24,irregular,2026,16,0.01,autonomous,test,0.08,0.6,0.06,0.0008752571884542704,0.05206526070833206,1.07774019241333,0.0,1.0,-0.0062989890575408936,0.0,True
24,irregular,2026,16,0.01,autonomous,test,0.08,0.6,0.12,0.0008757259929552674,0.052079200744628906,1.077707290649414,0.0,1.0,-0.01319780945777893,0.0,True
24,irregular,2026,16,0.01,autonomous,test,0.08,0.6,0.24,0.0008776175091043115,0.0521354153752327,1.0776230096817017,0.0,1.0,-0.024880170822143555,0.0,True
24,irregular,2026,16,0.01,autonomous,test,0.08,1.2,0.06,0.00375768868252635,0.08260981738567352,1.1425397396087646,0.0,1.0,-0.0035321712493896484,0.0,True
24,irregular,2026,16,0.01,autonomous,test,0.08,1.2,0.12,0.0037571052089333534,0.08260340988636017,1.142510175704956,0.0,1.0,-0.00927579402923584,0.0,True
24,irregular,2026,16,0.01,autonomous,test,0.08,1.2,0.24,0.0037541494239121675,0.08257090300321579,1.1423815488815308,0.0,1.0,-0.028936266899108887,0.0,True
24,irregular,2026,16,0.01,autonomous,test,0.08,2.4,0.06,0.010849656537175179,0.11858751624822617,1.1606323719024658,0.0,0.7875000238418579,0.0072939395904541016,0.0006222384981811047,True
24,irregular,2026,16,0.01,autonomous,test,0.08,2.4,0.12,0.010845988988876343,0.11856747418642044,1.1606287956237793,0.0,0.785937488079071,0.014362335205078125,0.00123574526514858,True
24,irregular,2026,16,0.01,autonomous,test,0.08,2.4,0.24,0.01082967221736908,0.11847824603319168,1.1606088876724243,0.0,0.7906249761581421,0.027306437492370605,0.002410179702565074,True
24,irregular,2026,16,0.01,autonomous,stress,0.005,0.6,0.06,0.0030132136307656765,0.07231707125902176,1.1600676774978638,0.0,1.0,-0.02603459358215332,0.0,True
24,irregular,2026,16,0.01,autonomous,stress,0.005,0.6,0.12,0.0030127614736557007,0.0723116397857666,1.160065770149231,0.0,1.0,-0.05701923370361328,0.0,True
24,irregular,2026,16,0.01,autonomous,stress,0.005,0.6,0.24,0.0030122091993689537,0.07230501621961594,1.160055160522461,0.0,1.0,-0.056997060775756836,0.0,True
24,irregular,2026,16,0.01,autonomous,stress,0.005,1.2,0.06,0.008464738726615906,0.10382933169603348,1.1613788604736328,0.0,1.0,-0.0012024641036987305,0.0,True
24,irregular,2026,16,0.01,autonomous,stress,0.005,1.2,0.12,0.00846204161643982,0.1038127914071083,1.161378264427185,0.0,1.0,-0.0033091306686401367,0.0,True
24,irregular,2026,16,0.01,autonomous,stress,0.005,1.2,0.24,0.008448680862784386,0.10373080521821976,1.1613712310791016,0.0,1.0,-0.01111292839050293,0.0,True
24,irregular,2026,16,0.01,autonomous,stress,0.005,2.4,0.06,0.014280539937317371,0.1231345683336258,1.1618409156799316,0.0,0.778124988079071,0.002601146697998047,0.0002809368015732616,True
24,irregular,2026,16,0.01,autonomous,stress,0.005,2.4,0.12,0.014278147369623184,0.12312425673007965,1.161842703819275,0.0,0.7796875238418579,0.0051577091217041016,0.0005570499342866242,True
24,irregular,2026,16,0.01,autonomous,stress,0.005,2.4,0.24,0.014265444129705429,0.12306947261095047,1.1618421077728271,0.0,0.784375011920929,0.01023876667022705,0.0010945156682282686,True
24,irregular,2026,16,0.01,autonomous,stress,0.02,0.6,0.06,0.00288129854016006,0.07144836336374283,1.157299518585205,0.0,1.0,-0.020051002502441406,0.0,True
24,irregular,2026,16,0.01,autonomous,stress,0.02,0.6,0.12,0.0028806652408093214,0.07144051045179367,1.1572930812835693,0.0,1.0,-0.04570889472961426,0.0,True
24,irregular,2026,16,0.01,autonomous,stress,0.02,0.6,0.24,0.0028798168059438467,0.07142998278141022,1.1572703123092651,0.0,1.0,-0.045717835426330566,0.0,True
24,irregular,2026,16,0.01,autonomous,stress,0.02,1.2,0.06,0.007997225038707256,0.10290416330099106,1.1604024171829224,0.0,0.9921875,0.002912163734436035,1.2087262803106569e-05,True
24,irregular,2026,16,0.01,autonomous,stress,0.02,1.2,0.12,0.007993790321052074,0.10288205742835999,1.1604008674621582,0.0,0.9937499761581421,0.0053054094314575195,2.3695454729022458e-05,True
24,irregular,2026,16,0.01,autonomous,stress,0.02,1.2,0.24,0.007978776469826698,0.10278540104627609,1.1603825092315674,0.0,0.9937499761581421,0.007529497146606445,4.7059358621481806e-05,True
24,irregular,2026,16,0.01,autonomous,stress,0.02,2.4,0.06,0.013586042448878288,0.1241099089384079,1.1617822647094727,0.0,0.6656249761581421,0.004616737365722656,0.0007443905924446881,True
24,irregular,2026,16,0.01,autonomous,stress,0.02,2.4,0.12,0.013582590967416763,0.12409413605928421,1.161783218383789,0.0,0.660937488079071,0.00914907455444336,0.0014817004557698965,True
24,irregular,2026,16,0.01,autonomous,stress,0.02,2.4,0.24,0.013567423447966576,0.12402483075857162,1.1617815494537354,0.0,0.675000011920929,0.01766204833984375,0.002921497914940119,True
24,irregular,2026,16,0.01,autonomous,stress,0.08,0.6,0.06,0.0025091583374887705,0.06912048161029816,1.1481542587280273,0.0,1.0,-0.008614063262939453,0.0,True
24,irregular,2026,16,0.01,autonomous,stress,0.08,0.6,0.12,0.002508503384888172,0.06911145895719528,1.1481387615203857,0.0,1.0,-0.02186596393585205,0.0,True
24,irregular,2026,16,0.01,autonomous,stress,0.08,0.6,0.24,0.002507183700799942,0.06909327208995819,1.1480854749679565,0.0,1.0,-0.021880626678466797,0.0,True
24,irregular,2026,16,0.01,autonomous,stress,0.08,1.2,0.06,0.006980842910706997,0.10149657726287842,1.1568905115127563,0.0,0.9453125,0.004753828048706055,0.00012030452489852905,True
24,irregular,2026,16,0.01,autonomous,stress,0.08,1.2,0.12,0.0069771986454725266,0.10147008299827576,1.1568795442581177,0.0,0.9468749761581421,0.009403347969055176,0.0002379164070589468,True
24,irregular,2026,16,0.01,autonomous,stress,0.08,1.2,0.24,0.00696130096912384,0.10135442018508911,1.1568303108215332,0.0,0.9437500238418579,0.018567562103271484,0.0003534540592227131,True
24,irregular,2026,16,0.01,autonomous,stress,0.08,2.4,0.06,0.012237733229994774,0.1254684329032898,1.161393642425537,0.0,0.5726562738418579,0.005887627601623535,0.0010804424528032541,True
24,irregular,2026,16,0.01,autonomous,stress,0.08,2.4,0.12,0.012233026325702667,0.12544430792331696,1.1613930463790894,0.0,0.574999988079071,0.011699438095092773,0.0021518529392778873,True
24,irregular,2026,16,0.01,autonomous,stress,0.08,2.4,0.24,0.012212170287966728,0.12533733248710632,1.1613845825195312,0.0,0.574999988079071,0.022975683212280273,0.004223364870995283,True
25,irregular,2026,16,0.01,query,test,0.005,0.6,0.06,0.0012947184732183814,0.06077234074473381,1.0735464096069336,0.0,1.0,-0.01571008563041687,0.0,True
25,irregular,2026,16,0.01,query,test,0.005,0.6,0.12,0.0010933419689536095,0.05584654584527016,1.0811469554901123,0.0,1.0,-0.03306838870048523,0.0,True
25,irregular,2026,16,0.01,query,test,0.005,0.6,0.24,0.0010153482435271144,0.053817782551050186,1.0895986557006836,0.0,1.0,-0.07058370113372803,0.0,True
25,irregular,2026,16,0.01,query,test,0.005,1.2,0.06,0.0063215442933142185,0.1006402000784874,1.12185537815094,0.0,1.0,-0.010916352272033691,0.0,True
25,irregular,2026,16,0.01,query,test,0.005,1.2,0.12,0.005186581984162331,0.09115920960903168,1.1308588981628418,0.0,1.0,-0.02500736713409424,0.0,True
25,irregular,2026,16,0.01,query,test,0.005,1.2,0.24,0.004469600506126881,0.08462414145469666,1.1459041833877563,0.0,1.0,-0.06330728530883789,0.0,True
25,irregular,2026,16,0.01,query,test,0.005,2.4,0.06,0.022590793669223785,0.15731506049633026,1.134130597114563,0.0,0.9039062261581421,0.0041239261627197266,0.0001566070131957531,True
25,irregular,2026,16,0.01,query,test,0.005,2.4,0.12,0.016386527568101883,0.13398247957229614,1.1428321599960327,0.0,0.9078124761581421,0.007532477378845215,0.00029300060123205185,True
25,irregular,2026,16,0.01,query,test,0.005,2.4,0.24,0.011202260851860046,0.11077899485826492,1.1580185890197754,0.0,0.921875,0.015143632888793945,0.0004066459950990975,True
25,irregular,2026,16,0.01,query,test,0.02,0.6,0.06,0.0012467065826058388,0.06017643213272095,1.0698294639587402,0.0,1.0,-0.013327479362487793,0.0,True
25,irregular,2026,16,0.01,query,test,0.02,0.6,0.12,0.0010446237865835428,0.05508384481072426,1.0774435997009277,0.0,1.0,-0.027838677167892456,0.0,True
25,irregular,2026,16,0.01,query,test,0.02,0.6,0.24,0.0009662205120548606,0.052976399660110474,1.0859218835830688,0.0,1.0,-0.05499322712421417,0.0,True
25,irregular,2026,16,0.01,query,test,0.02,1.2,0.06,0.006038689985871315,0.09991972893476486,1.1202601194381714,0.0,1.0,-0.003327608108520508,0.0,True
25,irregular,2026,16,0.01,query,test,0.02,1.2,0.12,0.004890665411949158,0.08992156386375427,1.1293022632598877,0.0,1.0,-0.008350849151611328,0.0,True
25,irregular,2026,16,0.01,query,test,0.02,1.2,0.24,0.004175086505711079,0.08308307826519012,1.1443954706192017,0.0,1.0,-0.025513052940368652,0.0,True
25,irregular,2026,16,0.01,query,test,0.02,2.4,0.06,0.020138977095484734,0.1525571346282959,1.134056568145752,0.0,0.8421875238418579,0.0053490400314331055,0.0004063333326485008,True
25,irregular,2026,16,0.01,query,test,0.02,2.4,0.12,0.014646157622337341,0.13009952008724213,1.1427323818206787,0.0,0.84375,0.010731697082519531,0.0007779616862535477,True
25,irregular,2026,16,0.01,query,test,0.02,2.4,0.24,0.010537523776292801,0.11035273969173431,1.1579281091690063,0.0,0.856249988079071,0.023926138877868652,0.001304266625083983,True
25,irregular,2026,16,0.01,query,test,0.08,0.6,0.06,0.001104865805245936,0.05849719047546387,1.0564980506896973,0.0,1.0,-0.006774187088012695,0.0,True
25,irregular,2026,16,0.01,query,test,0.08,0.6,0.12,0.0009011677466332912,0.0528302937746048,1.0641599893569946,0.0,1.0,-0.013878732919692993,0.0,True
25,irregular,2026,16,0.01,query,test,0.08,0.6,0.24,0.0008238767040893435,0.05051394924521446,1.0727324485778809,0.0,1.0,-0.0259091854095459,0.0,True
25,irregular,2026,16,0.01,query,test,0.08,1.2,0.06,0.005391476675868034,0.09895212948322296,1.1155372858047485,0.0,1.0,-0.0028450489044189453,0.0,True
25,irregular,2026,16,0.01,query,test,0.08,1.2,0.12,0.004212001338601112,0.08746122568845749,1.1246932744979858,0.0,1.0,-0.008626580238342285,0.0,True
25,irregular,2026,16,0.01,query,test,0.08,1.2,0.24,0.0035420586355030537,0.08020457625389099,1.1399338245391846,0.0,1.0,-0.028694123029708862,0.0,True
25,irregular,2026,16,0.01,query,test,0.08,2.4,0.06,0.019212428480386734,0.15780548751354218,1.133666753768921,0.0,0.7749999761581421,0.005774736404418945,0.0006403729203157127,True
25,irregular,2026,16,0.01,query,test,0.08,2.4,0.12,0.01348625123500824,0.1322137415409088,1.1420097351074219,0.0,0.7796875238418579,0.011981010437011719,0.0012235476169735193,True
25,irregular,2026,16,0.01,query,test,0.08,2.4,0.24,0.009755948558449745,0.11245162039995193,1.1572763919830322,0.0,0.793749988079071,0.025447487831115723,0.0021026756148785353,True
25,irregular,2026,16,0.01,query,stress,0.005,0.6,0.06,0.0032055131159722805,0.07458897680044174,1.1439330577850342,0.0,1.0,-0.02573680877685547,0.0,True
25,irregular,2026,16,0.01,query,stress,0.005,0.6,0.12,0.002990931738168001,0.07204919308423996,1.144834041595459,0.0,1.0,-0.05755937099456787,0.0,True
25,irregular,2026,16,0.01,query,stress,0.005,0.6,0.24,0.002825746778398752,0.07003134489059448,1.1528449058532715,0.0,1.0,-0.058341264724731445,0.0,True
25,irregular,2026,16,0.01,query,stress,0.005,1.2,0.06,0.008913414552807808,0.10654556006193161,1.1362559795379639,0.0,1.0,-0.0013437271118164062,0.0,True
25,irregular,2026,16,0.01,query,stress,0.005,1.2,0.12,0.008281994611024857,0.10270244628190994,1.1433910131454468,0.0,1.0,-0.0037610530853271484,0.0,True
25,irregular,2026,16,0.01,query,stress,0.005,1.2,0.24,0.007839817553758621,0.09992318600416183,1.1580660343170166,0.0,1.0,-0.013415217399597168,0.0,True
25,irregular,2026,16,0.01,query,stress,0.005,2.4,0.06,0.017252177000045776,0.135341078042984,1.1346871852874756,0.0,0.7828124761581421,0.0031881332397460938,0.00028622933314181864,True
25,irregular,2026,16,0.01,query,stress,0.005,2.4,0.12,0.014726074412465096,0.12504063546657562,1.143265962600708,0.0,0.784375011920929,0.005624294281005859,0.0005331989377737045,True
25,irregular,2026,16,0.01,query,stress,0.005,2.4,0.24,0.01290302723646164,0.11704516410827637,1.158413052558899,0.0,0.800000011920929,0.009343981742858887,0.0008496191585436463,True
25,irregular,2026,16,0.01,query,stress,0.02,0.6,0.06,0.003089753445237875,0.07398778945207596,1.1431553363800049,0.0,1.0,-0.019645094871520996,0.0,True
25,irregular,2026,16,0.01,query,stress,0.02,0.6,0.12,0.00287294527515769,0.07134471833705902,1.142113208770752,0.0,1.0,-0.045511603355407715,0.0,True
25,irregular,2026,16,0.01,query,stress,0.02,0.6,0.24,0.0027060513384640217,0.06924144923686981,1.1501384973526,0.0,1.0,-0.046368956565856934,0.0,True
25,irregular,2026,16,0.01,query,stress,0.02,1.2,0.06,0.008513975888490677,0.10617677122354507,1.1356966495513916,0.0,0.989062488079071,0.0028002262115478516,1.3494119230017532e-05,True
25,irregular,2026,16,0.01,query,stress,0.02,1.2,0.12,0.007867742329835892,0.10206770896911621,1.1424188613891602,0.0,0.9937499761581421,0.004911541938781738,2.1416693925857544e-05,True
25,irregular,2026,16,0.01,query,stress,0.02,1.2,0.24,0.007435917854309082,0.0992271676659584,1.1571204662322998,0.0,0.9937499761581421,0.0052918195724487305,3.307387305540033e-05,True
25,irregular,2026,16,0.01,query,stress,0.02,2.4,0.06,0.01680389605462551,0.13802728056907654,1.1346220970153809,0.0,0.667187511920929,0.004704594612121582,0.0007161501562222838,True
25,irregular,2026,16,0.01,query,stress,0.02,2.4,0.12,0.014071698300540447,0.12630867958068848,1.1432043313980103,0.0,0.671875,0.008269548416137695,0.0013977268245071173,True
25,irregular,2026,16,0.01,query,stress,0.02,2.4,0.24,0.012417960911989212,0.11865474283695221,1.1583576202392578,0.0,0.6781250238418579,0.015885114669799805,0.0025302921421825886,True
25,irregular,2026,16,0.01,query,stress,0.08,0.6,0.06,0.0027566934004426003,0.07244975864887238,1.1338425874710083,0.0,1.0,-0.008052468299865723,0.0,True
25,irregular,2026,16,0.01,query,stress,0.08,0.6,0.12,0.0025341403670608997,0.06946372240781784,1.1331298351287842,0.0,1.0,-0.02140343189239502,0.0,True
25,irregular,2026,16,0.01,query,stress,0.08,0.6,0.24,0.0023681079037487507,0.06714960187673569,1.1412107944488525,0.0,1.0,-0.022379517555236816,0.0,True
25,irregular,2026,16,0.01,query,stress,0.08,1.2,0.06,0.0076002865098416805,0.10590402036905289,1.131375789642334,0.0,0.948437511920929,0.004763484001159668,0.00012322384282015264,True
25,irregular,2026,16,0.01,query,stress,0.08,1.2,0.12,0.006918988190591335,0.10104591399431229,1.1389185190200806,0.0,0.9468749761581421,0.009118914604187012,0.00022169016301631927,True
25,irregular,2026,16,0.01,query,stress,0.08,1.2,0.24,0.006571597419679165,0.0984765812754631,1.153719186782837,0.0,0.96875,0.01656651496887207,0.000278836494544521,True
25,irregular,2026,16,0.01,query,stress,0.08,2.4,0.06,0.015057472512125969,0.13917462527751923,1.134165644645691,0.0,0.5679687261581421,0.005829572677612305,0.001047970843501389,True
25,irregular,2026,16,0.01,query,stress,0.08,2.4,0.12,0.012389611452817917,0.12624461948871613,1.1428004503250122,0.0,0.5703125,0.010219335556030273,0.002043831627815962,True
25,irregular,2026,16,0.01,query,stress,0.08,2.4,0.24,0.011586993932723999,0.12208699434995651,1.15799081325531,0.0,0.590624988079071,0.02129054069519043,0.0037592537701129913,True
26,irregular,2026,128,0.0,autonomous,test,0.005,0.6,0.06,0.00016110509750433266,0.02143744006752968,1.0248064994812012,0.0,1.0,-0.015931755304336548,0.0,True
26,irregular,2026,128,0.0,autonomous,test,0.005,0.6,0.12,0.00016128407150972635,0.021449344232678413,1.0247774124145508,0.0,1.0,-0.03399193286895752,0.0,True
26,irregular,2026,128,0.0,autonomous,test,0.005,0.6,0.24,0.00016216066433116794,0.02150755561888218,1.0246829986572266,0.0,1.0,-0.07355615496635437,0.0,True
26,irregular,2026,128,0.0,autonomous,test,0.005,1.2,0.06,0.0007017380557954311,0.0335310734808445,1.0580298900604248,0.0,1.0,-0.015931755304336548,0.0,True
26,irregular,2026,128,0.0,autonomous,test,0.005,1.2,0.12,0.0007018345640972257,0.03353337571024895,1.0580140352249146,0.0,1.0,-0.03399193286895752,0.0,True
26,irregular,2026,128,0.0,autonomous,test,0.005,1.2,0.24,0.0007017794996500015,0.03353206440806389,1.057938814163208,0.0,1.0,-0.07703155279159546,0.0,True
26,irregular,2026,128,0.0,autonomous,test,0.005,2.4,0.06,0.0018755753990262747,0.04532855004072189,1.0665284395217896,0.0,0.9984375238418579,0.00010859966278076172,1.05146320095173e-07,True
26,irregular,2026,128,0.0,autonomous,test,0.005,2.4,0.12,0.0018746177665889263,0.04531697556376457,1.066529393196106,0.0,0.9984375238418579,0.0001348257064819336,2.106651635358503e-07,True
26,irregular,2026,128,0.0,autonomous,test,0.005,2.4,0.24,0.0018697555642575026,0.04525816813111305,1.066522240638733,0.0,1.0,-0.0002428293228149414,0.0,True
26,irregular,2026,128,0.0,autonomous,test,0.02,0.6,0.06,0.00015288047143258154,0.02107270620763302,1.02153480052948,0.0,1.0,-0.013499617576599121,0.0,True
26,irregular,2026,128,0.0,autonomous,test,0.02,0.6,0.12,0.00015304519911296666,0.021084055304527283,1.0215039253234863,0.0,1.0,-0.028624624013900757,0.0,True
26,irregular,2026,128,0.0,autonomous,test,0.02,0.6,0.24,0.00015385950973723084,0.021140074357390404,1.0214093923568726,0.0,1.0,-0.05727996677160263,0.0,True
26,irregular,2026,128,0.0,autonomous,test,0.02,1.2,0.06,0.0006507029756903648,0.03279980272054672,1.0566288232803345,0.0,1.0,-0.008705735206604004,0.0,True
26,irregular,2026,128,0.0,autonomous,test,0.02,1.2,0.12,0.0006506190402433276,0.032797690480947495,1.056611180305481,0.0,1.0,-0.01891803741455078,0.0,True
26,irregular,2026,128,0.0,autonomous,test,0.02,1.2,0.24,0.0006500206072814763,0.032782603055238724,1.0565282106399536,0.0,1.0,-0.04493236541748047,0.0,True
26,irregular,2026,128,0.0,autonomous,test,0.02,2.4,0.06,0.0017446805723011494,0.044902630150318146,1.0664288997650146,0.0,0.9624999761581421,0.0007493495941162109,1.19639562399243e-05,True
26,irregular,2026,128,0.0,autonomous,test,0.02,2.4,0.12,0.0017433271277695894,0.04488521069288254,1.0664275884628296,0.0,0.9624999761581421,0.0014679431915283203,2.3259966837940738e-05,True
26,irregular,2026,128,0.0,autonomous,test,0.02,2.4,0.24,0.0017374037997797132,0.04480889439582825,1.0664178133010864,0.0,0.965624988079071,0.002609848976135254,4.2309613490942866e-05,True
26,irregular,2026,128,0.0,autonomous,test,0.08,0.6,0.06,0.00012923928443342447,0.02000679448246956,1.00983464717865,0.0,1.0,-0.006760746240615845,0.0,True
26,irregular,2026,128,0.0,autonomous,test,0.08,0.6,0.12,0.0001293861714657396,0.020018160343170166,1.0098025798797607,0.0,1.0,-0.014178752899169922,0.0,True
26,irregular,2026,128,0.0,autonomous,test,0.08,0.6,0.24,0.0001300664443988353,0.020070714876055717,1.0097098350524902,0.0,1.0,-0.02672290802001953,0.0,True
26,irregular,2026,128,0.0,autonomous,test,0.08,1.2,0.06,0.0005361631629057229,0.03120468184351921,1.0525251626968384,0.0,1.0,-0.006760746240615845,0.0,True
26,irregular,2026,128,0.0,autonomous,test,0.08,1.2,0.12,0.0005359793431125581,0.03119933232665062,1.0525025129318237,0.0,1.0,-0.014178752899169922,0.0,True
26,irregular,2026,128,0.0,autonomous,test,0.08,1.2,0.24,0.0005350204883143306,0.031171413138508797,1.0524038076400757,0.0,1.0,-0.031128227710723877,0.0,True
26,irregular,2026,128,0.0,autonomous,test,0.08,2.4,0.06,0.0015478730201721191,0.0447918102145195,1.0657323598861694,0.0,0.9156249761581421,0.0009281635284423828,3.416957406443544e-05,True
26,irregular,2026,128,0.0,autonomous,test,0.08,2.4,0.12,0.0015465370379388332,0.04477247968316078,1.065730333328247,0.0,0.918749988079071,0.0018526315689086914,6.729122105753049e-05,True
26,irregular,2026,128,0.0,autonomous,test,0.08,2.4,0.24,0.0015406048623844981,0.04468652978539467,1.06571364402771,0.0,0.918749988079071,0.003594636917114258,0.00012773126945830882,True
26,irregular,2026,128,0.0,autonomous,stress,0.005,0.6,0.06,0.0004556323401629925,0.028121154755353928,1.082188606262207,0.0,1.0,-0.030628204345703125,0.0,True
26,irregular,2026,128,0.0,autonomous,stress,0.005,0.6,0.12,0.0004553933977149427,0.028113778680562973,1.082218050956726,0.0,1.0,-0.06408005952835083,0.0,True
26,irregular,2026,128,0.0,autonomous,stress,0.005,0.6,0.24,0.0004549697623588145,0.028100699186325073,1.0823216438293457,0.0,1.0,-0.06407386064529419,0.0,True
26,irregular,2026,128,0.0,autonomous,stress,0.005,1.2,0.06,0.0012544833589345217,0.03997106850147247,1.0696837902069092,0.0,1.0,-0.006514549255371094,0.0,True
26,irregular,2026,128,0.0,autonomous,stress,0.005,1.2,0.12,0.001253581838682294,0.039956703782081604,1.0696953535079956,0.0,1.0,-0.014303207397460938,0.0,True
26,irregular,2026,128,0.0,autonomous,stress,0.005,1.2,0.24,0.0012490894878283143,0.03988504409790039,1.0697356462478638,0.0,1.0,-0.034438252449035645,0.0,True
26,irregular,2026,128,0.0,autonomous,stress,0.005,2.4,0.06,0.0021396297961473465,0.04766252264380455,1.0669889450073242,0.0,0.985156238079071,0.00014865398406982422,1.1664815247058868e-06,True
26,irregular,2026,128,0.0,autonomous,stress,0.005,2.4,0.12,0.0021388567984104156,0.04765390604734421,1.0669902563095093,0.0,0.9859374761581421,0.0002917051315307617,2.302043185409275e-06,True
26,irregular,2026,128,0.0,autonomous,stress,0.005,2.4,0.24,0.00213470752350986,0.0476076602935791,1.0669926404953003,0.0,0.987500011920929,0.0005333423614501953,4.019960670120781e-06,True
26,irregular,2026,128,0.0,autonomous,stress,0.02,0.6,0.06,0.00043451820965856314,0.027746111154556274,1.0796912908554077,0.0,1.0,-0.02426934242248535,0.0,True
26,irregular,2026,128,0.0,autonomous,stress,0.02,0.6,0.12,0.0004342242027632892,0.02773672342300415,1.0797157287597656,0.0,1.0,-0.0531010627746582,0.0,True
26,irregular,2026,128,0.0,autonomous,stress,0.02,0.6,0.24,0.00043371401261538267,0.02772042341530323,1.0798007249832153,0.0,1.0,-0.05312550067901611,0.0,True
26,irregular,2026,128,0.0,autonomous,stress,0.02,1.2,0.06,0.0011794272577390075,0.03951835632324219,1.068756341934204,0.0,1.0,-0.002340555191040039,0.0,True
26,irregular,2026,128,0.0,autonomous,stress,0.02,1.2,0.12,0.0011782570509240031,0.039498746395111084,1.068765640258789,0.0,1.0,-0.005528450012207031,0.0,True
26,irregular,2026,128,0.0,autonomous,stress,0.02,1.2,0.24,0.0011731183622032404,0.039412520825862885,1.068793535232544,0.0,1.0,-0.015285134315490723,0.0,True
26,irregular,2026,128,0.0,autonomous,stress,0.02,2.4,0.06,0.002013842575252056,0.04778292030096054,1.066922903060913,0.0,0.84765625,0.0005615949630737305,4.3525640649022534e-05,True
26,irregular,2026,128,0.0,autonomous,stress,0.02,2.4,0.12,0.002012724056839943,0.04776965081691742,1.0669240951538086,0.0,0.8500000238418579,0.0011216402053833008,8.632000390207395e-05,True
26,irregular,2026,128,0.0,autonomous,stress,0.02,2.4,0.24,0.0020077372901141644,0.04771043360233307,1.0669254064559937,0.0,0.8500000238418579,0.002122163772583008,0.00015877858095336705,True
26,irregular,2026,128,0.0,autonomous,stress,0.08,0.6,0.06,0.0003748265444301069,0.026715166866779327,1.0714823007583618,0.0,1.0,-0.012556195259094238,0.0,True
26,irregular,2026,128,0.0,autonomous,stress,0.08,0.6,0.12,0.0003745396970771253,0.0267049428075552,1.07149338722229,0.0,1.0,-0.02877938747406006,0.0,True
26,irregular,2026,128,0.0,autonomous,stress,0.08,0.6,0.24,0.00037391879595816135,0.026682795956730843,1.0715291500091553,0.0,1.0,-0.028806328773498535,0.0,True
26,irregular,2026,128,0.0,autonomous,stress,0.08,1.2,0.06,0.0010150950402021408,0.038703553378582,1.065482258796692,0.0,0.996874988079071,0.0002554655075073242,4.1052697952181916e-07,True
26,irregular,2026,128,0.0,autonomous,stress,0.08,1.2,0.12,0.001013837056234479,0.038679562509059906,1.0654826164245605,0.0,0.996874988079071,0.0002593994140625,8.1062319168268e-07,True
26,irregular,2026,128,0.0,autonomous,stress,0.08,1.2,0.24,0.0010083150118589401,0.03857408091425896,1.0654765367507935,0.0,1.0,-0.0009701251983642578,0.0,True
26,irregular,2026,128,0.0,autonomous,stress,0.08,2.4,0.06,0.0017651021480560303,0.04765066131949425,1.0665082931518555,0.0,0.733593761920929,0.0007328987121582031,0.00010038325854111463,True
26,irregular,2026,128,0.0,autonomous,stress,0.08,2.4,0.12,0.0017636039992794394,0.0476304367184639,1.0665092468261719,0.0,0.7359374761581421,0.0014554262161254883,0.00019947494729422033,True
26,irregular,2026,128,0.0,autonomous,stress,0.08,2.4,0.24,0.0017569126794114709,0.04753999039530754,1.0665029287338257,0.0,0.7437499761581421,0.0027159452438354492,0.000383799517294392,True
27,irregular,2026,128,0.0,query,test,0.005,0.6,0.06,0.0002270817058160901,0.025451265275478363,1.027414321899414,0.0,1.0,-0.01588687300682068,0.0,True
27,irregular,2026,128,0.0,query,test,0.005,0.6,0.12,0.00022589218860957772,0.025384515523910522,1.0291060209274292,0.0,1.0,-0.03380697965621948,0.0,True
27,irregular,2026,128,0.0,query,test,0.005,0.6,0.24,0.00022812779934611171,0.025509819388389587,1.0306991338729858,0.0,1.0,-0.0730368122458458,0.0,True
27,irregular,2026,128,0.0,query,test,0.005,1.2,0.06,0.0010050234850496054,0.04012804850935936,1.0612494945526123,0.0,1.0,-0.01588687300682068,0.0,True
27,irregular,2026,128,0.0,query,test,0.005,1.2,0.12,0.0009823027066886425,0.03967186063528061,1.0633454322814941,0.0,1.0,-0.03380697965621948,0.0,True
27,irregular,2026,128,0.0,query,test,0.005,1.2,0.24,0.000952982110902667,0.039075300097465515,1.0664656162261963,0.0,1.0,-0.07605293393135071,0.0,True
27,irregular,2026,128,0.0,query,test,0.005,2.4,0.06,0.0026157682295888662,0.05353085324168205,1.0698368549346924,0.0,0.995312511920929,0.00033414363861083984,7.180497050285339e-07,True
27,irregular,2026,128,0.0,query,test,0.005,2.4,0.12,0.002536978106945753,0.05271848663687706,1.0720083713531494,0.0,0.996874988079071,0.0005587339401245117,1.0784715414047241e-06,True
27,irregular,2026,128,0.0,query,test,0.005,2.4,0.24,0.0024022310972213745,0.051299359649419785,1.0753213167190552,0.0,0.996874988079071,0.0004216432571411133,1.317635224040714e-06,True
27,irregular,2026,128,0.0,query,test,0.02,0.6,0.06,0.00021547204232774675,0.025017261505126953,1.0241310596466064,0.0,1.0,-0.013459980487823486,0.0,True
27,irregular,2026,128,0.0,query,test,0.02,0.6,0.12,0.0002142717712558806,0.024947484955191612,1.0258188247680664,0.0,1.0,-0.028458714485168457,0.0,True
27,irregular,2026,128,0.0,query,test,0.02,0.6,0.24,0.00021630468836519867,0.025065552443265915,1.0274056196212769,0.0,1.0,-0.056883737444877625,0.0,True
27,irregular,2026,128,0.0,query,test,0.02,1.2,0.06,0.0009340320830233395,0.03929712623357773,1.0598503351211548,0.0,1.0,-0.00818181037902832,0.0,True
27,irregular,2026,128,0.0,query,test,0.02,1.2,0.12,0.0009106938377954066,0.038803067058324814,1.061946988105774,0.0,1.0,-0.01799619197845459,0.0,True
27,irregular,2026,128,0.0,query,test,0.02,1.2,0.24,0.0008785167010501027,0.03811139613389969,1.065058708190918,0.0,1.0,-0.04374110698699951,0.0,True
27,irregular,2026,128,0.0,query,test,0.02,2.4,0.06,0.002447871956974268,0.053187329322099686,1.0697383880615234,0.0,0.9476562738418579,0.0010254383087158203,2.4326425773324445e-05,True
27,irregular,2026,128,0.0,query,test,0.02,2.4,0.12,0.0023683379404246807,0.05231613293290138,1.0719095468521118,0.0,0.949999988079071,0.0019425153732299805,4.554018232738599e-05,True
27,irregular,2026,128,0.0,query,test,0.02,2.4,0.24,0.002228532452136278,0.05074851214885712,1.075219988822937,0.0,0.953125,0.003796815872192383,7.058978371787816e-05,True
27,irregular,2026,128,0.0,query,test,0.08,0.6,0.06,0.00018218626792076975,0.023754069581627846,1.0123846530914307,0.0,1.0,-0.006740987300872803,0.0,True
27,irregular,2026,128,0.0,query,test,0.08,0.6,0.12,0.00018110618111677468,0.02368355169892311,1.0140607357025146,0.0,1.0,-0.014080166816711426,0.0,True
27,irregular,2026,128,0.0,query,test,0.08,0.6,0.24,0.00018293324683327228,0.02380271814763546,1.015627384185791,0.0,1.0,-0.026540517807006836,0.0,True
27,irregular,2026,128,0.0,query,test,0.08,1.2,0.06,0.0007755449041724205,0.03752966970205307,1.0557438135147095,0.0,1.0,-0.006740987300872803,0.0,True
27,irregular,2026,128,0.0,query,test,0.08,1.2,0.12,0.0007535101030953228,0.03699268400669098,1.057844877243042,0.0,1.0,-0.014080166816711426,0.0,True
27,irregular,2026,128,0.0,query,test,0.08,1.2,0.24,0.0007226229645311832,0.03622656688094139,1.0609362125396729,0.0,1.0,-0.030611902475357056,0.0,True
27,irregular,2026,128,0.0,query,test,0.08,2.4,0.06,0.002214206848293543,0.05357227101922035,1.069046139717102,0.0,0.895312488079071,0.001158595085144043,6.0324277001200244e-05,True
27,irregular,2026,128,0.0,query,test,0.08,2.4,0.12,0.0021264045499265194,0.052499350160360336,1.0712223052978516,0.0,0.895312488079071,0.0023709535598754883,0.0001140937238233164,True
27,irregular,2026,128,0.0,query,test,0.08,2.4,0.24,0.002004907000809908,0.050977449864149094,1.074529767036438,0.0,0.909375011920929,0.004663228988647461,0.000190080696484074,True
27,irregular,2026,128,0.0,query,stress,0.005,0.6,0.06,0.0006519464659504592,0.033638130873441696,1.0882880687713623,0.0,1.0,-0.030243635177612305,0.0,True
27,irregular,2026,128,0.0,query,stress,0.005,0.6,0.12,0.0006355459336191416,0.0332123301923275,1.0866103172302246,0.0,1.0,-0.0638648271560669,0.0,True
27,irregular,2026,128,0.0,query,stress,0.005,0.6,0.24,0.0006090353708714247,0.032512255012989044,1.088458776473999,0.0,1.0,-0.06431770324707031,0.0,True
27,irregular,2026,128,0.0,query,stress,0.005,1.2,0.06,0.0017430851003155112,0.04711645469069481,1.0728439092636108,0.0,1.0,-0.0060787200927734375,0.0,True
27,irregular,2026,128,0.0,query,stress,0.005,1.2,0.12,0.001711303018964827,0.04668493568897247,1.0749351978302002,0.0,1.0,-0.013474225997924805,0.0,True
27,irregular,2026,128,0.0,query,stress,0.005,1.2,0.24,0.0016341700684279203,0.04562069848179817,1.0781649351119995,0.0,1.0,-0.03318369388580322,0.0,True
27,irregular,2026,128,0.0,query,stress,0.005,2.4,0.06,0.002895910758525133,0.05544983595609665,1.0702877044677734,0.0,0.9710937738418579,0.0002976655960083008,4.742666988022393e-06,True
27,irregular,2026,128,0.0,query,stress,0.005,2.4,0.12,0.0028480077162384987,0.05498930811882019,1.0724563598632812,0.0,0.973437488079071,0.000518798828125,7.985904630913865e-06,True
27,irregular,2026,128,0.0,query,stress,0.005,2.4,0.24,0.002738647162914276,0.05392321199178696,1.0757737159729004,0.0,0.984375,0.000830531120300293,9.61199384619249e-06,True
27,irregular,2026,128,0.0,query,stress,0.02,0.6,0.06,0.0006232126033864915,0.03322892263531685,1.0875500440597534,0.0,1.0,-0.023911595344543457,0.0,True
27,irregular,2026,128,0.0,query,stress,0.02,0.6,0.12,0.0006067728390917182,0.03278772160410881,1.0852051973342896,0.0,1.0,-0.05257761478424072,0.0,True
27,irregular,2026,128,0.0,query,stress,0.02,0.6,0.24,0.000579978572204709,0.03205561265349388,1.0859408378601074,0.0,1.0,-0.05295205116271973,0.0,True
27,irregular,2026,128,0.0,query,stress,0.02,1.2,0.06,0.001643954194150865,0.04665606841444969,1.0719228982925415,0.0,1.0,-0.001889348030090332,0.0,True
27,irregular,2026,128,0.0,query,stress,0.02,1.2,0.12,0.0016109358984977007,0.04618515446782112,1.0740153789520264,0.0,1.0,-0.004669070243835449,0.0,True
27,irregular,2026,128,0.0,query,stress,0.02,1.2,0.24,0.0015305805718526244,0.04501853883266449,1.0772337913513184,0.0,1.0,-0.013994574546813965,0.0,True
27,irregular,2026,128,0.0,query,stress,0.02,2.4,0.06,0.0027413503266870975,0.05574966222047806,1.070223093032837,0.0,0.8179687261581421,0.0008711814880371094,7.41297408239916e-05,True
27,irregular,2026,128,0.0,query,stress,0.02,2.4,0.12,0.002690305933356285,0.05522818863391876,1.0723917484283447,0.0,0.8203125,0.0015980005264282227,0.00014159883721731603,True
27,irregular,2026,128,0.0,query,stress,0.02,2.4,0.24,0.002588547533378005,0.05417363718152046,1.0757094621658325,0.0,0.824999988079071,0.0026824474334716797,0.00024180300533771515,True
27,irregular,2026,128,0.0,query,stress,0.08,0.6,0.06,0.0005425852723419666,0.0321422815322876,1.0787408351898193,0.0,1.0,-0.012183308601379395,0.0,True
27,irregular,2026,128,0.0,query,stress,0.08,0.6,0.12,0.0005265934742055833,0.03166506811976433,1.0763754844665527,0.0,1.0,-0.028232216835021973,0.0,True
27,irregular,2026,128,0.0,query,stress,0.08,0.6,0.24,0.0005002847174182534,0.030863936990499496,1.0776705741882324,0.0,1.0,-0.028592467308044434,0.0,True
27,irregular,2026,128,0.0,query,stress,0.08,1.2,0.06,0.0014304479118436575,0.04594449698925018,1.0686640739440918,0.0,0.995312511920929,0.0006469488143920898,1.868046865638462e-06,True
27,irregular,2026,128,0.0,query,stress,0.08,1.2,0.12,0.0013974977191537619,0.045412253588438034,1.0707563161849976,0.0,0.996874988079071,0.0010085105895996094,3.1515955924987793e-06,True
27,irregular,2026,128,0.0,query,stress,0.08,1.2,0.24,0.0013205544091761112,0.0441444031894207,1.0739425420761108,0.0,0.9937499761581421,0.0001919269561767578,1.1995434761047363e-06,True
27,irregular,2026,128,0.0,query,stress,0.08,2.4,0.06,0.002411062829196453,0.055691417306661606,1.0698142051696777,0.0,0.7054687738418579,0.0011159181594848633,0.00015325755521189421,True
27,irregular,2026,128,0.0,query,stress,0.08,2.4,0.12,0.0023635379038751125,0.05513981357216835,1.071986436843872,0.0,0.706250011920929,0.0020328760147094727,0.0002960093261208385,True
27,irregular,2026,128,0.0,query,stress,0.08,2.4,0.24,0.0023053744807839394,0.054457131773233414,1.0752999782562256,0.0,0.71875,0.003752589225769043,0.0005276650190353394,True
28,irregular,2026,128,0.01,autonomous,test,0.005,0.6,0.06,0.0001345384807791561,0.01959032006561756,1.0214483737945557,0.0,1.0,-0.016034424304962158,0.0,True
28,irregular,2026,128,0.01,autonomous,test,0.005,0.6,0.12,0.0001346841745544225,0.019600924104452133,1.0214200019836426,0.0,1.0,-0.034222185611724854,0.0,True
28,irregular,2026,128,0.01,autonomous,test,0.005,0.6,0.24,0.00013542418309953064,0.01965470053255558,1.0213271379470825,0.0,1.0,-0.07422543317079544,0.0,True
28,irregular,2026,128,0.01,autonomous,test,0.005,1.2,0.06,0.0006012510857544839,0.031037582084536552,1.0537428855895996,0.0,1.0,-0.016034424304962158,0.0,True
28,irregular,2026,128,0.01,autonomous,test,0.005,1.2,0.12,0.000601258419919759,0.031037768349051476,1.053727626800537,0.0,1.0,-0.034222185611724854,0.0,True
28,irregular,2026,128,0.01,autonomous,test,0.005,1.2,0.24,0.0006008580094203353,0.031027432531118393,1.053653597831726,0.0,1.0,-0.0775977373123169,0.0,True
28,irregular,2026,128,0.01,autonomous,test,0.005,2.4,0.06,0.0016389288939535618,0.04237255081534386,1.0620348453521729,0.0,0.999218761920929,3.600120544433594e-05,2.8125942463930187e-08,True
28,irregular,2026,128,0.01,autonomous,test,0.005,2.4,0.12,0.0016379689332097769,0.04236014187335968,1.0620355606079102,0.0,1.0,-1.5735626220703125e-05,0.0,True
28,irregular,2026,128,0.01,autonomous,test,0.005,2.4,0.24,0.0016331174410879612,0.0422973595559597,1.062029242515564,0.0,1.0,-0.0005626678466796875,0.0,True
28,irregular,2026,128,0.01,autonomous,test,0.02,0.6,0.06,0.00012779328972101212,0.01926630176603794,1.018200397491455,0.0,1.0,-0.01359286904335022,0.0,True
28,irregular,2026,128,0.01,autonomous,test,0.02,0.6,0.12,0.00012792533379979432,0.019276252016425133,1.018170714378357,0.0,1.0,-0.028831541538238525,0.0,True
28,irregular,2026,128,0.01,autonomous,test,0.02,0.6,0.24,0.0001286109327338636,0.019327837973833084,1.01807701587677,0.0,1.0,-0.057827383279800415,0.0,True
28,irregular,2026,128,0.01,autonomous,test,0.02,1.2,0.06,0.0005601052544079721,0.03043089248239994,1.0523508787155151,0.0,1.0,-0.008801460266113281,0.0,True
28,irregular,2026,128,0.01,autonomous,test,0.02,1.2,0.12,0.000559946580324322,0.03042658232152462,1.052333116531372,0.0,1.0,-0.01911604404449463,0.0,True
28,irregular,2026,128,0.01,autonomous,test,0.02,1.2,0.24,0.000559077481739223,0.030402960255742073,1.0522520542144775,0.0,1.0,-0.045346736907958984,0.0,True
28,irregular,2026,128,0.01,autonomous,test,0.02,2.4,0.06,0.0015311979223042727,0.042065832763910294,1.061934471130371,0.0,0.965624988079071,0.0006307363510131836,9.220372703566682e-06,True
28,irregular,2026,128,0.01,autonomous,test,0.02,2.4,0.12,0.0015298777725547552,0.04204769805073738,1.0619338750839233,0.0,0.96875,0.0012186765670776367,1.7874688637675717e-05,True
28,irregular,2026,128,0.01,autonomous,test,0.02,2.4,0.24,0.0015241309301927686,0.04196864739060402,1.0619240999221802,0.0,0.965624988079071,0.0020638704299926758,3.2134725188370794e-05,True
28,irregular,2026,128,0.01,autonomous,test,0.08,0.6,0.06,0.00010815082350745797,0.01830185577273369,1.0065875053405762,0.0,1.0,-0.006819188594818115,0.0,True
28,irregular,2026,128,0.01,autonomous,test,0.08,0.6,0.12,0.00010826966172317043,0.018311908468604088,1.0065566301345825,0.0,1.0,-0.014304488897323608,0.0,True
28,irregular,2026,128,0.01,autonomous,test,0.08,0.6,0.24,0.00010883944923989475,0.01836002990603447,1.0064637660980225,0.0,1.0,-0.02700379490852356,0.0,True
28,irregular,2026,128,0.01,autonomous,test,0.08,1.2,0.06,0.00046400565770454705,0.029029056429862976,1.048275113105774,0.0,1.0,-0.006819188594818115,0.0,True
28,irregular,2026,128,0.01,autonomous,test,0.08,1.2,0.12,0.0004637725942302495,0.029021766036748886,1.0482534170150757,0.0,1.0,-0.014304488897323608,0.0,True
28,irregular,2026,128,0.01,autonomous,test,0.08,1.2,0.24,0.00046262721298262477,0.02898590639233589,1.0481561422348022,0.0,1.0,-0.031416743993759155,0.0,True
28,irregular,2026,128,0.01,autonomous,test,0.08,2.4,0.06,0.0013516528997570276,0.041856564581394196,1.0612399578094482,0.0,0.921875,0.000797271728515625,2.7865171432495117e-05,True
28,irregular,2026,128,0.01,autonomous,test,0.08,2.4,0.12,0.0013503232039511204,0.041835967451334,1.0612378120422363,0.0,0.925000011920929,0.0015769004821777344,5.499888357007876e-05,True
28,irregular,2026,128,0.01,autonomous,test,0.08,2.4,0.24,0.001344491494819522,0.04174553230404854,1.0612208843231201,0.0,0.921875,0.003095388412475586,0.00010214000940322876,True
28,irregular,2026,128,0.01,autonomous,stress,0.005,0.6,0.06,0.00039770553121343255,0.026272818446159363,1.0784960985183716,0.0,1.0,-0.030724525451660156,0.0,True
28,irregular,2026,128,0.01,autonomous,stress,0.005,0.6,0.12,0.00039746833499521017,0.026264982298016548,1.078527569770813,0.0,1.0,-0.06434643268585205,0.0,True
28,irregular,2026,128,0.01,autonomous,stress,0.005,0.6,0.24,0.00039701955392956734,0.026250150054693222,1.0786370038986206,0.0,1.0,-0.06434041261672974,0.0,True
28,irregular,2026,128,0.01,autonomous,stress,0.005,1.2,0.06,0.0010937864426523447,0.03732325881719589,1.0653505325317383,0.0,1.0,-0.0066242218017578125,0.0,True
28,irregular,2026,128,0.01,autonomous,stress,0.005,1.2,0.12,0.0010929133277386427,0.03730836138129234,1.0653620958328247,0.0,1.0,-0.01453256607055664,0.0,True
28,irregular,2026,128,0.01,autonomous,stress,0.005,1.2,0.24,0.0010885795345529914,0.037234317511320114,1.0654053688049316,0.0,1.0,-0.0349351167678833,0.0,True
28,irregular,2026,128,0.01,autonomous,stress,0.005,2.4,0.06,0.0018691483419388533,0.04454813897609711,1.0624955892562866,0.0,0.989062488079071,0.00010943412780761719,6.415881443899707e-07,True
28,irregular,2026,128,0.01,autonomous,stress,0.005,2.4,0.12,0.001868411898612976,0.04453936219215393,1.0624974966049194,0.0,0.989062488079071,0.00021529197692871094,1.223199092237337e-06,True
28,irregular,2026,128,0.01,autonomous,stress,0.005,2.4,0.24,0.0018644302617758512,0.044491879642009735,1.0625005960464478,0.0,0.9906250238418579,0.0003902912139892578,1.957640051841736e-06,True
28,irregular,2026,128,0.01,autonomous,stress,0.02,0.6,0.06,0.00038004491943866014,0.025948699563741684,1.0760114192962646,0.0,1.0,-0.02433490753173828,0.0,True
28,irregular,2026,128,0.01,autonomous,stress,0.02,0.6,0.12,0.0003797585377469659,0.02593892253935337,1.0760365724563599,0.0,1.0,-0.05320394039154053,0.0,True
28,irregular,2026,128,0.01,autonomous,stress,0.02,0.6,0.24,0.0003792326897382736,0.02592095546424389,1.0761274099349976,0.0,1.0,-0.05322909355163574,0.0,True
28,irregular,2026,128,0.01,autonomous,stress,0.02,1.2,0.06,0.0010316686239093542,0.03696012496948242,1.064426064491272,0.0,1.0,-0.0024633407592773438,0.0,True
28,irregular,2026,128,0.01,autonomous,stress,0.02,1.2,0.12,0.0010305482428520918,0.03694004938006401,1.0644350051879883,0.0,1.0,-0.005779385566711426,0.0,True
28,irregular,2026,128,0.01,autonomous,stress,0.02,1.2,0.24,0.0010256435489282012,0.03685203939676285,1.0644655227661133,0.0,1.0,-0.01580333709716797,0.0,True
28,irregular,2026,128,0.01,autonomous,stress,0.02,2.4,0.06,0.001758182654157281,0.044646963477134705,1.0624300241470337,0.0,0.856249988079071,0.0005044937133789062,3.5708209907170385e-05,True
28,irregular,2026,128,0.01,autonomous,stress,0.02,2.4,0.12,0.001757121062837541,0.04463348537683487,1.0624315738677979,0.0,0.8578125238418579,0.0010036230087280273,7.093902968335897e-05,True
28,irregular,2026,128,0.01,autonomous,stress,0.02,2.4,0.24,0.0017524169525131583,0.044573698192834854,1.0624332427978516,0.0,0.8656250238418579,0.0018652677536010742,0.00012941882596351206,True
28,irregular,2026,128,0.01,autonomous,stress,0.08,0.6,0.06,0.00032913623726926744,0.025034017860889435,1.0678420066833496,0.0,1.0,-0.012614727020263672,0.0,True
28,irregular,2026,128,0.01,autonomous,stress,0.08,0.6,0.12,0.0003288562875241041,0.02502336911857128,1.067854404449463,0.0,1.0,-0.028865456581115723,0.0,True
28,irregular,2026,128,0.01,autonomous,stress,0.08,0.6,0.24,0.00032823625952005386,0.024999769404530525,1.0678950548171997,0.0,1.0,-0.0288926362991333,0.0,True
28,irregular,2026,128,0.01,autonomous,stress,0.08,1.2,0.06,0.0008898577652871609,0.036237459629774094,1.0611636638641357,0.0,0.9984375238418579,0.00014209747314453125,2.220272961039882e-07,True
28,irregular,2026,128,0.01,autonomous,stress,0.08,1.2,0.12,0.0008886549039743841,0.03621296212077141,1.0611642599105835,0.0,0.996874988079071,2.6106834411621094e-05,8.158385611523045e-08,True
28,irregular,2026,128,0.01,autonomous,stress,0.08,1.2,0.24,0.0008834124309942126,0.036105986684560776,1.0611603260040283,0.0,1.0,-0.0014603137969970703,0.0,True
28,irregular,2026,128,0.01,autonomous,stress,0.08,2.4,0.06,0.0015311283059418201,0.04438025504350662,1.0620150566101074,0.0,0.7398437261581421,0.0006316900253295898,8.544083539163694e-05,True
28,irregular,2026,128,0.01,autonomous,stress,0.08,2.4,0.12,0.001529698958620429,0.04435953497886658,1.0620156526565552,0.0,0.7421875,0.001250624656677246,0.00016966908879112452,True
28,irregular,2026,128,0.01,autonomous,stress,0.08,2.4,0.24,0.0015233380254358053,0.044267211109399796,1.0620102882385254,0.0,0.75,0.0023374557495117188,0.00032848212867975235,True
29,irregular,2026,128,0.01,query,test,0.005,0.6,0.06,0.00018904106400441378,0.023221826180815697,1.0253877639770508,0.0,1.0,-0.015954047441482544,0.0,True
29,irregular,2026,128,0.01,query,test,0.005,0.6,0.12,0.00018725782865658402,0.023112040013074875,1.0259878635406494,0.0,1.0,-0.03399810194969177,0.0,True
29,irregular,2026,128,0.01,query,test,0.005,0.6,0.24,0.00018712814198806882,0.02310403622686863,1.0263222455978394,0.0,1.0,-0.07361476123332977,0.0,True
29,irregular,2026,128,0.01,query,test,0.005,1.2,0.06,0.0008443017723038793,0.036779750138521194,1.0584806203842163,0.0,1.0,-0.015954047441482544,0.0,True
29,irregular,2026,128,0.01,query,test,0.005,1.2,0.12,0.00082295952597633,0.03631191700696945,1.0592700242996216,0.0,1.0,-0.03399810194969177,0.0,True
29,irregular,2026,128,0.01,query,test,0.005,1.2,0.24,0.0007947718258947134,0.035684626549482346,1.0601308345794678,0.0,1.0,-0.07679183781147003,0.0,True
29,irregular,2026,128,0.01,query,test,0.005,2.4,0.06,0.002311794552952051,0.050324466079473495,1.0668480396270752,0.0,0.9976562261581421,0.00022745132446289062,3.3518298891976883e-07,True
29,irregular,2026,128,0.01,query,test,0.005,2.4,0.12,0.0021803895942866802,0.04887329414486885,1.067695140838623,0.0,0.9984375238418579,0.0003377199172973633,5.276873480397626e-07,True
29,irregular,2026,128,0.01,query,test,0.005,2.4,0.24,0.002048336900770664,0.04737020283937454,1.0687098503112793,0.0,1.0,-4.3392181396484375e-05,0.0,True
29,irregular,2026,128,0.01,query,test,0.02,0.6,0.06,0.00017951734480448067,0.022834815084934235,1.0221360921859741,0.0,1.0,-0.01352277398109436,0.0,True
29,irregular,2026,128,0.01,query,test,0.02,0.6,0.12,0.00017776654567569494,0.022723190486431122,1.0227317810058594,0.0,1.0,-0.028633207082748413,0.0,True
29,irregular,2026,128,0.01,query,test,0.02,0.6,0.24,0.00017760506307240576,0.022712867707014084,1.0230578184127808,0.0,1.0,-0.05734448879957199,0.0,True
29,irregular,2026,128,0.01,query,test,0.02,1.2,0.06,0.0007860391633585095,0.036049723625183105,1.0571016073226929,0.0,1.0,-0.008456826210021973,0.0,True
29,irregular,2026,128,0.01,query,test,0.02,1.2,0.12,0.0007650218321941793,0.03556450456380844,1.057887315750122,0.0,1.0,-0.018458843231201172,0.0,True
29,irregular,2026,128,0.01,query,test,0.02,1.2,0.24,0.000735994428396225,0.03488326445221901,1.0587328672409058,0.0,1.0,-0.04432189464569092,0.0,True
29,irregular,2026,128,0.01,query,test,0.02,2.4,0.06,0.0021203928627073765,0.04950191453099251,1.0667518377304077,0.0,0.9554687738418579,0.0008240938186645508,1.7011911040754057e-05,True
29,irregular,2026,128,0.01,query,test,0.02,2.4,0.12,0.0020220286678522825,0.04834009334445,1.0675971508026123,0.0,0.956250011920929,0.0016292333602905273,3.2289324735756963e-05,True
29,irregular,2026,128,0.01,query,test,0.02,2.4,0.24,0.001914536813274026,0.04703765735030174,1.0686078071594238,0.0,0.9593750238418579,0.0029702186584472656,5.26648000231944e-05,True
29,irregular,2026,128,0.01,query,test,0.08,0.6,0.06,0.0001519402430858463,0.021692849695682526,1.0105069875717163,0.0,1.0,-0.006787478923797607,0.0,True
29,irregular,2026,128,0.01,query,test,0.08,0.6,0.12,0.00015040375001262873,0.021582886576652527,1.0110880136489868,0.0,1.0,-0.014196783304214478,0.0,True
29,irregular,2026,128,0.01,query,test,0.08,0.6,0.24,0.0001504487736383453,0.021586118265986443,1.0113859176635742,0.0,1.0,-0.026768237352371216,0.0,True
29,irregular,2026,128,0.01,query,test,0.08,1.2,0.06,0.0006544918287545443,0.034476518630981445,1.0530556440353394,0.0,1.0,-0.006787478923797607,0.0,True
29,irregular,2026,128,0.01,query,test,0.08,1.2,0.12,0.0006352560012601316,0.033966097980737686,1.053833246231079,0.0,1.0,-0.014196783304214478,0.0,True
29,irregular,2026,128,0.01,query,test,0.08,1.2,0.24,0.0006085562636144459,0.03324463963508606,1.054640769958496,0.0,1.0,-0.030972152948379517,0.0,True
29,irregular,2026,128,0.01,query,test,0.08,2.4,0.06,0.0019068559631705284,0.04971528425812721,1.0660712718963623,0.0,0.9039062261581421,0.0010079145431518555,4.5096407120581716e-05,True
29,irregular,2026,128,0.01,query,test,0.08,2.4,0.12,0.0018125497736036777,0.04847032576799393,1.0669161081314087,0.0,0.90625,0.0020318031311035156,8.704718493390828e-05,True
29,irregular,2026,128,0.01,query,test,0.08,2.4,0.24,0.001706457231193781,0.04703040048480034,1.067916750907898,0.0,0.9156249761581421,0.00391387939453125,0.00015256367623806,True
29,irregular,2026,128,0.01,query,stress,0.005,0.6,0.06,0.0005427940050140023,0.030693285167217255,1.0828496217727661,0.0,1.0,-0.03044736385345459,0.0,True
29,irregular,2026,128,0.01,query,stress,0.005,0.6,0.12,0.0005349842831492424,0.0304716769605875,1.083021879196167,0.0,1.0,-0.06411266326904297,0.0,True
29,irregular,2026,128,0.01,query,stress,0.005,0.6,0.24,0.0005186351481825113,0.03000245802104473,1.083701491355896,0.0,1.0,-0.06428676843643188,0.0,True
29,irregular,2026,128,0.01,query,stress,0.005,1.2,0.06,0.001465649576857686,0.04320443794131279,1.069926142692566,0.0,1.0,-0.006302475929260254,0.0,True
29,irregular,2026,128,0.01,query,stress,0.005,1.2,0.12,0.0014456292847171426,0.04290834441781044,1.0707553625106812,0.0,1.0,-0.013902068138122559,0.0,True
29,irregular,2026,128,0.01,query,stress,0.005,1.2,0.24,0.001389711513184011,0.04207030311226845,1.0717978477478027,0.0,1.0,-0.03389894962310791,0.0,True
29,irregular,2026,128,0.01,query,stress,0.005,2.4,0.06,0.002469555474817753,0.051205553114414215,1.0672904253005981,0.0,0.9789062738418579,0.0001920461654663086,2.242065875179833e-06,True
29,irregular,2026,128,0.01,query,stress,0.005,2.4,0.12,0.0024188102688640356,0.050676729530096054,1.0681397914886475,0.0,0.979687511920929,0.0003706216812133789,4.167482074990403e-06,True
29,irregular,2026,128,0.01,query,stress,0.005,2.4,0.24,0.0023365262895822525,0.04980730265378952,1.0691661834716797,0.0,0.984375,0.0006403923034667969,6.3072889133763965e-06,True
29,irregular,2026,128,0.01,query,stress,0.02,0.6,0.06,0.0005190221127122641,0.03032432124018669,1.08211350440979,0.0,1.0,-0.024086713790893555,0.0,True
29,irregular,2026,128,0.01,query,stress,0.02,0.6,0.12,0.0005112431827001274,0.03009621798992157,1.081106424331665,0.0,1.0,-0.05282485485076904,0.0,True
29,irregular,2026,128,0.01,query,stress,0.02,0.6,0.24,0.000494830368552357,0.02960917539894581,1.0811951160430908,0.0,1.0,-0.05307304859161377,0.0,True
29,irregular,2026,128,0.01,query,stress,0.02,1.2,0.06,0.0013830786338075995,0.04279438033699989,1.0690157413482666,0.0,1.0,-0.0021260976791381836,0.0,True
29,irregular,2026,128,0.01,query,stress,0.02,1.2,0.12,0.0013631604379042983,0.04248511418700218,1.069843053817749,0.0,1.0,-0.00511932373046875,0.0,True
29,irregular,2026,128,0.01,query,stress,0.02,1.2,0.24,0.0013059123884886503,0.041583430022001266,1.0708673000335693,0.0,1.0,-0.014722943305969238,0.0,True
29,irregular,2026,128,0.01,query,stress,0.02,2.4,0.06,0.0023306107614189386,0.05140375345945358,1.0672262907028198,0.0,0.835156261920929,0.0006960630416870117,5.62130480830092e-05,True
29,irregular,2026,128,0.01,query,stress,0.02,2.4,0.12,0.0022816883865743876,0.05086137354373932,1.0680749416351318,0.0,0.8359375,0.0013320446014404297,0.00010822546028066427,True
29,irregular,2026,128,0.01,query,stress,0.02,2.4,0.24,0.002206571865826845,0.050017159432172775,1.0691020488739014,0.0,0.828125,0.002385258674621582,0.00018969290249515325,True
29,irregular,2026,128,0.01,query,stress,0.08,0.6,0.06,0.0004516307089943439,0.029324758797883987,1.0733243227005005,0.0,1.0,-0.012354850769042969,0.0,True
29,irregular,2026,128,0.01,query,stress,0.08,0.6,0.12,0.00044425277155824006,0.02908424474298954,1.0723835229873657,0.0,1.0,-0.028466343879699707,0.0,True
29,irregular,2026,128,0.01,query,stress,0.08,0.6,0.24,0.0004283970920369029,0.028560511767864227,1.0729682445526123,0.0,1.0,-0.028702616691589355,0.0,True
29,irregular,2026,128,0.01,query,stress,0.08,1.2,0.06,0.0012000416172668338,0.04208192601799965,1.0657957792282104,0.0,0.996874988079071,0.0004342794418334961,9.993091225624084e-07,True
29,irregular,2026,128,0.01,query,stress,0.08,1.2,0.12,0.0011822170345112681,0.04176823049783707,1.06661057472229,0.0,0.996874988079071,0.0006022453308105469,1.882016704257694e-06,True
29,irregular,2026,128,0.01,query,stress,0.08,1.2,0.24,0.001129187410697341,0.04082070291042328,1.06758451461792,0.0,1.0,-0.00047767162322998047,0.0,True
29,irregular,2026,128,0.01,query,stress,0.08,2.4,0.06,0.0020531686022877693,0.0513920933008194,1.06682550907135,0.0,0.71875,0.0008853673934936523,0.00012259236245881766,True
29,irregular,2026,128,0.01,query,stress,0.08,2.4,0.12,0.0020086239092051983,0.050831545144319534,1.067672848701477,0.0,0.723437488079071,0.0016887187957763672,0.00023976154625415802,True
29,irregular,2026,128,0.01,query,stress,0.08,2.4,0.24,0.0019385714549571276,0.049937281757593155,1.0686895847320557,0.0,0.731249988079071,0.0030668973922729492,0.00043734125210903585,True
30,forced,2026,128,0.0,autonomous,test,0.02,0.6,0.06,0.013794897124171257,0.19587306678295135,1.0212078094482422,0.0,1.0,-0.013140767812728882,0.0,False
30,forced,2026,128,0.0,autonomous,test,0.02,0.6,0.12,0.013795377686619759,0.19587647914886475,1.0211760997772217,0.0,1.0,-0.02788621187210083,0.0,False
30,forced,2026,128,0.0,autonomous,test,0.02,0.6,0.24,0.01379745826125145,0.19589126110076904,1.0210869312286377,0.0,1.0,-0.05746433883905411,0.0,False
30,forced,2026,128,0.0,autonomous,test,0.02,1.2,0.06,0.016533810645341873,0.16480261087417603,1.0762134790420532,0.0,1.0,-0.008250594139099121,0.0,False
30,forced,2026,128,0.0,autonomous,test,0.02,1.2,0.12,0.01653304696083069,0.1647988110780716,1.076190710067749,0.0,1.0,-0.018082499504089355,0.0,False
30,forced,2026,128,0.0,autonomous,test,0.02,1.2,0.24,0.016529809683561325,0.16478267312049866,1.0760833024978638,0.0,1.0,-0.04364883899688721,0.0,False
30,forced,2026,128,0.0,autonomous,test,0.02,2.4,0.06,0.08170148730278015,0.30448460578918457,1.0909712314605713,0.0,0.956250011920929,0.0014504194259643555,2.3481063180952333e-05,False
30,forced,2026,128,0.0,autonomous,test,0.02,2.4,0.12,0.08169244974851608,0.3044677674770355,1.0909693241119385,0.0,0.9546874761581421,0.0028952360153198242,4.680697020376101e-05,False
30,forced,2026,128,0.0,autonomous,test,0.02,2.4,0.24,0.0816565677523613,0.30440089106559753,1.0909572839736938,0.0,0.956250011920929,0.00549769401550293,8.042789704632014e-05,False
30,forced,2026,128,0.0,autonomous,stress,0.02,0.6,0.06,0.008067316375672817,0.1193699985742569,1.1078667640686035,0.0,1.0,-0.023795723915100098,0.0,False
30,forced,2026,128,0.0,autonomous,stress,0.02,0.6,0.12,0.008067035116255283,0.11936791241168976,1.1079002618789673,0.0,1.0,-0.052225589752197266,0.0,False
30,forced,2026,128,0.0,autonomous,stress,0.02,0.6,0.24,0.008066637441515923,0.11936497688293457,1.1080191135406494,0.0,1.0,-0.05224490165710449,0.0,False
30,forced,2026,128,0.0,autonomous,stress,0.02,1.2,0.06,0.008267724886536598,0.10477332025766373,1.0941988229751587,0.0,1.0,-0.001957535743713379,0.0,False
30,forced,2026,128,0.0,autonomous,stress,0.02,1.2,0.12,0.008265949785709381,0.10476206988096237,1.0942087173461914,0.0,1.0,-0.004724621772766113,0.0,False
30,forced,2026,128,0.0,autonomous,stress,0.02,1.2,0.24,0.00825839675962925,0.10471419245004654,1.094250202178955,0.0,1.0,-0.013524413108825684,0.0,False
30,forced,2026,128,0.0,autonomous,stress,0.02,2.4,0.06,0.03538024425506592,0.19913750886917114,1.0916365385055542,0.0,0.8382812738418579,0.0014094114303588867,7.299044955288991e-05,False
30,forced,2026,128,0.0,autonomous,stress,0.02,2.4,0.12,0.03537663444876671,0.19912736117839813,1.0916391611099243,0.0,0.8421875238418579,0.00279998779296875,0.00014505423314403743,False
30,forced,2026,128,0.0,autonomous,stress,0.02,2.4,0.24,0.0353606641292572,0.1990824043750763,1.0916424989700317,0.0,0.846875011920929,0.005372285842895508,0.00028392262174747884,False
31,forced,2026,128,0.0,query,test,0.02,0.6,0.06,0.011814376339316368,0.18126791715621948,1.0339163541793823,0.0,1.0,-0.013743072748184204,0.0,False
31,forced,2026,128,0.0,query,test,0.02,0.6,0.12,0.012494277209043503,0.1864108145236969,1.016083836555481,0.0,1.0,-0.029210299253463745,0.0,False
31,forced,2026,128,0.0,query,test,0.02,0.6,0.24,0.014524361118674278,0.20098517835140228,1.0126595497131348,0.0,1.0,-0.059979088604450226,0.0,False
31,forced,2026,128,0.0,query,test,0.02,1.2,0.06,0.010038834065198898,0.1284160315990448,1.0702109336853027,0.0,1.0,-0.00797426700592041,0.0,False
31,forced,2026,128,0.0,query,test,0.02,1.2,0.12,0.012536203488707542,0.14350289106369019,1.0595643520355225,0.0,1.0,-0.017883658409118652,0.0,False
31,forced,2026,128,0.0,query,test,0.02,1.2,0.24,0.019472505897283554,0.17884983122348785,1.0681427717208862,0.0,1.0,-0.04823625087738037,0.0,False
31,forced,2026,128,0.0,query,test,0.02,2.4,0.06,0.04997982457280159,0.23814843595027924,1.0795003175735474,0.0,0.928906261920929,0.0012590885162353516,4.066219480591826e-05,False
31,forced,2026,128,0.0,query,test,0.02,2.4,0.12,0.06416201591491699,0.2698294520378113,1.0738098621368408,0.0,0.9453125,0.00228273868560791,5.3801013564225286e-05,False
31,forced,2026,128,0.0,query,test,0.02,2.4,0.24,0.09300927817821503,0.3248729109764099,1.0827618837356567,0.0,0.984375,0.002202272415161133,1.4552101674780715e-05,False
31,forced,2026,128,0.0,query,stress,0.02,0.6,0.06,0.008497344329953194,0.12251019477844238,1.0897367000579834,0.0,1.0,-0.0236513614654541,0.0,False
31,forced,2026,128,0.0,query,stress,0.02,0.6,0.12,0.00806606188416481,0.11936071515083313,1.0941104888916016,0.0,1.0,-0.05260205268859863,0.0,False
31,forced,2026,128,0.0,query,stress,0.02,0.6,0.24,0.008017223328351974,0.11899881064891815,1.0988837480545044,0.0,1.0,-0.05693340301513672,0.0,False
31,forced,2026,128,0.0,query,stress,0.02,1.2,0.06,0.006531922146677971,0.09312755614519119,1.0811131000518799,0.0,1.0,-0.0014210939407348633,0.0,False
31,forced,2026,128,0.0,query,stress,0.02,1.2,0.12,0.006847337819635868,0.09534953534603119,1.0778021812438965,0.0,1.0,-0.0044509172439575195,0.0,False
31,forced,2026,128,0.0,query,stress,0.02,1.2,0.24,0.008649442344903946,0.10716469585895538,1.086410403251648,0.0,1.0,-0.01820504665374756,0.0,False
31,forced,2026,128,0.0,query,stress,0.02,2.4,0.06,0.024537542834877968,0.16583958268165588,1.0798859596252441,0.0,0.7875000238418579,0.0009253025054931641,0.00010523395758355036,False
31,forced,2026,128,0.0,query,stress,0.02,2.4,0.12,0.02856680005788803,0.1789383590221405,1.0745315551757812,0.0,0.8203125,0.001984119415283203,0.00015251598961185664,False
31,forced,2026,128,0.0,query,stress,0.02,2.4,0.24,0.03857998549938202,0.2079474925994873,1.0834704637527466,0.0,0.934374988079071,0.0038771629333496094,8.009672455955297e-05,False
32,forced,2026,128,0.0,clock,test,0.02,0.6,0.06,0.0001994994527194649,0.023555176332592964,1.0345911979675293,0.0,1.0,-0.01410973072052002,0.0,False
32,forced,2026,128,0.0,clock,test,0.02,0.6,0.12,0.00019969840650446713,0.023566918447613716,1.0345253944396973,0.0,1.0,-0.03193005919456482,0.0,False
32,forced,2026,128,0.0,clock,test,0.02,0.6,0.24,0.00020063371630385518,0.023622043430805206,1.034486174583435,0.0,1.0,-0.05362454429268837,0.0,False
32,forced,2026,128,0.0,clock,test,0.02,1.2,0.06,0.000923133222386241,0.038941241800785065,1.0606982707977295,0.0,1.0,-0.0101701021194458,0.0,False
32,forced,2026,128,0.0,clock,test,0.02,1.2,0.12,0.0009228341514244676,0.03893493488430977,1.060592770576477,0.0,1.0,-0.02214503288269043,0.0,False
32,forced,2026,128,0.0,clock,test,0.02,1.2,0.24,0.0009213375160470605,0.03890334814786911,1.0601351261138916,0.0,1.0,-0.049418091773986816,0.0,False
32,forced,2026,128,0.0,clock,test,0.02,2.4,0.06,0.002208919730037451,0.05006570369005203,1.098804235458374,0.0,0.9140625,0.010049700736999512,0.0002889501047320664,False
32,forced,2026,128,0.0,clock,test,0.02,2.4,0.12,0.0022070466075092554,0.0500444732606411,1.0988277196884155,0.0,0.9125000238418579,0.01716017723083496,0.0005559120327234268,False
32,forced,2026,128,0.0,clock,test,0.02,2.4,0.24,0.002198736649006605,0.049950167536735535,1.0989333391189575,0.0,0.9156249761581421,0.03379404544830322,0.0010009531397372484,False
32,forced,2026,128,0.0,clock,stress,0.02,0.6,0.06,0.0005372898303903639,0.030805975198745728,1.1071580648422241,0.0,1.0,-0.02438986301422119,0.0,False
32,forced,2026,128,0.0,clock,stress,0.02,0.6,0.12,0.0005365850520320237,0.030785763636231422,1.1071549654006958,0.0,1.0,-0.05401933193206787,0.0,False
32,forced,2026,128,0.0,clock,stress,0.02,0.6,0.24,0.000534793536644429,0.03073432855308056,1.1073048114776611,0.0,1.0,-0.05404996871948242,0.0,False
32,forced,2026,128,0.0,clock,stress,0.02,1.2,0.06,0.001662620110437274,0.046984460204839706,1.0741243362426758,0.0,1.0,-0.0014142990112304688,0.0,False
32,forced,2026,128,0.0,clock,stress,0.02,1.2,0.12,0.0016602257965132594,0.04695061594247818,1.0740454196929932,0.0,1.0,-0.00615239143371582,0.0,False
32,forced,2026,128,0.0,clock,stress,0.02,1.2,0.24,0.0016500918427482247,0.04680710285902023,1.0736949443817139,0.0,1.0,-0.018752336502075195,0.0,False
32,forced,2026,128,0.0,clock,stress,0.02,2.4,0.06,0.002608322771266103,0.05406962335109711,1.0994186401367188,0.0,0.832812488079071,0.0088731050491333,0.0005403214017860591,False
32,forced,2026,128,0.0,clock,stress,0.02,2.4,0.12,0.0026050852611660957,0.05403605103492737,1.0994465351104736,0.0,0.8421875238418579,0.014749288558959961,0.0010348374489694834,False
32,forced,2026,128,0.0,clock,stress,0.02,2.4,0.24,0.0025909882970154285,0.05388965085148811,1.0995659828186035,0.0,0.84375,0.02925872802734375,0.0019090328132733703,False
